Sales,Quantity,Discount,Profit,Sales_log,Sales_sqrt,Quantity_sqrt,Discount_sqrt,Ship Mode_Same Day,Ship Mode_Second Class,Ship Mode_Standard Class
261.96,2,0.0,41.9136,5.572002,16.185179,1.4142135,0.0,False,True,False
731.94,3,0.0,219.582,6.597064,27.05439,1.7320508,0.0,False,True,False
14.62,2,0.0,6.8714,2.748552,3.8236108,1.4142135,0.0,False,True,False
957.5775,5,0.45,-383.031,6.8654504,30.94475,2.236068,0.6708204,False,False,True
22.368,2,0.2,2.5164,3.1513677,4.729482,1.4142135,0.4472136,False,False,True
48.86,7,0.0,14.1694,3.909219,6.9899926,2.6457512,0.0,False,False,True
7.28,4,0.0,1.9656,2.113843,2.6981475,2.0,0.0,False,False,True
907.152,6,0.2,90.7152,6.811412,30.118963,2.4494898,0.4472136,False,False,True
18.504,3,0.2,5.7825,2.9706197,4.3016276,1.7320508,0.4472136,False,False,True
114.9,5,0.0,34.47,4.752728,10.719142,2.236068,0.0,False,False,True
1706.184,9,0.2,85.3092,7.4426007,41.30598,3.0,0.4472136,False,False,True
911.424,4,0.2,68.3568,6.816105,30.1898,2.0,0.4472136,False,False,True
15.552,3,0.2,5.4432,2.8065069,3.9436023,1.7320508,0.4472136,False,False,True
407.976,3,0.2,132.5922,6.0136566,20.198416,1.7320508,0.4472136,False,False,True
68.81,5,0.8,-123.858,4.245777,8.295179,2.236068,0.8944272,False,False,True
2.544,3,0.8,-3.816,1.265256,1.5949922,1.7320508,0.8944272,False,False,True
665.88,6,0.0,13.3176,6.50261,25.804651,2.4494898,0.0,False,False,True
55.5,2,0.0,9.99,4.0342407,7.4498324,1.4142135,0.0,False,True,False
8.56,2,0.0,2.4824,2.2575877,2.9257479,1.4142135,0.0,False,True,False
213.48,3,0.2,16.011,5.3682165,14.610955,1.7320508,0.4472136,False,True,False
22.72,4,0.2,7.384,3.1663187,4.76655,2.0,0.4472136,False,True,False
19.46,7,0.0,5.0596,3.0184717,4.411349,2.6457512,0.0,False,False,True
60.34,7,0.0,15.6884,4.116432,7.767883,2.6457512,0.0,False,False,True
71.372,2,0.3,-1.0196,4.2818193,8.448195,1.4142135,0.5477226,False,True,False
1044.63,3,0.0,240.2649,6.952375,32.320736,1.7320508,0.0,False,False,True
11.648,2,0.2,4.2224,2.5374992,3.4129167,1.4142135,0.4472136,False,True,False
90.57,3,0.0,11.7741,4.5171037,9.516828,1.7320508,0.0,False,True,False
3083.43,7,0.5,-1665.0522,8.034122,55.52864,2.6457512,0.70710677,False,False,True
9.618,2,0.7,-7.0532,2.3625507,3.10129,1.4142135,0.83666,False,False,True
124.2,3,0.2,15.525,4.8299127,11.1445055,1.7320508,0.4472136,False,False,True
3.264,2,0.2,1.1016,1.4502077,1.8066543,1.4142135,0.4472136,False,False,True
86.304,6,0.2,9.7092,4.469396,9.289994,2.4494898,0.4472136,False,False,True
6.858,6,0.7,-5.715,2.061532,2.6187782,2.4494898,0.83666,False,False,True
15.76,2,0.2,3.546,2.818995,3.9698865,1.4142135,0.4472136,False,False,True
29.472,3,0.2,9.9468,3.4168081,5.428812,1.7320508,0.4472136,False,True,False
1097.544,7,0.2,123.4737,7.001741,33.1292,2.6457512,0.4472136,False,False,False
190.92,5,0.6,-147.963,5.2570786,13.81738,2.236068,0.7745967,False,False,False
113.328,9,0.2,35.415,4.7390714,10.645562,3.0,0.4472136,False,False,True
532.3992,3,0.32,-46.9764,6.27927,23.073778,1.7320508,0.56568545,False,False,True
212.058,3,0.3,-15.147,5.3615646,14.562211,1.7320508,0.5477226,False,False,True
371.168,4,0.2,41.7564,5.9193454,19.26572,2.0,0.4472136,False,False,True
147.168,4,0.2,16.5564,4.998347,12.131282,2.0,0.4472136,False,False,True
77.88,2,0.0,3.894,4.3679276,8.824965,1.4142135,0.0,False,False,True
95.616,2,0.2,9.5616,4.5707445,9.778343,1.4142135,0.4472136,False,False,True
45.98,2,0.0,19.7714,3.849722,6.780855,1.4142135,0.0,False,False,False
17.46,2,0.0,8.2062,2.9156063,4.1785164,1.4142135,0.0,False,False,False
211.96,4,0.0,8.4784,5.3611045,14.558846,2.0,0.0,False,True,False
45.0,3,0.0,4.95,3.8286414,6.708204,1.7320508,0.0,False,False,True
21.8,2,0.0,6.104,3.1267605,4.669047,1.4142135,0.0,False,False,True
38.22,6,0.0,17.9634,3.6691868,6.1822324,2.4494898,0.0,False,False,True
75.18,6,0.0,35.3346,4.333099,8.67064,2.4494898,0.0,False,False,True
6.16,2,0.0,2.9568,1.96851,2.4819348,1.4142135,0.0,False,False,True
89.99,1,0.0,17.0981,4.51075,9.486306,1.0,0.0,False,False,True
15.26,7,0.0,6.2566,2.7887082,3.906405,2.6457512,0.0,False,False,True
1029.95,5,0.0,298.6855,6.9382358,32.092834,2.236068,0.0,False,False,True
208.56,6,0.0,52.14,5.3450103,14.4416065,2.4494898,0.0,False,False,False
32.4,5,0.0,15.552,3.508556,5.6920996,2.236068,0.0,False,False,False
319.41,5,0.1,7.098,5.7696013,17.872046,2.236068,0.31622776,False,False,False
14.56,2,0.0,6.9888,2.7447035,3.8157568,1.4142135,0.0,False,False,False
30.0,2,0.0,3.3,3.4339871,5.477226,1.4142135,0.0,False,False,False
48.48,4,0.2,16.362,3.9015687,6.962758,2.0,0.4472136,False,False,False
1.68,1,0.0,0.84,0.9858168,1.2961482,1.0,0.0,False,False,False
13.98,2,0.0,6.1512,2.706716,3.7389839,1.4142135,0.0,False,False,True
25.824,6,0.2,9.3612,3.289297,5.081732,2.4494898,0.4472136,False,False,True
146.73,3,0.0,68.9631,4.995386,12.113215,1.7320508,0.0,False,False,True
79.76,4,0.0,22.3328,4.391482,8.930845,2.0,0.0,False,False,True
213.115,5,0.3,-15.2225,5.3665133,14.598459,2.236068,0.5477226,False,False,True
1113.024,8,0.2,111.3024,7.015734,33.362015,2.828427,0.4472136,False,False,True
167.968,4,0.2,62.988,5.1297092,12.960247,2.0,0.4472136,False,False,True
75.88,2,0.0,35.6636,4.3422456,8.710913,1.4142135,0.0,False,False,False
4.616,1,0.2,1.731,1.7256197,2.1484878,1.0,0.4472136,False,False,True
19.05,3,0.0,8.763,2.9982293,4.3646307,1.7320508,0.0,False,True,False
831.936,8,0.2,-114.3912,6.724957,28.8433,2.828427,0.4472136,False,False,True
97.04,2,0.2,1.213,4.585376,9.850888,1.4142135,0.4472136,False,False,True
72.784,1,0.2,-18.196,4.3011417,8.531354,1.0,0.4472136,False,False,True
1.248,3,0.8,-1.9344,0.81004095,1.1171392,1.7320508,0.8944272,False,False,False
9.708,3,0.6,-5.8248,2.3709912,3.1157663,1.7320508,0.7745967,False,False,False
27.24,3,0.2,2.724,3.3407395,5.2191954,1.7320508,0.4472136,False,False,False
19.3,5,0.6,-14.475,3.0106208,4.3931766,2.236068,0.7745967,False,True,False
208.16,1,0.0,56.2032,5.3430996,14.427751,1.0,0.0,False,False,False
16.74,3,0.0,8.0352,2.875822,4.0914545,1.7320508,0.0,False,False,False
14.9,5,0.0,4.172,2.766319,3.8600519,2.236068,0.0,False,False,True
21.39,1,0.0,6.2031,3.1086144,4.6249323,1.0,0.0,False,False,True
200.984,7,0.2,62.8075,5.3081884,14.176883,2.6457512,0.4472136,False,False,True
230.376,3,0.2,-48.9549,5.444044,15.178143,1.7320508,0.4472136,False,False,False
301.96,2,0.0,33.2156,5.7136006,17.376997,1.4142135,0.0,False,True,False
19.99,1,0.0,6.7966,3.0440462,4.471018,1.0,0.0,False,False,True
6.16,2,0.0,2.9568,1.96851,2.4819348,1.4142135,0.0,False,False,True
158.368,7,0.2,13.8572,5.071216,12.5844345,2.6457512,0.4472136,False,True,False
20.1,3,0.0,6.633,3.049273,4.483302,1.7320508,0.0,False,False,True
73.584,2,0.2,8.2782,4.311926,8.578112,1.4142135,0.4472136,False,False,True
6.48,1,0.0,3.1104,2.0122328,2.5455844,1.0,0.0,False,False,True
12.96,2,0.0,6.2208,2.6361961,3.6,1.4142135,0.0,False,True,False
53.34,3,0.0,16.5354,3.9952607,7.303424,1.7320508,0.0,False,True,False
32.96,2,0.0,16.1504,3.5251834,5.74108,1.4142135,0.0,False,True,False
5.682,1,0.7,-3.788,1.8994174,2.3836946,1.0,0.83666,False,False,True
96.53,7,0.0,40.5426,4.58016,9.824968,2.6457512,0.0,False,True,False
51.312,3,0.2,17.9592,3.9572258,7.1632395,1.7320508,0.4472136,False,False,False
77.88,6,0.0,22.5852,4.3679276,8.824965,2.4494898,0.0,False,False,True
64.624,7,0.2,22.6184,4.1839414,8.038905,2.6457512,0.4472136,False,False,True
95.976,3,0.2,-10.7973,4.5744634,9.796734,1.7320508,0.4472136,False,False,True
1.788,3,0.8,-3.0396,1.0253245,1.3371612,1.7320508,0.8944272,False,False,True
23.92,4,0.0,11.7208,3.2156706,4.8908076,2.0,0.0,False,True,False
238.896,6,0.2,-26.8758,5.4802055,15.456261,2.4494898,0.4472136,False,False,True
102.36,3,0.2,-3.8385,4.638218,10.1173115,1.7320508,0.4472136,False,False,True
36.882,3,0.7,-25.8174,3.634476,6.0730553,1.7320508,0.83666,False,False,True
74.112,8,0.2,17.6016,4.31898,8.608832,2.828427,0.4472136,False,False,True
27.992,1,0.2,2.0994,3.36702,5.2907467,1.0,0.4472136,False,False,True
3.304,1,0.2,1.0738,1.4595448,1.8176908,1.0,0.4472136,False,False,True
339.96,5,0.2,67.992,5.831765,18.438004,2.236068,0.4472136,False,False,True
41.96,2,0.0,10.9096,3.7602694,6.477654,1.4142135,0.0,False,False,True
75.96,2,0.0,22.788,4.343286,8.715504,1.4142135,0.0,False,False,True
27.24,6,0.0,13.3476,3.3407395,5.2191954,2.4494898,0.0,False,False,True
40.096,14,0.2,14.5348,3.715911,6.3321404,3.7416575,0.4472136,False,True,False
4.72,2,0.2,1.652,1.7439688,2.1725562,1.4142135,0.4472136,False,True,False
23.976,3,0.2,7.4925,3.2179153,4.896529,1.7320508,0.4472136,False,True,False
130.464,6,0.2,44.0316,4.878733,11.422084,2.4494898,0.4472136,False,True,False
787.53,3,0.0,165.3813,6.6701703,28.062965,1.7320508,0.0,False,False,True
157.794,1,0.7,-115.7156,5.067608,12.561608,1.0,0.83666,False,False,True
47.04,3,0.0,18.3456,3.872034,6.858571,1.7320508,0.0,False,False,False
30.84,4,0.0,13.878,3.4607234,5.553377,2.0,0.0,False,False,False
226.56,6,0.0,63.4368,5.427414,15.05191,2.4494898,0.0,False,False,False
115.02,9,0.0,51.759,4.7537627,10.724738,3.0,0.0,False,False,False
68.04,7,0.0,19.7316,4.234686,8.248636,2.6457512,0.0,False,False,False
600.558,3,0.3,-8.5794,6.399523,24.506285,1.7320508,0.5477226,False,True,False
617.7,6,0.5,-407.682,6.4276204,24.85357,2.4494898,0.70710677,False,False,True
2.388,2,0.7,-1.8308,1.2202398,1.5453155,1.4142135,0.83666,False,False,True
243.992,7,0.2,30.499,5.5012255,15.620243,2.6457512,0.4472136,False,False,True
81.424,2,0.2,-9.1602,4.4118767,9.023525,1.4142135,0.4472136,False,True,False
238.56,3,0.0,26.2416,5.478804,15.445388,1.7320508,0.0,False,True,False
59.97,5,0.4,-11.994,4.110382,7.74403,2.236068,0.6324555,False,False,False
78.304,2,0.2,29.364,4.3732886,8.848955,1.4142135,0.4472136,False,False,False
21.456,9,0.2,6.9732,3.1115577,4.632062,3.0,0.4472136,False,False,False
20.04,3,0.0,9.6192,3.0464253,4.476606,1.7320508,0.0,False,False,True
35.44,1,0.0,16.6568,3.5956671,5.9531503,1.0,0.0,False,False,True
11.52,4,0.0,3.456,2.5273273,3.3941126,2.0,0.0,False,False,True
4.02,2,0.0,1.9698,1.6134299,2.0049937,1.4142135,0.0,False,False,True
76.176,3,0.2,26.6616,4.3460884,8.727886,1.7320508,0.4472136,False,False,True
65.88,6,0.0,18.4464,4.2029,8.11665,2.4494898,0.0,False,False,True
43.12,14,0.0,20.6976,3.7869132,6.566582,3.7416575,0.0,False,False,True
82.8,2,0.2,10.35,4.428433,9.09945,1.4142135,0.4472136,False,True,False
8.82,3,0.0,2.3814,2.2844212,2.9698484,1.7320508,0.0,False,False,True
10.86,3,0.0,5.1042,2.4731715,3.2954514,1.7320508,0.0,False,False,True
143.7,3,0.0,68.976,4.974663,11.9874935,1.7320508,0.0,False,False,True
839.43,3,0.0,218.2518,6.733914,28.972918,1.7320508,0.0,False,False,True
671.93,7,0.0,20.1579,6.5116415,25.921612,2.6457512,0.0,False,False,True
93.888,4,0.2,12.9096,4.552697,9.689582,2.0,0.4472136,False,False,True
384.45,11,0.0,103.8015,5.9544115,19.607397,3.3166249,0.0,False,False,True
149.97,3,0.0,5.9988,5.0170813,12.246223,1.7320508,0.0,False,False,True
1951.84,8,0.0,585.552,7.57704,44.179634,2.828427,0.0,False,False,True
171.55,5,0.0,80.6285,5.150687,13.09771,2.236068,0.0,False,False,True
157.92,5,0.2,17.766,5.068401,12.566623,2.236068,0.4472136,False,False,False
203.184,2,0.2,15.2388,5.3190217,14.254263,1.4142135,0.4472136,False,False,False
58.38,7,0.0,26.271,4.0839577,7.640681,2.6457512,0.0,False,False,False
105.52,4,0.0,48.5392,4.6683326,10.272293,2.0,0.0,False,False,False
80.88,6,0.0,21.0288,4.405255,8.993331,2.4494898,0.0,False,False,False
6.63,3,0.0,1.7901,2.0320878,2.5748787,1.7320508,0.0,False,False,True
457.568,2,0.2,51.4764,6.1281085,21.390839,1.4142135,0.4472136,False,True,False
14.62,2,0.0,6.8714,2.748552,3.8236108,1.4142135,0.0,False,False,True
944.93,7,0.0,236.2325,6.8521686,30.739714,2.6457512,0.0,False,False,True
5.98,1,0.0,2.691,1.943049,2.4454038,1.0,0.0,False,False,False
54.384,2,0.2,1.3596,4.014291,7.374551,1.4142135,0.4472136,False,True,False
28.4,5,0.0,13.348,3.3809946,5.329165,2.236068,0.0,False,False,True
27.68,2,0.2,9.688,3.3562,5.2611785,1.4142135,0.4472136,False,False,True
9.936,3,0.2,2.7324,2.39206,3.152142,1.7320508,0.4472136,False,False,True
8159.952,8,0.4,-1359.992,9.007116,90.33245,2.828427,0.6324555,False,False,True
275.928,3,0.2,-58.6347,5.6237574,16.61108,1.7320508,0.4472136,False,False,True
1740.06,9,0.3,-24.858,7.4622493,41.714027,3.0,0.5477226,False,False,True
32.064,6,0.2,6.8136,3.498445,5.6625085,2.4494898,0.4472136,False,False,True
177.98,5,0.8,-453.849,5.187274,13.340915,2.236068,0.8944272,False,False,True
143.976,3,0.2,8.9985,4.976568,11.999,1.7320508,0.4472136,False,False,True
20.94,3,0.0,9.8418,3.0883114,4.5760245,1.7320508,0.0,False,False,True
110.96,2,0.0,53.2608,4.7181416,10.533755,1.4142135,0.0,False,False,True
340.144,7,0.2,21.259,5.8323045,18.442993,2.6457512,0.4472136,False,False,True
52.448,2,0.8,-131.12,3.9787092,7.2420993,1.4142135,0.8944272,False,False,True
20.16,4,0.2,6.552,3.0521126,4.489989,2.0,0.4472136,False,False,True
97.264,4,0.8,-243.16,4.587658,9.862251,2.0,0.8944272,False,True,False
396.802,7,0.3,-11.3372,5.9859543,19.91989,2.6457512,0.5477226,False,True,False
15.88,5,0.2,-3.7715,2.8261294,3.9849718,2.236068,0.4472136,False,True,False
3.28,1,0.0,1.4104,1.453953,1.811077,1.0,0.0,False,False,True
24.816,2,0.2,1.8612,3.2509944,4.981566,1.4142135,0.4472136,False,True,False
408.744,7,0.2,76.6395,6.0155325,20.217419,2.6457512,0.4472136,False,True,False
503.96,4,0.0,131.0296,6.224479,22.449053,2.0,0.0,False,True,False
149.95,5,0.0,41.986,5.0169487,12.245407,2.236068,0.0,False,True,False
29.0,2,0.0,7.25,3.4011974,5.3851647,1.4142135,0.0,False,True,False
7.16,2,0.0,3.4368,2.099244,2.6758177,1.4142135,0.0,False,False,True
176.8,8,0.0,22.984,5.1806593,13.296617,2.828427,0.0,False,False,True
37.224,3,0.2,3.7224,3.6434636,6.1011477,1.7320508,0.4472136,False,False,True
20.016,3,0.2,6.255,3.045284,4.4739246,1.7320508,0.4472136,False,False,True
899.136,4,0.2,112.392,6.802546,29.985596,2.0,0.4472136,False,False,False
71.76,6,0.0,20.0928,4.287166,8.4711275,2.4494898,0.0,False,False,False
51.84,8,0.0,24.8832,3.9672685,7.2,2.828427,0.0,False,False,False
626.352,3,0.2,46.9764,6.441508,25.027025,1.7320508,0.4472136,False,False,False
19.9,5,0.0,6.567,3.0397491,4.460942,2.236068,0.0,False,False,False
14.28,7,0.0,6.7116,2.7265449,3.7788887,2.6457512,0.0,False,False,True
7.408,2,0.2,1.2038,2.1291835,2.721764,1.4142135,0.4472136,False,False,True
6.048,3,0.2,1.5876,1.9527439,2.459268,1.7320508,0.4472136,False,False,True
46.26,3,0.0,12.0276,3.8556643,6.8014703,1.7320508,0.0,False,False,True
2.946,2,0.7,-2.2586,1.3727024,1.7163916,1.4142135,0.83666,False,False,True
16.056,3,0.2,5.8203,2.836502,4.006994,1.7320508,0.4472136,False,False,True
21.744,3,0.2,6.795,3.1243014,4.6630464,1.7320508,0.4472136,False,False,True
218.75,2,0.5,-161.875,5.3924904,14.790199,1.4142135,0.70710677,False,False,False
2.6,1,0.2,0.2925,1.2809339,1.6124516,1.0,0.4472136,False,False,False
66.284,2,0.8,-178.9668,4.2089224,8.141499,1.4142135,0.8944272,False,True,False
35.168,7,0.2,9.6712,3.5881748,5.9302616,2.6457512,0.4472136,False,False,True
444.768,4,0.2,44.4768,6.0997987,21.089523,2.0,0.4472136,False,False,True
83.92,4,0.0,5.8744,4.4417095,9.160786,2.0,0.0,False,False,True
131.98,2,0.0,35.6346,4.8901987,11.488255,1.4142135,0.0,False,False,True
15.92,4,0.0,7.4824,2.8284965,3.9899874,2.0,0.0,False,False,True
52.29,9,0.0,16.2099,3.9757488,7.2311826,3.0,0.0,False,False,True
91.99,1,0.0,3.6796,4.532492,9.591142,1.0,0.0,False,False,True
20.8,2,0.2,6.5,3.08191,4.560702,1.4142135,0.4472136,False,True,False
23.68,2,0.2,8.88,3.2059932,4.86621,1.4142135,0.4472136,False,False,True
452.45,5,0.5,-244.323,6.116885,21.270872,2.236068,0.70710677,False,False,True
62.982,3,0.4,-14.6958,4.1586018,7.93612,1.7320508,0.6324555,False,False,True
1188.0,9,0.7,-950.4,7.080868,34.467377,3.0,0.83666,False,False,True
89.584,2,0.2,4.4792,4.5062776,9.464883,1.4142135,0.4472136,False,False,True
93.06,6,0.0,26.0568,4.543933,9.646761,2.4494898,0.0,False,False,True
302.376,3,0.2,22.6782,5.714973,17.388962,1.7320508,0.4472136,False,False,True
5.584,2,0.2,1.8148,1.8846425,2.3630488,1.4142135,0.4472136,False,False,False
22.704,6,0.2,8.2302,3.1656437,4.7648716,2.4494898,0.4472136,False,False,False
19.776,4,0.7,-13.8432,3.0337985,4.4470215,2.0,0.83666,False,False,False
72.704,4,0.2,19.0848,4.300057,8.526664,2.0,0.4472136,False,False,False
479.988,4,0.7,-383.9904,6.1758423,21.908628,2.0,0.83666,False,False,False
27.168,2,0.2,2.7168,3.3381865,5.212293,1.4142135,0.4472136,False,False,False
2.2,1,0.0,0.968,1.1631508,1.4832397,1.0,0.0,False,False,True
622.45,5,0.0,136.939,6.4352684,24.948948,2.236068,0.0,False,False,True
21.98,1,0.0,0.2198,3.1346242,4.6882834,1.0,0.0,False,False,True
161.568,2,0.2,-28.2744,5.0910964,12.71094,1.4142135,0.4472136,False,False,True
389.696,8,0.2,43.8408,5.96793,19.740719,2.828427,0.4472136,False,False,True
18.648,7,0.7,-12.432,2.9779756,4.318333,2.6457512,0.83666,False,False,True
233.86,2,0.45,-102.048,5.4589896,15.292481,1.4142135,0.6708204,False,False,True
620.6145,3,0.45,-248.2458,6.43232,24.912136,1.7320508,0.6708204,False,False,True
5.328,2,0.7,-3.552,1.8449842,2.3082461,1.4142135,0.83666,False,False,True
258.072,3,0.2,0.0,5.557106,16.06462,1.7320508,0.4472136,False,False,True
617.976,3,0.2,-7.7247,6.4280667,24.859123,1.7320508,0.4472136,False,False,True
10.56,2,0.0,4.752,2.4475508,3.2496154,1.4142135,0.0,False,False,True
25.92,5,0.2,9.396,3.2928696,5.091169,2.236068,0.4472136,False,True,False
419.68,5,0.6,-356.728,6.0418725,20.486094,2.236068,0.7745967,False,True,False
11.688,3,0.6,-4.6752,2.5406566,3.4187717,1.7320508,0.7745967,False,True,False
31.984,2,0.2,11.1944,3.4960227,5.65544,1.4142135,0.4472136,False,True,False
177.225,5,0.5,-120.513,5.183047,13.312588,2.236068,0.70710677,False,True,False
4.044,3,0.6,-2.8308,1.6181995,2.0109699,1.7320508,0.7745967,False,True,False
7.408,2,0.2,1.2038,2.1291835,2.721764,1.4142135,0.4472136,False,True,False
2001.86,7,0.0,580.5394,7.6023316,44.74215,2.6457512,0.0,False,True,False
166.72,2,0.0,41.68,5.122296,12.91201,1.4142135,0.0,False,True,False
47.88,6,0.0,23.94,3.8893683,6.9195375,2.4494898,0.0,False,True,False
1503.25,5,0.0,496.0725,7.3160496,38.771767,2.236068,0.0,False,True,False
25.92,4,0.0,12.4416,3.2928696,5.091169,2.0,0.0,False,True,False
321.568,2,0.2,28.1372,5.776314,17.932318,1.4142135,0.4472136,False,True,False
7.61,1,0.0,3.5767,2.1529243,2.758623,1.0,0.0,False,False,True
3347.37,13,0.0,636.0003,8.116229,57.85646,3.6055512,0.0,False,False,True
80.58,6,0.0,22.5624,4.401584,8.976636,2.4494898,0.0,False,False,False
361.92,4,0.0,162.864,5.894182,19.024195,2.0,0.0,False,False,False
12.132,9,0.6,-8.4924,2.575052,3.483102,3.0,0.7745967,False,False,True
82.368,2,0.2,-19.5624,4.4232645,9.075682,1.4142135,0.4472136,False,False,True
53.92,5,0.2,4.044,4.0058775,7.343024,2.236068,0.4472136,False,False,True
647.904,6,0.2,56.6916,6.4752846,25.453959,2.4494898,0.4472136,False,False,True
20.37,3,0.0,6.9258,3.061988,4.513314,1.7320508,0.0,False,True,False
221.55,3,0.0,6.6465,5.405152,14.884556,1.7320508,0.0,False,True,False
17.52,5,0.2,6.132,2.9188511,4.18569,2.236068,0.4472136,False,True,False
1.624,2,0.8,-4.466,0.96469986,1.2743626,1.4142135,0.8944272,False,False,True
3059.982,3,0.4,-509.997,8.026491,55.317104,1.7320508,0.6324555,False,True,False
2519.958,7,0.4,-251.9958,7.832394,50.199184,2.6457512,0.6324555,False,True,False
328.224,4,0.2,28.7196,5.796738,18.116953,2.0,0.4472136,False,False,True
79.9,2,0.0,35.156,4.3932137,8.93868,1.4142135,0.0,False,False,True
14.016,3,0.2,4.7304,2.7091162,3.743795,1.7320508,0.4472136,False,False,True
7.56,6,0.0,0.3024,2.1471002,2.7495453,2.4494898,0.0,False,False,True
37.208,1,0.2,-7.4416,3.643045,6.099836,1.0,0.4472136,False,False,True
57.576,3,0.2,21.591,4.070325,7.587885,1.7320508,0.4472136,False,False,True
725.84,4,0.0,210.4936,6.5887065,26.941418,2.0,0.0,False,True,False
209.93,7,0.0,92.3692,5.3515263,14.488961,2.6457512,0.0,False,False,False
5.28,3,0.0,2.3232,1.83737,2.297825,1.7320508,0.0,False,False,False
10.92,3,0.2,4.095,2.4782176,3.3045423,1.7320508,0.4472136,False,False,False
8.82,2,0.0,4.0572,2.2844212,2.9698484,1.4142135,0.0,False,False,False
5.98,1,0.0,1.5548,1.943049,2.4454038,1.0,0.0,False,False,False
11.648,2,0.2,4.0768,2.5374992,3.4129167,1.4142135,0.4472136,False,False,True
18.176,4,0.2,5.9072,2.9536595,4.263332,2.0,0.4472136,False,False,True
59.712,6,0.2,5.9712,4.1061416,7.727354,2.4494898,0.4472136,False,False,True
24.84,3,0.2,8.694,3.2519236,4.9839745,1.7320508,0.4472136,False,False,True
2.08,5,0.8,-3.432,1.1249295,1.4422206,2.236068,0.8944272,False,True,False
1114.4,7,0.2,376.11,7.0169683,33.38263,2.6457512,0.4472136,False,True,False
1038.84,5,0.2,51.942,6.946822,32.23104,2.236068,0.4472136,False,False,True
141.76,5,0.2,47.844,4.961165,11.906301,2.236068,0.4472136,False,False,True
239.8,5,0.2,47.96,5.483967,15.485477,2.236068,0.4472136,False,False,True
31.104,6,0.2,10.8864,3.4689806,5.577096,2.4494898,0.4472136,False,False,True
254.058,7,0.7,-169.372,5.541491,15.939197,2.6457512,0.83666,False,True,False
194.528,2,0.2,24.316,5.2757034,13.9473295,1.4142135,0.4472136,False,True,False
961.48,5,0.2,-204.3145,6.8695135,31.00774,2.236068,0.4472136,False,True,False
19.096,7,0.2,6.6836,3.0005207,4.369897,2.6457512,0.4472136,False,True,False
18.496,8,0.2,6.2424,2.9702094,4.300698,2.828427,0.4472136,False,True,False
255.984,2,0.2,54.3966,5.5490136,15.9995,1.4142135,0.4472136,False,True,False
86.97,3,0.5,-48.7032,4.476996,9.32577,1.7320508,0.70710677,False,True,False
300.416,8,0.2,78.8592,5.7084913,17.332512,2.828427,0.4472136,False,False,False
230.352,3,0.2,20.1558,5.44394,15.177352,1.7320508,0.4472136,False,False,False
218.352,3,0.2,-24.5646,5.390678,14.776738,1.7320508,0.4472136,False,False,False
78.6,5,0.7,-62.88,4.377014,8.8656645,2.236068,0.83666,False,False,False
27.552,3,0.2,9.2988,3.351727,5.249,1.7320508,0.4472136,False,False,False
32.4,5,0.0,15.552,3.508556,5.6920996,2.236068,0.0,False,False,True
1082.48,8,0.0,10.8248,6.987933,32.901062,2.828427,0.0,False,False,True
56.91,3,0.0,27.3168,4.05889,7.543872,1.7320508,0.0,False,False,True
77.6,4,0.0,38.024,4.364372,8.809086,2.0,0.0,False,False,True
14.28,1,0.0,6.5688,2.7265449,3.7788887,1.0,0.0,False,False,True
219.075,3,0.5,-131.445,5.3939686,14.801183,1.7320508,0.70710677,False,False,True
26.8,2,0.0,12.864,3.325036,5.176872,1.4142135,0.0,False,True,False
9.84,3,0.0,2.8536,2.383243,3.1368775,1.7320508,0.0,False,False,True
45.48,3,0.0,20.9208,3.8390222,6.743886,1.7320508,0.0,False,False,True
289.2,6,0.0,83.868,5.6705704,17.005882,2.4494898,0.0,False,False,True
4.89,1,0.0,2.0049,1.773256,2.2113345,1.0,0.0,False,False,False
15.136,4,0.2,3.5948,2.7810528,3.8905013,2.0,0.4472136,False,True,False
466.768,2,0.2,52.5114,6.1479726,21.604815,1.4142135,0.4472136,False,True,False
15.232,1,0.2,1.7136,2.7869847,3.9028194,1.0,0.4472136,False,True,False
6.264,3,0.2,2.0358,1.9829307,2.5027983,1.7320508,0.4472136,False,True,False
87.54,3,0.0,37.6422,4.483454,9.356281,1.7320508,0.0,False,False,True
178.384,2,0.2,22.298,5.189529,13.356048,1.4142135,0.4472136,False,False,True
15.552,3,0.2,5.4432,2.8065069,3.9436023,1.7320508,0.4472136,False,False,True
99.136,4,0.2,8.6744,4.606529,9.956706,2.0,0.4472136,False,False,False
135.882,1,0.1,24.1568,4.9191194,11.656843,1.0,0.31622776,False,False,True
3991.98,2,0.0,1995.99,8.292294,63.182117,1.4142135,0.0,False,False,True
275.94,6,0.0,80.0226,5.6238008,16.611443,2.4494898,0.0,False,False,True
360.0,4,0.0,129.6,5.888878,18.973665,2.0,0.0,False,False,True
43.57,1,0.0,13.071,3.797061,6.6007576,1.0,0.0,False,False,True
7.16,2,0.0,3.58,2.099244,2.6758177,1.4142135,0.0,False,False,True
251.52,6,0.2,81.744,5.5314903,15.859382,2.4494898,0.4472136,False,False,True
99.99,1,0.0,34.9965,4.6150217,9.9995,1.0,0.0,False,False,True
15.992,1,0.2,0.9995,2.8327427,3.9989998,1.0,0.4472136,False,True,False
290.898,3,0.4,-67.8762,5.6764045,17.055733,1.7320508,0.6324555,False,False,False
54.224,2,0.2,3.389,4.011398,7.3636947,1.4142135,0.4472136,False,False,False
786.744,4,0.3,-258.5016,6.6691732,28.048958,2.0,0.5477226,False,False,False
100.24,10,0.2,33.831,4.617494,10.011992,3.1622777,0.4472136,False,False,False
37.764,6,0.7,-27.6936,3.657492,6.145242,2.4494898,0.83666,False,False,False
82.8,2,0.4,-20.7,4.428433,9.09945,1.4142135,0.6324555,False,True,False
20.724,2,0.7,-13.816,3.0784175,4.552362,1.4142135,0.83666,False,True,False
4.896,3,0.7,-3.4272,1.7742741,2.2126906,1.7320508,0.83666,False,True,False
4.752,1,0.2,1.6038,1.7495476,2.1799083,1.0,0.4472136,False,True,False
959.984,2,0.2,335.9944,6.8679576,30.983608,1.4142135,0.4472136,False,True,False
14.368,4,0.2,4.49,2.7322874,3.7905145,2.0,0.4472136,False,True,False
7.712,2,0.2,2.7956,2.1647015,2.7770488,1.4142135,0.4472136,False,False,True
698.352,3,0.2,-17.4588,6.550154,26.42635,1.7320508,0.4472136,False,False,True
4.96,4,0.0,2.3312,1.7850705,2.2271059,2.0,0.0,False,True,False
17.856,4,0.2,1.116,2.9368312,4.225636,2.0,0.4472136,False,True,False
509.97,10,0.7,-407.976,6.236311,22.582516,3.1622777,0.83666,False,True,False
30.992,13,0.2,10.0724,3.4654858,5.5670457,3.6055512,0.4472136,False,True,False
71.928,12,0.4,8.3916,4.2894726,8.481038,3.4641016,0.6324555,False,True,False
88.8,4,0.2,-2.22,4.497585,9.423375,2.0,0.4472136,False,False,True
47.976,3,0.2,4.7976,3.8913305,6.9264708,1.7320508,0.4472136,False,False,True
7.56,3,0.0,3.0996,2.1471002,2.7495453,1.7320508,0.0,False,False,True
24.56,2,0.0,11.5432,3.2410285,4.955805,1.4142135,0.0,False,False,True
12.96,2,0.0,4.1472,2.6361961,3.6,1.4142135,0.0,False,False,True
6.79,1,0.0,2.3086,2.052841,2.605763,1.0,0.0,False,False,False
24.56,2,0.0,11.5432,3.2410285,4.955805,1.4142135,0.0,False,False,False
3.048,1,0.2,1.0668,1.3982229,1.7458522,1.0,0.4472136,False,False,False
49.12,4,0.0,23.0864,3.9144201,7.0085664,2.0,0.0,False,False,False
4355.168,4,0.2,1415.4296,8.379348,65.9937,2.0,0.4472136,False,False,False
388.704,6,0.2,-4.8588,5.9653873,19.715578,2.4494898,0.4472136,False,False,True
8.26,2,0.0,3.7996,2.225704,2.8740215,1.4142135,0.0,False,False,True
17.04,4,0.0,6.9864,2.8925915,4.1279535,2.0,0.0,False,False,True
34.4,5,0.0,15.824,3.566712,5.8651514,2.236068,0.0,False,False,True
36.24,5,0.2,11.325,3.6173835,6.0199666,2.236068,0.4472136,False,False,True
647.84,8,0.0,168.4384,6.4751863,25.452702,2.828427,0.0,False,False,False
20.7,2,0.0,9.936,3.0773122,4.549725,1.4142135,0.0,False,False,False
20.7,2,0.0,9.936,3.0773122,4.549725,1.4142135,0.0,False,False,True
488.646,3,0.1,86.8704,6.1936827,22.10534,1.7320508,0.31622776,False,False,True
5.56,2,0.0,1.4456,1.8809906,2.3579652,1.4142135,0.0,False,False,True
47.12,8,0.0,20.7328,3.873698,6.864401,2.828427,0.0,False,False,True
211.96,4,0.0,8.4784,5.3611045,14.558846,2.0,0.0,False,False,True
23.2,4,0.0,10.44,3.1863527,4.816638,2.0,0.0,True,False,False
7.36,2,0.0,0.1472,2.1234584,2.712932,1.4142135,0.0,True,False,False
104.79,7,0.0,29.3412,4.661456,10.236699,2.6457512,0.0,True,False,False
1043.92,4,0.0,271.4192,6.9516954,32.30975,2.0,0.0,True,False,False
25.92,5,0.2,9.396,3.2928696,5.091169,2.236068,0.4472136,False,False,True
53.424,3,0.2,4.6746,3.9968052,7.309172,1.7320508,0.4472136,False,False,True
8.16,5,0.7,-5.712,2.2148461,2.8565714,2.236068,0.83666,False,False,True
1023.936,8,0.2,179.1888,6.9323854,31.999,2.828427,0.4472136,False,False,True
9.24,1,0.2,0.924,2.3263016,3.0397367,1.0,0.4472136,False,False,True
479.04,10,0.2,-29.94,6.1738696,21.886982,3.1622777,0.4472136,False,False,True
99.136,4,0.2,30.98,4.606529,9.956706,2.0,0.4472136,False,False,False
1488.424,7,0.3,-297.6848,7.3061447,38.580097,2.6457512,0.5477226,False,False,True
8.652,3,0.8,-20.3322,2.2671652,2.9414282,1.7320508,0.8944272,False,False,True
23.832,3,0.2,2.6811,3.2121332,4.881803,1.7320508,0.4472136,False,False,True
12.176,4,0.8,-18.8728,2.578397,3.4894125,2.0,0.8944272,False,False,True
50.96,7,0.0,25.48,3.9504743,7.1386275,2.6457512,0.0,False,False,False
49.536,3,0.2,17.3376,3.9226859,7.038182,1.7320508,0.4472136,False,False,False
41.9,2,0.0,8.799,3.7588718,6.473021,1.4142135,0.0,False,True,False
375.4575,3,0.45,-157.0095,5.930805,19.376726,1.7320508,0.6708204,False,False,True
83.976,3,0.2,-1.0497,4.442369,9.163842,1.7320508,0.4472136,False,False,True
482.34,4,0.7,-337.638,6.1807203,21.96224,2.0,0.83666,False,False,True
2.96,1,0.2,0.777,1.3762441,1.7204651,1.0,0.4472136,False,False,True
2.624,1,0.2,0.4264,1.2875783,1.6198765,1.0,0.4472136,False,False,False
23.36,4,0.2,7.884,3.1929424,4.8332186,2.0,0.4472136,False,False,True
39.98,2,0.0,13.5932,3.7130842,6.322974,1.4142135,0.0,False,False,True
246.384,2,0.2,27.7182,5.510942,15.696624,1.4142135,0.4472136,False,True,False
1799.97,3,0.0,701.9883,7.496081,42.426052,1.7320508,0.0,False,True,False
12.462,3,0.8,-20.5623,2.599871,3.530156,1.7320508,0.8944272,False,True,False
75.792,3,0.2,25.5798,4.3411007,8.70586,1.7320508,0.4472136,False,False,True
49.96,2,0.0,9.4924,3.931041,7.0682387,1.4142135,0.0,False,True,False
12.96,2,0.0,6.2208,2.6361961,3.6,1.4142135,0.0,False,True,False
70.12,4,0.0,21.036,4.2643685,8.373769,2.0,0.0,False,False,True
35.952,3,0.2,3.5952,3.6096199,5.995999,1.7320508,0.4472136,False,True,False
2396.2656,4,0.32,-317.1528,7.782084,48.951668,2.0,0.56568545,False,True,False
131.136,4,0.2,-32.784,4.8838315,11.451463,2.0,0.4472136,False,True,False
57.584,2,0.2,0.7198,4.0704618,7.5884123,1.4142135,0.4472136,False,True,False
9.568,2,0.2,3.4684,2.3578305,3.0932183,1.4142135,0.4472136,False,False,False
39.072,6,0.2,9.768,3.690678,6.25076,2.4494898,0.4472136,False,False,True
35.91,3,0.0,9.6957,3.6084826,5.9924955,1.7320508,0.0,False,False,True
179.95,5,0.0,37.7895,5.1982207,13.414544,2.236068,0.0,False,False,True
1199.976,3,0.2,434.9913,7.09089,34.64067,1.7320508,0.4472136,False,False,True
27.15,5,0.0,13.3035,3.3375473,5.210566,2.236068,0.0,False,False,True
1004.024,7,0.2,-112.9527,6.912767,31.686338,2.6457512,0.4472136,False,False,True
9.68,1,0.0,4.6464,2.368373,3.11127,1.0,0.0,False,False,True
28.35,9,0.0,13.608,3.3792925,5.324472,3.0,0.0,False,False,True
55.98,1,0.0,27.4302,4.0427003,7.4819784,1.0,0.0,False,False,True
1336.829,13,0.15,31.4548,7.1988034,36.56267,3.6055512,0.38729835,False,False,True
113.568,2,0.2,-18.4548,4.7411685,10.656829,1.4142135,0.4472136,False,False,True
139.86,7,0.0,65.7342,4.9477663,11.826242,2.6457512,0.0,False,False,True
307.136,4,0.2,26.8744,5.730541,17.525295,2.0,0.4472136,False,False,True
95.92,8,0.0,25.8984,4.573886,9.793876,2.828427,0.0,False,False,True
383.8,5,0.2,38.38,5.9527235,19.590815,2.236068,0.4472136,False,False,True
5.78,1,0.0,2.8322,1.9139771,2.4041631,1.0,0.0,False,False,True
9.32,4,0.0,2.7028,2.3340838,3.0528674,2.0,0.0,False,False,True
15.25,1,0.0,7.015,2.7880929,3.905125,1.0,0.0,False,False,True
196.752,6,0.2,56.5662,5.2870135,14.026832,2.4494898,0.4472136,False,False,False
56.56,4,0.0,14.7056,4.052828,7.5206385,2.0,0.0,False,False,True
32.7,3,0.0,8.502,3.5174978,5.7183914,1.7320508,0.0,False,False,True
866.4,4,0.0,225.264,6.7655,29.434673,2.0,0.0,False,True,False
28.4,2,0.0,11.076,3.3809946,5.329165,1.4142135,0.0,False,True,False
287.92,8,0.0,138.2016,5.6661496,16.968206,2.828427,0.0,False,True,False
69.99,1,0.0,30.0957,4.262539,8.366003,1.0,0.0,False,False,False
6.672,6,0.2,0.5004,2.0375774,2.5830214,2.4494898,0.4472136,False,False,True
189.588,2,0.7,-145.3508,5.250114,13.769095,1.4142135,0.83666,False,False,True
408.744,7,0.2,76.6395,6.0155325,20.217419,2.6457512,0.4472136,False,False,True
291.96,5,0.2,54.7425,5.680036,17.086838,2.236068,0.4472136,False,False,True
4.768,2,0.2,-0.7748,1.7523254,2.1835752,1.4142135,0.4472136,False,False,True
714.3,5,0.0,207.147,6.572702,26.72639,2.236068,0.0,False,False,False
4.812,2,0.7,-3.6892,1.7599248,2.193627,1.4142135,0.83666,False,False,True
247.8,5,0.2,-18.585,5.5166492,15.741665,2.236068,0.4472136,False,False,True
1007.979,3,0.3,43.1991,6.916694,31.748686,1.7320508,0.5477226,False,True,False
313.488,7,0.2,113.6394,5.750946,17.705593,2.6457512,0.4472136,False,True,False
31.872,8,0.2,11.5536,3.4926212,5.6455293,2.828427,0.4472136,False,False,True
207.846,3,0.1,2.3094,5.341597,14.416865,1.7320508,0.31622776,False,True,False
12.22,1,0.0,3.666,2.5817308,3.4957116,1.0,0.0,False,True,False
194.94,3,0.0,23.3928,5.2778087,13.962091,1.7320508,0.0,False,True,False
70.95,3,0.0,20.5755,4.2759714,8.4231825,1.7320508,0.0,False,True,False
91.36,4,0.0,42.0256,4.525694,9.558243,2.0,0.0,False,True,False
242.94,3,0.0,29.1528,5.4969225,15.586533,1.7320508,0.0,False,True,False
22.05,7,0.0,10.584,3.1376657,4.6957426,2.6457512,0.0,False,True,False
2.91,1,0.0,1.3677,1.3635374,1.7058722,1.0,0.0,False,True,False
59.52,3,0.0,15.4752,4.102974,7.7149205,1.7320508,0.0,False,True,False
161.94,3,0.0,9.7164,5.093382,12.725565,1.7320508,0.0,False,True,False
263.88,6,0.0,71.2476,5.579277,16.244383,2.4494898,0.0,False,True,False
30.48,3,0.0,7.9248,3.4493525,5.5208697,1.7320508,0.0,False,True,False
9.84,3,0.0,2.8536,2.383243,3.1368775,1.7320508,0.0,False,True,False
35.12,4,0.0,9.1312,3.5868468,5.926213,2.0,0.0,False,True,False
284.364,2,0.4,-75.8304,5.6537657,16.863096,1.4142135,0.6324555,False,False,True
665.408,2,0.2,66.5408,6.501902,25.795504,1.4142135,0.4472136,False,False,True
63.88,4,0.0,24.9132,4.172539,7.9924965,2.0,0.0,False,False,True
129.568,2,0.2,-24.294,4.8718944,11.382794,1.4142135,0.4472136,False,False,True
747.558,3,0.3,-96.1146,6.618149,27.341507,1.7320508,0.5477226,False,False,True
8.928,2,0.2,3.348,2.2953591,2.9879758,1.4142135,0.4472136,False,False,True
103.92,4,0.0,36.372,4.6531982,10.194116,2.0,0.0,False,False,True
899.91,9,0.0,377.9622,6.8034053,29.9985,3.0,0.0,False,False,True
51.312,3,0.2,18.6006,3.9572258,7.1632395,1.7320508,0.4472136,False,False,True
23.56,5,0.2,7.068,3.2011192,4.8538647,2.236068,0.4472136,False,False,True
1272.63,6,0.5,-814.4832,7.1496263,35.67394,2.4494898,0.70710677,False,False,True
28.485,5,0.7,-20.889,3.3838816,5.337134,2.236068,0.83666,False,False,True
185.376,2,0.2,-34.758,5.227766,13.615286,1.4142135,0.4472136,False,False,True
78.272,2,0.2,5.8704,4.3728848,8.847146,1.4142135,0.4472136,False,False,True
254.744,7,0.6,-312.0614,5.544177,15.960702,2.6457512,0.7745967,False,False,True
205.3328,2,0.32,-36.2352,5.32949,14.329438,1.4142135,0.56568545,False,False,True
4.788,3,0.8,-7.9002,1.7557868,2.18815,1.7320508,0.8944272,False,True,False
55.48,1,0.0,26.6304,4.0338864,7.4484897,1.0,0.0,False,False,True
340.92,3,0.0,3.4092,5.8345766,18.46402,1.7320508,0.0,False,True,False
222.666,2,0.15,10.4784,5.410154,14.921997,1.4142135,0.38729835,False,True,False
703.968,4,0.2,87.996,6.558152,26.532394,2.0,0.4472136,False,True,False
92.52,6,0.0,24.9804,4.538175,9.6187315,2.4494898,0.0,False,True,False
62.65,7,0.0,28.819,4.1533995,7.9151754,2.6457512,0.0,False,True,False
94.85,5,0.0,45.528,4.5627847,9.739097,2.236068,0.0,False,True,False
95.76,6,0.2,7.182,4.5722337,9.785704,2.4494898,0.4472136,False,False,True
40.2,3,0.0,19.296,3.7184381,6.340347,1.7320508,0.0,False,False,True
14.7,5,0.0,6.615,2.7536607,3.8340578,2.236068,0.0,False,False,True
704.25,5,0.0,84.51,6.5585523,26.537708,2.236068,0.0,False,False,True
9.09,3,0.0,1.9089,2.311545,3.0149627,1.7320508,0.0,False,False,True
5.96,2,0.0,1.6688,1.9401795,2.4413111,1.4142135,0.0,False,False,True
159.98,2,0.0,57.5928,5.08128,12.64832,1.4142135,0.0,False,False,True
29.6,2,0.0,14.8,3.421,5.440588,1.4142135,0.0,False,False,False
514.165,5,0.15,-30.245,6.2444873,22.675207,2.236068,0.38729835,False,False,False
279.96,5,0.2,17.4975,5.638212,16.732006,2.236068,0.4472136,False,False,False
2735.952,6,0.2,341.994,7.9146004,52.306328,2.4494898,0.4472136,False,False,False
7.992,1,0.2,0.5994,2.1963353,2.8270125,1.0,0.4472136,False,True,False
63.984,2,0.2,10.3974,4.174141,7.999,1.4142135,0.4472136,False,True,False
70.368,2,0.2,6.1572,4.2678494,8.388564,1.4142135,0.4472136,False,True,False
449.15,5,0.0,8.983,6.109581,21.19316,2.236068,0.0,False,False,True
11.07,3,0.0,5.0922,2.4907231,3.3271608,1.7320508,0.0,False,False,True
93.98,2,0.0,13.1572,4.553666,9.694328,1.4142135,0.0,False,False,True
189.882,3,0.4,-94.941,5.2516556,13.779768,1.7320508,0.6324555,False,True,False
105.42,2,0.0,51.6558,4.6673937,10.267425,1.4142135,0.0,False,False,True
119.616,8,0.2,40.3704,4.792612,10.93691,2.828427,0.4472136,False,False,True
255.76,4,0.0,81.8432,5.548142,15.992498,2.0,0.0,False,False,True
241.568,2,0.2,18.1176,5.491282,15.542458,1.4142135,0.4472136,False,False,True
69.3,9,0.0,22.869,4.252772,8.324662,3.0,0.0,False,False,True
22.62,2,0.7,-15.08,3.1620939,4.7560487,1.4142135,0.83666,False,False,True
14.952,2,0.7,-11.9616,2.7695842,3.8667817,1.4142135,0.83666,False,False,True
801.568,2,0.2,50.098,6.6878166,28.311975,1.4142135,0.4472136,False,False,True
2.376,3,0.7,-1.9008,1.2166916,1.5414279,1.7320508,0.83666,False,False,True
32.792,1,0.2,11.8871,3.520224,5.72643,1.0,0.4472136,False,False,True
15.92,5,0.2,5.373,2.8284965,3.9899874,2.236068,0.4472136,False,True,False
2.74,1,0.0,0.7398,1.3190856,1.6552945,1.0,0.0,False,False,True
8.34,3,0.0,2.1684,2.2343063,2.8879058,1.7320508,0.0,False,False,True
46.74,3,0.0,11.685,3.8657696,6.8366656,1.7320508,0.0,False,False,True
6354.95,5,0.0,3177.475,8.757147,79.71794,2.236068,0.0,False,False,True
126.3,3,0.0,40.416,4.8465466,11.238327,1.7320508,0.0,False,False,False
38.04,2,0.0,12.1728,3.6645868,6.1676574,1.4142135,0.0,False,False,False
7.152,3,0.2,0.7152,2.0982633,2.6743224,1.7320508,0.4472136,False,False,False
6.63,3,0.0,1.7901,2.0320878,2.5748787,1.7320508,0.0,False,False,True
5.88,2,0.0,1.7052,1.9286187,2.4248712,1.4142135,0.0,False,False,True
2999.95,5,0.0,1379.977,8.006684,54.7718,2.236068,0.0,False,False,True
51.45,3,0.0,13.8915,3.9598603,7.1728654,1.7320508,0.0,False,False,True
11.96,2,0.0,5.382,2.5618677,3.4583232,1.4142135,0.0,False,False,True
1126.02,3,0.0,56.301,7.0273323,33.55622,1.7320508,0.0,False,False,True
18.392,1,0.2,5.2877,2.9648607,4.2885895,1.0,0.4472136,False,False,True
129.568,2,0.2,-25.9136,4.8718944,11.382794,1.4142135,0.4472136,False,False,True
14.112,9,0.8,-21.168,2.7154891,3.7565942,3.0,0.8944272,False,False,True
210.98,2,0.0,21.098,5.356492,14.52515,1.4142135,0.0,False,False,False
55.176,3,0.2,-12.4146,4.0284896,7.428055,1.7320508,0.4472136,False,False,False
66.26,2,0.0,27.1666,4.2085657,8.140024,1.4142135,0.0,False,False,False
22.2,5,0.0,10.434,3.1441522,4.7116876,2.236068,0.0,False,False,True
683.952,3,0.2,42.747,6.529349,26.152475,1.7320508,0.4472136,False,False,True
45.696,3,0.2,5.1408,3.8436584,6.7598815,1.7320508,0.4472136,False,False,True
36.336,3,0.2,-7.2672,3.619958,6.027935,1.7320508,0.4472136,False,False,True
666.248,1,0.2,-149.9058,6.503162,25.81178,1.0,0.4472136,False,False,True
52.512,6,0.2,19.692,3.9799058,7.246516,2.4494898,0.4472136,False,False,True
190.72,1,0.2,11.92,5.256036,13.810142,1.0,0.4472136,False,True,False
47.94,3,0.0,2.397,3.890595,6.9238715,1.7320508,0.0,False,False,True
979.95,5,0.0,274.386,6.8885217,31.304153,2.236068,0.0,False,True,False
22.75,5,0.0,11.375,3.1675825,4.769696,2.236068,0.0,False,True,False
16.768,2,0.2,1.4672,2.877399,4.094875,1.4142135,0.4472136,False,False,True
42.616,7,0.8,-68.1856,3.775424,6.5280933,2.6457512,0.8944272,False,True,False
10.752,4,0.2,3.36,2.4640234,3.2790244,2.0,0.4472136,False,False,True
152.94,3,0.0,41.2938,5.036563,12.366891,1.7320508,0.0,False,False,True
283.92,4,0.0,70.98,5.6522083,16.849926,2.0,0.0,False,False,True
468.9,6,0.0,206.316,6.1525197,21.654099,2.4494898,0.0,False,False,False
380.864,8,0.2,38.0864,5.9450645,19.515738,2.828427,0.4472136,False,False,False
646.776,9,0.2,-145.5246,6.473545,25.431791,3.0,0.4472136,False,False,True
58.112,2,0.2,7.264,4.079434,7.6231227,1.4142135,0.4472136,False,False,True
100.792,1,0.2,6.2995,4.6229315,10.039522,1.0,0.4472136,False,False,True
66.112,4,0.6,-84.2928,4.2063627,8.130929,2.0,0.7745967,False,False,True
41.28,6,0.2,13.932,3.7443142,6.4249516,2.4494898,0.4472136,False,False,False
13.36,2,0.0,6.4128,2.6644466,3.6551335,1.4142135,0.0,False,False,False
250.272,9,0.2,15.642,5.526536,15.819987,3.0,0.4472136,False,True,False
11.364,3,0.8,-17.046,2.514789,3.3710532,1.7320508,0.8944272,False,True,False
8.72,5,0.2,-1.744,2.2741857,2.9529645,2.236068,0.4472136,False,True,False
1121.568,2,0.2,0.0,7.023374,33.48982,1.4142135,0.4472136,False,True,False
34.504,1,0.2,6.0382,3.5696454,5.8740106,1.0,0.4472136,False,False,False
10.824,3,0.2,2.5707,2.4701314,3.2899847,1.7320508,0.4472136,False,False,True
1295.78,2,0.0,310.9872,7.1676397,35.996944,1.4142135,0.0,False,True,False
19.456,4,0.2,3.4048,3.0182762,4.410896,2.0,0.4472136,False,True,False
20.7,2,0.0,9.936,3.0773122,4.549725,1.4142135,0.0,False,False,True
1335.68,4,0.2,-217.048,7.197944,36.546955,2.0,0.4472136,False,False,True
32.4,5,0.0,15.552,3.508556,5.6920996,2.236068,0.0,False,False,True
42.6,3,0.0,16.614,3.775057,6.5268674,1.7320508,0.0,False,True,False
84.056,7,0.2,27.3182,4.44331,9.168206,2.6457512,0.4472136,False,True,False
13.0,5,0.2,1.3,2.6390574,3.6055512,2.236068,0.4472136,False,True,False
13.128,3,0.2,3.7743,2.6481586,3.623258,1.7320508,0.4472136,False,True,False
3.96,2,0.0,0.0,1.6014057,1.9899749,1.4142135,0.0,False,False,False
2.61,1,0.0,1.2006,1.2837077,1.6155494,1.0,0.0,False,False,False
374.376,3,0.2,46.797,5.927928,19.348799,1.7320508,0.4472136,False,False,False
91.84,8,0.0,45.0016,4.5308776,9.583319,2.828427,0.0,False,False,True
81.088,7,0.2,27.3672,4.4077916,9.004888,2.6457512,0.4472136,False,False,True
19.44,3,0.0,9.3312,3.0174937,4.4090815,1.7320508,0.0,False,False,True
451.152,3,0.2,0.0,6.1140184,21.24034,1.7320508,0.4472136,False,False,True
72.45,7,0.0,34.776,4.296605,8.511757,2.6457512,0.0,False,False,True
13.96,4,0.0,6.4216,2.70538,3.7363083,2.0,0.0,False,False,True
33.264,7,0.2,11.2266,3.5340953,5.767495,2.6457512,0.4472136,False,False,True
14.85,3,0.0,4.0095,2.7631695,3.8535697,1.7320508,0.0,False,False,True
8.82,3,0.0,2.3814,2.2844212,2.9698484,1.7320508,0.0,False,False,True
160.72,14,0.0,78.7528,5.0858665,12.677539,3.7416575,0.0,False,True,False
19.92,4,0.0,9.7608,3.0407057,4.463183,2.0,0.0,False,True,False
7.3,2,0.0,2.19,2.1162555,2.7018511,1.4142135,0.0,False,True,False
69.712,2,0.2,8.714,4.2586155,8.349371,1.4142135,0.4472136,False,False,True
8.792,1,0.6,-5.7148,2.2815657,2.9651308,1.0,0.7745967,False,False,True
51.52,4,0.0,1.5456,3.961194,7.1777434,2.0,0.0,False,False,True
470.376,3,0.2,52.9173,6.155656,21.688154,1.7320508,0.4472136,False,False,True
105.584,2,0.2,9.2386,4.6689334,10.275408,1.4142135,0.4472136,False,False,True
31.152,3,0.2,3.5046,3.4704747,5.5813975,1.7320508,0.4472136,False,False,True
6.783,7,0.7,-4.7481,2.0519419,2.6044192,2.6457512,0.83666,False,False,True
406.368,4,0.2,30.4776,6.009717,20.158571,2.0,0.4472136,False,False,True
70.98,1,0.0,4.9686,4.276388,8.424963,1.0,0.0,False,False,True
294.93,3,0.0,144.5157,5.690123,17.173527,1.7320508,0.0,False,False,True
84.784,2,0.2,-20.1362,4.4518323,9.207823,1.4142135,0.4472136,False,False,True
20.736,4,0.2,7.2576,3.07897,4.55368,2.0,0.4472136,False,False,True
16.821,3,0.7,-12.8961,2.8803775,4.1013412,1.7320508,0.83666,False,False,True
10.368,2,0.2,3.6288,2.4308023,3.2199378,1.4142135,0.4472136,False,False,True
9.344,2,0.2,1.168,2.3364067,3.0567956,1.4142135,0.4472136,False,False,True
31.2,3,0.2,9.75,3.4719665,5.585696,1.7320508,0.4472136,False,False,True
76.12,2,0.0,22.0748,4.3453627,8.724678,1.4142135,0.0,False,False,True
1199.976,3,0.2,434.9913,7.09089,34.64067,1.7320508,0.4472136,False,False,True
445.96,5,0.2,55.745,6.102469,21.117765,2.236068,0.4472136,False,False,True
327.76,8,0.0,91.7728,5.795328,18.104143,2.828427,0.0,False,False,True
11.632,2,0.2,1.0178,2.5362332,3.4105718,1.4142135,0.4472136,False,False,False
143.982,3,0.4,-28.7964,4.9766097,11.99925,1.7320508,0.6324555,False,False,True
494.376,4,0.4,-115.3544,6.205317,22.234568,2.0,0.6324555,False,False,True
5.84,2,0.2,0.73,1.9227878,2.4166093,1.4142135,0.4472136,False,False,True
142.776,1,0.2,17.847,4.9682565,11.948891,1.0,0.4472136,False,False,True
45.696,3,0.2,5.1408,3.8436584,6.7598815,1.7320508,0.4472136,False,False,True
7.218,3,0.7,-5.5338,2.1063268,2.6866336,1.7320508,0.83666,False,False,True
43.188,4,0.7,-31.6712,3.7884533,6.571758,2.0,0.83666,False,False,True
131.904,3,0.2,47.8152,4.889627,11.484946,1.7320508,0.4472136,False,False,True
3.282,2,0.7,-2.6256,1.4544202,1.811629,1.4142135,0.83666,False,False,True
21.168,9,0.2,2.3814,3.0986497,4.6008697,3.0,0.4472136,False,False,True
55.188,2,0.4,-10.1178,4.028703,7.4288626,1.4142135,0.6324555,False,False,True
369.576,3,0.2,41.5773,5.9150586,19.22436,1.7320508,0.4472136,False,False,False
15.712,4,0.2,5.6956,2.816127,3.9638364,2.0,0.4472136,False,False,False
8.448,2,0.2,2.64,2.245803,2.9065444,1.4142135,0.4472136,False,True,False
728.946,9,0.4,-157.9383,6.5929704,26.999,3.0,0.6324555,False,True,False
119.94,10,0.4,15.992,4.795295,10.951713,3.1622777,0.6324555,False,True,False
3.648,2,0.7,-2.7968,1.536437,1.9099739,1.4142135,0.83666,False,True,False
40.48,2,0.0,15.7872,3.7252114,6.3623896,1.4142135,0.0,False,True,False
9.94,2,0.0,3.0814,2.3924258,3.1527765,1.4142135,0.0,False,True,False
107.424,9,0.2,33.57,4.6860495,10.364555,3.0,0.4472136,False,True,False
37.91,1,0.0,10.9939,3.6612513,6.1571097,1.0,0.0,False,True,False
88.02,3,0.0,27.2862,4.488861,9.381898,1.7320508,0.0,False,True,False
8.69,5,0.8,-14.773,2.2710943,2.9478805,2.236068,0.8944272,False,False,True
301.96,2,0.0,87.5684,5.7136006,17.376997,1.4142135,0.0,False,False,True
555.21,5,0.1,178.901,6.321146,23.562895,2.236068,0.31622776,False,False,True
523.48,4,0.0,130.87,6.2624073,22.879684,2.0,0.0,False,False,True
161.82,9,0.0,46.9278,5.092645,12.720849,3.0,0.0,False,False,True
35.56,7,0.0,12.0904,3.5989547,5.9632206,2.6457512,0.0,False,False,True
97.16,2,0.0,28.1764,4.586599,9.856977,1.4142135,0.0,False,False,True
15.24,5,0.2,5.1435,2.7874773,3.9038444,2.236068,0.4472136,False,False,True
13.23,3,0.0,6.0858,2.6553524,3.6373067,1.7320508,0.0,False,False,True
243.384,3,0.2,-51.7191,5.4987407,15.600769,1.7320508,0.4472136,False,True,False
119.8,5,0.2,29.95,4.794136,10.945318,2.236068,0.4472136,False,True,False
300.768,4,0.2,30.0768,5.7096586,17.342665,2.0,0.4472136,False,True,False
17.88,3,0.2,2.4585,2.9381032,4.228475,1.7320508,0.4472136,False,True,False
235.944,3,0.2,85.5297,5.467824,15.360469,1.7320508,0.4472136,False,True,False
392.94,3,0.0,43.2234,5.9761987,19.822714,1.7320508,0.0,False,True,False
18.882,3,0.7,-13.8468,2.9898148,4.345342,1.7320508,0.83666,False,False,True
122.328,3,0.2,12.2328,4.8148475,11.060199,1.7320508,0.4472136,False,False,True
1049.2,5,0.0,272.792,6.956736,32.391357,2.236068,0.0,False,False,True
15.424,4,0.2,5.0128,2.7987437,3.92734,2.0,0.4472136,False,False,True
18.84,3,0.0,6.0288,2.9877,4.340507,1.7320508,0.0,False,False,True
330.4,2,0.0,85.904,5.803326,18.176908,1.4142135,0.0,False,True,False
26.25,7,0.0,12.6,3.3050535,5.1234756,2.6457512,0.0,False,True,False
132.52,4,0.0,54.3332,4.8942513,11.511733,2.0,0.0,False,False,True
6.48,1,0.0,3.1752,2.0122328,2.5455844,1.0,0.0,False,False,True
209.3,2,0.0,56.511,5.348535,14.467204,1.4142135,0.0,False,False,True
31.56,5,0.2,9.8625,3.4830844,5.617829,2.236068,0.4472136,False,False,True
30.144,2,0.2,3.0144,3.4386215,5.490355,1.4142135,0.4472136,False,False,True
14.8,4,0.0,6.068,2.76001,3.847077,2.0,0.0,False,True,False
302.376,3,0.2,22.6782,5.714973,17.388962,1.7320508,0.4472136,False,True,False
316.0,4,0.0,31.6,5.7589016,17.776388,2.0,0.0,False,True,False
379.4,10,0.0,178.318,5.941223,19.478193,3.1622777,0.0,False,False,True
97.82,2,0.0,45.9754,4.5933,9.890399,1.4142135,0.0,False,False,True
103.12,8,0.0,10.312,4.645544,10.154801,2.828427,0.0,False,False,True
113.552,2,0.2,8.5164,4.741029,10.656078,1.4142135,0.4472136,False,False,True
3.318,2,0.7,-2.6544,1.4627923,1.8215379,1.4142135,0.83666,False,False,True
134.288,2,0.2,45.3222,4.907406,11.58827,1.4142135,0.4472136,False,False,True
701.372,2,0.3,-50.098,6.5544634,26.483429,1.4142135,0.5477226,True,False,False
2.308,2,0.8,-3.462,1.1963438,1.5192103,1.4142135,0.8944272,True,False,False
999.432,7,0.2,124.929,6.9081874,31.613794,2.6457512,0.4472136,False,False,True
724.08,14,0.2,-135.765,6.586282,26.908735,3.7416575,0.4472136,False,False,True
918.785,5,0.3,-118.1295,6.82414,30.311466,2.236068,0.5477226,False,False,True
2.724,3,0.8,-4.2222,1.3147984,1.6504545,1.7320508,0.8944272,False,False,True
459.95,5,0.0,18.398,6.13329,21.446445,2.236068,0.0,False,False,True
10.74,3,0.0,5.2626,2.4630017,3.277194,1.7320508,0.0,True,False,False
23.76,3,0.2,2.079,3.2092295,4.874423,1.7320508,0.4472136,False,True,False
85.056,3,0.2,28.7064,4.454998,9.222581,1.7320508,0.4472136,False,True,False
381.576,3,0.2,28.6182,5.9469275,19.53397,1.7320508,0.4472136,False,True,False
30.36,5,0.2,8.7285,3.4455333,5.5099907,2.236068,0.4472136,False,False,False
23.976,3,0.6,-14.3856,3.2179153,4.896529,1.7320508,0.7745967,False,False,True
108.925,1,0.5,-71.8905,4.699798,10.436714,1.0,0.70710677,False,False,True
36.352,8,0.2,11.36,3.6203864,6.029262,2.828427,0.4472136,False,False,True
19.56,5,0.2,1.7115,3.0233474,4.422669,2.236068,0.4472136,False,False,True
61.44,3,0.0,16.5888,4.1342063,7.838367,1.7320508,0.0,False,False,False
38.9,5,0.0,17.505,3.6863763,6.2369866,2.236068,0.0,False,False,False
99.39,3,0.0,40.7499,4.6090627,9.969454,1.7320508,0.0,False,False,False
2.688,3,0.8,-7.392,1.3050843,1.6395122,1.7320508,0.8944272,False,False,True
27.816,3,0.2,4.5201,3.3609307,5.2740874,1.7320508,0.4472136,False,False,True
82.524,3,0.6,-41.262,4.425134,9.084272,1.7320508,0.7745967,False,False,True
182.994,3,0.8,-320.2395,5.2149034,13.527528,1.7320508,0.8944272,False,False,True
14.352,3,0.2,4.6644,2.7312458,3.7884033,1.7320508,0.4472136,False,False,True
64.96,2,0.0,2.5984,4.1890483,8.059776,1.4142135,0.0,False,False,True
68.6,4,0.0,18.522,4.2427645,8.282512,2.0,0.0,False,False,True
7999.98,4,0.5,-3839.9905,8.987319,89.442604,2.0,0.70710677,True,False,False
167.44,2,0.2,14.651,5.1265798,12.939861,1.4142135,0.4472136,True,False,False
479.97,3,0.0,163.1898,6.175805,21.908218,1.7320508,0.0,False,False,False
14.62,2,0.0,6.8714,2.748552,3.8236108,1.4142135,0.0,False,False,False
19.44,3,0.0,9.3312,3.0174937,4.4090815,1.7320508,0.0,False,False,False
191.984,2,0.2,4.7996,5.262607,13.855829,1.4142135,0.4472136,False,False,True
104.01,1,0.0,14.5614,4.6540556,10.198529,1.0,0.0,False,True,False
284.82,1,0.0,74.0532,5.655362,16.876612,1.0,0.0,False,True,False
36.84,3,0.0,10.3152,3.6333668,6.0695963,1.7320508,0.0,False,True,False
166.24,1,0.0,24.936,5.11943,12.893409,1.0,0.0,False,False,True
33.4,5,0.0,16.032,3.5380566,5.7792735,2.236068,0.0,False,False,True
198.272,8,0.2,17.3488,5.2946706,14.080909,2.828427,0.4472136,False,False,False
47.36,4,0.2,17.76,3.878673,6.8818603,2.0,0.4472136,False,False,False
200.984,7,0.2,62.8075,5.3081884,14.176883,2.6457512,0.4472136,False,False,False
97.696,4,0.2,31.7512,4.5920444,9.884129,2.0,0.4472136,False,False,False
2.696,1,0.2,0.8088,1.3072511,1.64195,1.0,0.4472136,False,False,False
18.588,2,0.7,-13.6312,2.9749172,4.3113804,1.4142135,0.83666,False,False,False
4.896,3,0.7,-3.4272,1.7742741,2.2126906,1.7320508,0.83666,False,False,False
15.072,3,0.2,4.1448,2.7770786,3.8822675,1.7320508,0.4472136,False,False,True
209.88,3,0.0,35.6796,5.3512893,14.487236,1.7320508,0.0,False,True,False
369.912,3,0.2,-13.8717,5.9159646,19.233097,1.7320508,0.4472136,False,False,True
10.368,2,0.2,3.6288,2.4308023,3.2199378,1.4142135,0.4472136,False,False,True
166.84,5,0.2,18.7695,5.123011,12.916656,2.236068,0.4472136,False,False,True
15.216,1,0.2,2.2824,2.7859983,3.9007692,1.0,0.4472136,False,False,True
119.96,4,0.0,52.7824,4.7954597,10.952625,2.0,0.0,False,False,False
883.92,5,0.2,-110.49,6.785497,29.730793,2.236068,0.4472136,False,False,False
46.72,8,0.2,15.768,3.8653505,6.835203,2.828427,0.4472136,False,False,False
55.48,1,0.0,26.6304,4.0338864,7.4484897,1.0,0.0,False,False,False
24.448,4,0.2,8.8624,3.236637,4.944492,2.0,0.4472136,False,False,True
281.34,6,0.0,109.7226,5.643112,16.773193,2.4494898,0.0,False,False,True
307.98,2,0.0,89.3142,5.7332764,17.549358,1.4142135,0.0,False,False,True
299.97,3,0.0,113.9886,5.7070107,17.319641,1.7320508,0.0,False,False,True
19.92,5,0.2,6.972,3.0407057,4.463183,2.236068,0.4472136,False,True,False
9.94,2,0.0,3.0814,2.3924258,3.1527765,1.4142135,0.0,False,False,False
103.056,3,0.2,24.4758,4.6449294,10.15165,1.7320508,0.4472136,False,False,True
59.808,3,0.2,19.4376,4.1077213,7.7335634,1.7320508,0.4472136,False,False,True
73.32,6,0.0,21.996,4.30838,8.56271,2.4494898,0.0,False,False,True
146.82,3,0.0,73.41,4.9959955,12.11693,1.7320508,0.0,False,False,True
1652.94,3,0.0,231.4116,7.4109154,40.656364,1.7320508,0.0,False,False,True
296.37,3,0.0,80.0199,5.6949773,17.2154,1.7320508,0.0,False,False,True
129.92,5,0.2,21.112,4.8745866,11.398246,2.236068,0.4472136,False,False,True
45.584,7,0.2,5.1282,3.841257,6.7515926,2.6457512,0.4472136,False,False,True
17.568,2,0.2,6.3684,2.9214396,4.1914196,1.4142135,0.4472136,False,False,True
55.992,1,0.2,5.5992,4.042911,7.4827805,1.0,0.4472136,False,False,True
182.72,8,0.0,84.0512,5.213413,13.517396,2.828427,0.0,False,False,False
400.032,2,0.4,-153.3456,5.9940414,20.0008,1.4142135,0.6324555,False,False,False
33.63,3,0.0,10.089,3.5447204,5.799138,1.7320508,0.0,False,False,False
542.646,3,0.1,102.4998,6.2982984,23.294764,1.7320508,0.31622776,False,False,False
6.3,2,0.0,3.024,1.9878744,2.50998,1.4142135,0.0,False,False,False
242.94,3,0.0,9.7176,5.4969225,15.586533,1.7320508,0.0,False,False,True
179.97,3,0.0,86.3856,5.1983314,13.41529,1.7320508,0.0,False,False,True
99.696,6,0.2,33.6474,4.612106,9.984789,2.4494898,0.4472136,False,False,True
27.936,4,0.2,9.4284,3.3650866,5.285452,2.0,0.4472136,False,False,True
84.98,1,0.0,18.6956,4.454115,9.21846,1.0,0.0,False,False,True
18.72,5,0.2,6.552,2.9816334,4.3266616,2.236068,0.4472136,False,False,True
49.98,2,0.0,8.4966,3.9314334,7.0696535,1.4142135,0.0,False,False,True
11.784,3,0.2,4.2717,2.5481944,3.4327831,1.7320508,0.4472136,False,False,True
272.736,3,0.2,-64.7748,5.612164,16.51472,1.7320508,0.4472136,False,False,True
3.54,2,0.8,-5.487,1.512927,1.8814888,1.4142135,0.8944272,False,False,True
51.52,5,0.2,-10.948,3.961194,7.1777434,2.236068,0.4472136,False,False,True
3.528,1,0.2,1.1466,1.5102804,1.8782971,1.0,0.4472136,False,False,True
4.624,1,0.2,1.6762,1.7270432,2.150349,1.0,0.4472136,False,False,True
55.168,4,0.2,6.2064,4.028347,7.4275165,2.0,0.4472136,False,False,True
567.12,10,0.2,-28.356,6.342333,23.814281,3.1622777,0.4472136,True,False,False
359.32,4,0.0,7.1864,5.8869925,18.955738,2.0,0.0,True,False,False
11.992,1,0.2,0.8994,2.5643337,3.4629467,1.0,0.4472136,False,True,False
58.05,3,0.0,26.703,4.0783844,7.6190553,1.7320508,0.0,False,False,True
157.74,11,0.0,56.7864,5.0672674,12.559459,3.3166249,0.0,False,False,True
56.98,7,0.0,22.792,4.060098,7.5485096,2.6457512,0.0,False,False,True
2.88,1,0.0,1.4112,1.3558352,1.6970563,1.0,0.0,False,False,True
1199.976,3,0.2,374.9925,7.09089,34.64067,1.7320508,0.4472136,False,False,False
79.92,4,0.0,28.7712,4.393461,8.939798,2.0,0.0,False,False,True
383.438,4,0.45,-167.3184,5.9517827,19.581573,2.0,0.6708204,False,False,True
24.56,2,0.0,6.8768,3.2410285,4.955805,1.4142135,0.0,False,False,True
119.8,4,0.0,47.92,4.794136,10.945318,2.0,0.0,False,False,True
13.128,3,0.2,4.2666,2.6481586,3.623258,1.7320508,0.4472136,False,False,True
22.72,4,0.0,10.224,3.1663187,4.76655,2.0,0.0,False,False,True
58.32,9,0.0,27.9936,4.0829463,7.636753,3.0,0.0,False,False,True
12.39,3,0.0,5.6994,2.5945082,3.5199432,1.7320508,0.0,False,False,True
107.982,3,0.4,-26.9955,4.6911826,10.3914385,1.7320508,0.6324555,False,False,True
11.36,2,0.0,5.3392,2.5144656,3.3704598,1.4142135,0.0,False,True,False
50.94,3,0.0,25.47,3.9500892,7.1372266,1.7320508,0.0,False,True,False
646.74,6,0.0,258.696,6.4734893,25.431084,2.4494898,0.0,False,True,False
5.64,3,0.0,2.7072,1.893112,2.3748684,1.7320508,0.0,False,True,False
572.58,6,0.0,34.3548,6.3518972,23.928644,2.4494898,0.0,False,True,False
310.88,2,0.2,23.316,5.7426186,17.63179,1.4142135,0.4472136,False,False,True
641.96,2,0.0,179.7488,6.4660826,25.33693,1.4142135,0.0,False,False,True
18.28,2,0.0,9.14,2.9590683,4.2755117,1.4142135,0.0,False,False,True
207.0,3,0.0,51.75,5.3375382,14.387495,1.7320508,0.0,False,False,True
32.35,5,0.0,16.175,3.5070577,5.687706,2.236068,0.0,False,False,True
7.71,1,0.0,3.4695,2.1644719,2.7766886,1.0,0.0,False,False,True
40.3,2,0.0,10.881,3.7208624,6.348228,1.4142135,0.0,False,False,True
34.58,7,0.0,14.5236,3.5717838,5.880476,2.6457512,0.0,False,False,True
32.76,7,0.2,3.6855,3.5192766,5.723635,2.6457512,0.4472136,False,False,True
544.008,3,0.2,40.8006,6.3008003,23.323978,1.7320508,0.4472136,False,False,False
59.94,3,0.0,28.1718,4.10989,7.7420926,1.7320508,0.0,False,False,False
23.92,4,0.0,11.7208,3.2156706,4.8908076,2.0,0.0,False,False,False
4.28,1,0.0,1.926,1.6639261,2.0688162,1.0,0.0,False,False,False
32.07,5,0.7,-22.449,3.4986265,5.6630383,2.236068,0.83666,False,True,False
24.0,2,0.2,-2.7,3.218876,4.8989797,1.4142135,0.4472136,False,True,False
35.49,1,0.5,-15.6156,3.5970383,5.9573483,1.0,0.70710677,False,True,False
47.984,2,0.2,0.5998,3.8914938,6.927048,1.4142135,0.4472136,False,True,False
186.69,3,0.0,87.7443,5.2347918,13.663455,1.7320508,0.0,False,False,True
17.456,2,0.2,5.8914,2.9153895,4.1780376,1.4142135,0.4472136,False,True,False
348.928,2,0.2,34.8928,5.8577275,18.679615,1.4142135,0.4472136,False,False,True
143.96,4,0.0,69.1008,4.976458,11.998333,2.0,0.0,False,False,True
15.42,1,0.0,4.1634,2.7985,3.9268308,1.0,0.0,False,False,True
43.04,8,0.0,21.0896,3.7850983,6.5604877,2.828427,0.0,False,False,True
332.94,3,0.0,79.9056,5.8109612,18.246643,1.7320508,0.0,False,False,True
1363.96,5,0.2,85.2475,7.21888,36.931828,2.236068,0.4472136,True,False,False
9.96,2,0.0,4.5816,2.3942523,3.1559467,1.4142135,0.0,False,False,True
21.72,4,0.0,10.6428,3.1232455,4.660472,2.0,0.0,False,False,True
20.16,7,0.0,9.8784,3.0521126,4.489989,2.6457512,0.0,False,False,True
132.79,7,0.0,63.7392,4.896271,11.523455,2.6457512,0.0,False,False,False
12.96,2,0.0,6.2208,2.6361961,3.6,1.4142135,0.0,False,False,False
21.56,7,0.0,10.3488,3.1161785,4.643275,2.6457512,0.0,False,False,False
283.92,5,0.2,17.745,5.6522083,16.849926,2.236068,0.4472136,False,False,True
22.23,1,0.0,7.3359,3.1454446,4.71487,1.0,0.0,False,False,False
215.968,2,0.2,18.8972,5.37975,14.695849,1.4142135,0.4472136,False,False,False
355.32,9,0.0,99.4896,5.875829,18.849934,3.0,0.0,False,True,False
12.96,2,0.0,6.2208,2.6361961,3.6,1.4142135,0.0,False,False,True
18.28,2,0.0,6.2152,2.9590683,4.2755117,1.4142135,0.0,False,False,False
43.176,3,0.2,4.3176,3.7881815,6.5708447,1.7320508,0.4472136,False,False,True
1983.968,4,0.2,247.996,7.593358,44.541756,2.0,0.4472136,False,False,True
28.4,2,0.0,11.076,3.3809946,5.329165,1.4142135,0.0,False,False,False
149.97,3,0.0,50.9898,5.0170813,12.246223,1.7320508,0.0,False,False,False
11.52,4,0.0,3.2256,2.5273273,3.3941126,2.0,0.0,False,False,False
1298.55,5,0.0,311.652,7.169773,36.0354,2.236068,0.0,False,False,False
213.92,4,0.0,62.0368,5.370266,14.626004,2.0,0.0,False,False,False
25.78,2,0.0,2.578,3.2876554,5.0774007,1.4142135,0.0,False,False,False
18.28,2,0.0,6.2152,2.9590683,4.2755117,1.4142135,0.0,True,False,False
1399.93,7,0.0,601.9699,7.2448916,37.415638,2.6457512,0.0,True,False,False
51.84,8,0.0,24.8832,3.9672685,7.2,2.828427,0.0,False,False,False
5.344,1,0.2,1.8704,1.8475095,2.3117094,1.0,0.4472136,False,False,True
41.472,8,0.2,14.5152,3.748845,6.4398756,2.828427,0.4472136,False,False,True
3.168,3,0.7,-2.4288,1.4274364,1.7798877,1.7320508,0.83666,False,False,True
1228.465,5,0.3,0.0,7.1143346,35.049465,2.236068,0.5477226,False,False,True
31.086,3,0.7,-22.7964,3.4684198,5.575482,1.7320508,0.83666,False,False,True
335.52,4,0.2,117.432,5.8186574,18.317205,2.0,0.4472136,False,False,True
239.97,3,0.0,71.991,5.4846725,15.490965,1.7320508,0.0,False,False,True
9.82,2,0.0,4.8118,2.3813963,3.133688,1.4142135,0.0,False,False,True
67.8,4,0.0,4.068,4.2312036,8.234076,2.0,0.0,False,False,True
167.97,3,0.0,40.3128,5.129721,12.960324,1.7320508,0.0,False,False,True
35.0,7,0.0,16.8,3.583519,5.91608,2.6457512,0.0,False,False,True
37.24,4,0.0,10.7996,3.643882,6.1024585,2.0,0.0,False,False,True
15.28,2,0.0,7.4872,2.7899373,3.9089642,1.4142135,0.0,False,False,True
301.96,2,0.0,90.588,5.7136006,17.376997,1.4142135,0.0,False,True,False
180.66,3,0.0,50.5848,5.202137,13.440982,1.7320508,0.0,False,True,False
191.98,2,0.0,51.8346,5.2625866,13.855684,1.4142135,0.0,False,True,False
65.99,1,0.0,17.1574,4.2045436,8.123423,1.0,0.0,False,True,False
35.216,2,0.2,2.6412,3.589501,5.934307,1.4142135,0.4472136,False,False,True
23.696,2,0.2,6.5164,3.2066412,4.8678536,1.4142135,0.4472136,False,False,True
265.475,1,0.5,-111.4995,5.5852804,16.293404,1.0,0.70710677,False,False,True
51.184,4,0.8,-79.3352,3.954776,7.1542993,2.0,0.8944272,False,True,False
9.664,2,0.2,3.2616,2.3668735,3.1086974,1.4142135,0.4472136,False,False,True
21.072,3,0.2,1.5804,3.0943098,4.590425,1.7320508,0.4472136,False,False,True
60.45,3,0.0,16.3215,4.1182237,7.77496,1.7320508,0.0,False,False,True
11.52,4,0.0,3.3408,2.5273273,3.3941126,2.0,0.0,False,False,True
186.048,4,0.2,9.3024,5.231365,13.639941,2.0,0.4472136,False,False,True
37.44,4,0.2,11.7,3.6490986,6.1188235,2.0,0.4472136,False,False,False
26.976,4,0.2,8.7672,3.331347,5.1938424,2.0,0.4472136,False,False,False
11.36,2,0.0,3.2944,2.5144656,3.3704598,1.4142135,0.0,False,False,False
14.62,2,0.0,6.8714,2.748552,3.8236108,1.4142135,0.0,False,False,False
83.72,7,0.0,23.4416,4.4393516,9.149863,2.6457512,0.0,False,False,True
287.94,3,0.0,77.7438,5.666219,16.968796,1.7320508,0.0,False,False,True
48.896,4,0.2,8.5568,3.909941,6.9925675,2.0,0.4472136,False,False,True
115.36,7,0.0,49.6048,4.756689,10.740578,2.6457512,0.0,False,False,True
5.16,2,0.0,1.3416,1.8180767,2.2715633,1.4142135,0.0,False,True,False
38.88,6,0.0,18.6624,3.685875,6.235383,2.4494898,0.0,False,True,False
185.88,6,0.0,50.1876,5.230467,13.633781,2.4494898,0.0,False,False,True
44.46,2,0.0,14.6718,3.8168328,6.6678333,1.4142135,0.0,False,False,True
242.94,3,0.0,9.7176,5.4969225,15.586533,1.7320508,0.0,False,False,True
39.96,2,0.0,18.7812,3.712596,6.321392,1.4142135,0.0,False,False,True
102.3,10,0.0,26.598,4.637637,10.1143465,3.1622777,0.0,False,False,True
21.36,2,0.0,5.7672,3.1072736,4.621688,1.4142135,0.0,False,False,True
7.61,1,0.0,3.5767,2.1529243,2.758623,1.0,0.0,False,False,True
7.16,2,0.0,3.58,2.099244,2.6758177,1.4142135,0.0,False,False,True
7.36,2,0.0,0.1472,2.1234584,2.712932,1.4142135,0.0,False,False,True
23.1,2,0.0,10.626,3.1822119,4.806246,1.4142135,0.0,False,False,True
191.472,6,0.2,40.6878,5.2599506,13.83734,2.4494898,0.4472136,False,True,False
5.248,2,0.2,0.5904,1.8322614,2.2908514,1.4142135,0.4472136,False,True,False
59.184,2,0.2,5.1786,4.0974064,7.693114,1.4142135,0.4472136,False,True,False
2.89,1,0.0,1.3583,1.3584092,1.7,1.0,0.0,False,False,True
51.94,1,0.0,21.2954,3.9691591,7.206941,1.0,0.0,False,False,True
15.936,4,0.2,5.1792,2.8294415,3.991992,2.0,0.4472136,False,False,False
44.91,6,0.7,-35.928,3.826683,6.7014923,2.4494898,0.83666,False,False,True
1141.47,5,0.7,-760.98,7.040948,33.78565,2.236068,0.83666,False,False,False
280.782,3,0.4,-46.797,5.641134,16.756552,1.7320508,0.6324555,False,False,False
34.44,3,0.0,17.22,3.567841,5.8685603,1.7320508,0.0,False,False,False
11.36,2,0.0,5.2256,2.5144656,3.3704598,1.4142135,0.0,False,False,True
106.344,7,0.2,37.2204,4.6760387,10.312323,2.6457512,0.4472136,False,False,True
192.16,5,0.2,67.256,5.263519,13.862179,2.236068,0.4472136,False,False,True
322.59,3,0.0,64.518,5.779477,17.96079,1.7320508,0.0,False,False,True
29.99,1,0.0,13.1956,3.4336646,5.4763126,1.0,0.0,False,False,True
371.97,3,0.0,66.9546,5.921498,19.286524,1.7320508,0.0,False,False,True
5.892,4,0.7,-4.1244,1.9303613,2.4273443,2.0,0.83666,False,False,True
68.472,3,0.2,23.1093,4.240924,8.274781,1.7320508,0.4472136,False,True,False
1242.9,5,0.1,262.39,7.126007,35.254787,2.236068,0.31622776,False,True,False
30.84,2,0.0,8.3268,3.4607234,5.553377,1.4142135,0.0,False,False,True
13.48,4,0.0,5.9312,2.6727684,3.671512,2.0,0.0,True,False,False
31.4,5,0.0,10.048,3.4781585,5.6035705,2.236068,0.0,False,False,False
17.46,2,0.0,5.9364,2.9156063,4.1785164,1.4142135,0.0,False,False,True
13.944,3,0.2,4.5318,2.70431,3.7341666,1.7320508,0.4472136,False,True,False
83.76,12,0.0,1.6752,4.4398236,9.152049,3.4641016,0.0,False,False,True
37.66,7,0.0,18.4534,3.6548054,6.1367745,2.6457512,0.0,False,False,True
34.68,6,0.0,16.9932,3.5745902,5.8889728,2.4494898,0.0,False,False,True
149.95,5,0.0,14.995,5.0169487,12.245407,2.236068,0.0,False,False,True
51.312,3,0.2,18.6006,3.9572258,7.1632395,1.7320508,0.4472136,False,False,True
4.54,1,0.0,2.043,1.7119945,2.1307275,1.0,0.0,False,False,False
15.92,4,0.0,5.4128,2.8284965,3.9899874,2.0,0.0,False,False,False
543.92,8,0.0,135.98,6.300639,23.322092,2.828427,0.0,False,False,False
155.82,7,0.0,42.0714,5.0550985,12.482788,2.6457512,0.0,False,False,False
70.008,3,0.2,24.5028,4.2627926,8.367079,1.7320508,0.4472136,False,False,False
15.648,2,0.2,5.0856,2.8122902,3.9557552,1.4142135,0.4472136,False,True,False
103.6,7,0.0,51.8,4.6501436,10.178409,2.6457512,0.0,False,False,True
46.96,8,0.0,22.5408,3.8703673,6.8527365,2.828427,0.0,False,True,False
8.904,2,0.7,-6.5296,2.2929387,2.983957,1.4142135,0.83666,False,False,False
10.44,5,0.2,3.393,2.437116,3.231099,2.236068,0.4472136,False,False,False
18.336,4,0.8,-32.088,2.9619687,4.2820554,2.0,0.8944272,False,False,False
323.976,3,0.2,20.2485,5.7837515,17.999332,1.7320508,0.4472136,False,False,False
20.04,3,0.0,9.6192,3.0464253,4.476606,1.7320508,0.0,False,False,True
64.96,2,0.0,2.5984,4.1890483,8.059776,1.4142135,0.0,False,False,True
12.96,2,0.0,6.2208,2.6361961,3.6,1.4142135,0.0,False,False,True
323.136,4,0.2,12.1176,5.781163,17.975985,2.0,0.4472136,False,False,True
90.93,7,0.0,2.7279,4.5210276,9.535723,2.6457512,0.0,False,False,True
52.776,3,0.2,19.791,3.9848273,7.264709,1.7320508,0.4472136,False,False,True
1199.8,4,0.0,323.946,7.090743,34.63813,2.0,0.0,False,False,True
1928.78,7,0.0,829.3754,7.565161,43.917877,2.6457512,0.0,False,False,True
352.38,2,0.0,81.0474,5.867544,18.771788,1.4142135,0.0,False,False,True
22.2,6,0.0,9.102,3.1441522,4.7116876,2.4494898,0.0,False,False,True
46.94,1,0.0,19.2454,3.8699503,6.8512774,1.0,0.0,False,False,False
143.73,9,0.0,56.0547,4.9748697,11.988745,3.0,0.0,False,False,False
99.918,2,0.3,-18.5562,4.6143084,9.995899,1.4142135,0.5477226,False,False,True
797.944,4,0.3,-56.996,6.683291,28.247902,2.0,0.5477226,False,False,True
8.568,3,0.8,-14.5656,2.2584243,2.9271147,1.7320508,0.8944272,False,False,True
149.352,3,0.2,50.4063,5.012979,12.220965,1.7320508,0.4472136,False,False,True
12.992,1,0.2,-0.812,2.6384857,3.6044416,1.0,0.4472136,False,False,True
24.56,2,0.0,6.8768,3.2410285,4.955805,1.4142135,0.0,False,False,True
85.14,3,0.0,34.9074,4.455974,9.227134,1.7320508,0.0,False,False,True
21.99,1,0.0,10.5552,3.1350594,4.6893497,1.0,0.0,False,False,True
406.6,5,0.0,113.848,6.0102863,20.164326,2.236068,0.0,False,False,True
841.568,2,0.2,294.5488,6.7364545,29.009792,1.4142135,0.4472136,False,False,True
15.552,3,0.2,5.4432,2.8065069,3.9436023,1.7320508,0.4472136,False,False,False
252.0,5,0.2,53.55,5.5333896,15.874508,2.236068,0.4472136,False,False,False
46.2,4,0.0,12.936,3.854394,6.797058,2.0,0.0,False,False,True
28.84,2,0.0,9.5172,3.3958497,5.370289,1.4142135,0.0,False,False,True
14.592,3,0.2,2.5536,2.746758,3.8199477,1.7320508,0.4472136,False,False,False
89.856,3,0.2,21.3408,4.509276,9.47924,1.7320508,0.4472136,False,False,False
13.872,3,0.2,5.0286,2.6994803,3.7245133,1.7320508,0.4472136,False,False,False
12.192,3,0.2,4.1148,2.5796106,3.4917045,1.7320508,0.4472136,False,False,True
45.056,8,0.2,15.2064,3.829858,6.7123766,2.828427,0.4472136,False,False,True
29.718,6,0.7,-21.7932,3.4248488,5.4514217,2.4494898,0.83666,False,False,True
15.552,3,0.2,5.4432,2.8065069,3.9436023,1.7320508,0.4472136,False,False,True
447.696,2,0.2,33.5772,6.1063457,21.158829,1.4142135,0.4472136,False,False,True
159.99,1,0.0,54.3966,5.081342,12.648715,1.0,0.0,False,False,False
12.96,2,0.0,6.2208,2.6361961,3.6,1.4142135,0.0,False,False,True
134.48,4,0.0,34.9648,4.908824,11.596551,2.0,0.0,False,False,True
17.12,2,0.0,8.0464,2.8970163,4.1376324,1.4142135,0.0,False,False,False
6.096,2,0.2,2.2098,1.9595312,2.469008,1.4142135,0.4472136,False,False,True
1114.272,4,0.2,41.7852,7.016854,33.380714,2.0,0.4472136,False,False,True
32.4,5,0.0,15.552,3.508556,5.6920996,2.236068,0.0,False,False,True
540.57,3,0.0,140.5482,6.294472,23.250162,1.7320508,0.0,False,False,True
167.76,5,0.2,62.91,5.1284776,12.95222,2.236068,0.4472136,False,False,True
393.165,3,0.5,-204.4458,5.9767694,19.828388,1.7320508,0.70710677,False,False,False
516.488,7,0.2,-12.9122,6.2489862,22.726372,2.6457512,0.4472136,False,False,True
1007.232,6,0.2,75.5424,6.9159536,31.73692,2.4494898,0.4472136,False,False,True
2065.32,12,0.4,-619.596,7.6335244,45.445793,3.4641016,0.6324555,False,False,True
15.552,3,0.2,5.4432,2.8065069,3.9436023,1.7320508,0.4472136,False,False,True
25.344,6,0.2,7.92,3.2712405,5.0342827,2.4494898,0.4472136,False,False,True
25.472,4,0.2,7.6416,3.2760875,5.0469794,2.0,0.4472136,False,False,True
27.168,2,0.2,2.7168,3.3381865,5.212293,1.4142135,0.4472136,False,False,True
78.8528,2,0.32,-11.596,4.380185,8.8799095,1.4142135,0.56568545,False,False,True
173.8,5,0.0,43.45,5.1636424,13.183323,2.236068,0.0,False,False,True
29.592,1,0.2,2.5893,3.4207385,5.4398527,1.0,0.4472136,False,True,False
4.752,2,0.7,-3.168,1.7495476,2.1799083,1.4142135,0.83666,False,True,False
15.552,3,0.2,5.6376,2.8065069,3.9436023,1.7320508,0.4472136,False,True,False
204.6,2,0.0,53.196,5.3259325,14.303845,1.4142135,0.0,True,False,False
321.568,2,0.2,28.1372,5.776314,17.932318,1.4142135,0.4472136,False,False,True
6.24,2,0.0,3.0576,1.9796212,2.4979992,1.4142135,0.0,False,False,True
21.88,2,0.0,10.94,3.130263,4.677606,1.4142135,0.0,False,False,False
4.608,2,0.2,1.6704,1.7241942,2.1466253,1.4142135,0.4472136,False,True,False
9.82,2,0.0,4.8118,2.3813963,3.133688,1.4142135,0.0,False,False,False
35.97,3,0.0,9.7119,3.6101067,5.9974995,1.7320508,0.0,False,False,False
12.96,2,0.0,6.2208,2.6361961,3.6,1.4142135,0.0,False,False,False
191.6,4,0.0,91.968,5.2606153,13.841965,2.0,0.0,False,False,False
8.64,3,0.0,4.2336,2.265921,2.9393878,1.7320508,0.0,False,False,False
501.81,3,0.0,0.0,6.2202125,22.401115,1.7320508,0.0,False,False,False
127.104,6,0.2,28.5984,4.8528423,11.274041,2.4494898,0.4472136,False,True,False
124.2,3,0.4,-31.05,4.8299127,11.1445055,1.7320508,0.6324555,False,True,False
18.588,2,0.7,-13.6312,2.9749172,4.3113804,1.4142135,0.83666,False,True,False
30.072,3,0.2,10.1493,3.4363072,5.483794,1.7320508,0.4472136,False,True,False
160.93,7,0.0,3.2186,5.087164,12.685819,2.6457512,0.0,False,True,False
75.792,3,0.2,25.5798,4.3411007,8.70586,1.7320508,0.4472136,False,True,False
1.08,2,0.7,-0.792,0.7323679,1.0392305,1.4142135,0.83666,False,False,True
3059.982,2,0.1,679.996,8.026491,55.317104,1.4142135,0.31622776,False,False,False
3.282,2,0.7,-2.6256,1.4544202,1.811629,1.4142135,0.83666,False,False,False
34.02,3,0.0,16.6698,3.5559194,5.8326664,1.7320508,0.0,False,False,False
599.292,6,0.1,93.2232,6.397416,24.480442,2.4494898,0.31622776,False,False,True
3.392,1,0.2,0.8056,1.4797847,1.8417383,1.0,0.4472136,False,True,False
559.984,2,0.2,55.9984,6.3296924,23.66398,1.4142135,0.4472136,False,True,False
603.92,5,0.2,75.49,6.405096,24.574783,2.236068,0.4472136,False,True,False
7.968,2,0.2,2.5896,2.1936626,2.8227646,1.4142135,0.4472136,False,False,True
27.968,4,0.2,9.4392,3.3661919,5.288478,2.0,0.4472136,False,False,True
336.51,3,0.4,44.868,5.821595,18.34421,1.7320508,0.6324555,False,False,True
1.112,2,0.8,-1.8904,0.74763536,1.054514,1.4142135,0.8944272,True,False,False
520.05,5,0.0,72.807,6.255846,22.804605,2.236068,0.0,False,False,True
17.97,3,0.0,5.2113,2.9428587,4.239104,1.7320508,0.0,False,False,True
1166.92,5,0.2,131.2785,7.0629797,34.16021,2.236068,0.4472136,False,True,False
14.624,2,0.2,5.484,2.7488081,3.8241339,1.4142135,0.4472136,False,False,False
10.23,3,0.0,4.9104,2.4185889,3.1984372,1.7320508,0.0,False,False,False
154.9,5,0.0,69.705,5.049215,12.445883,2.236068,0.0,False,False,False
2715.93,7,0.0,1276.487,7.907258,52.114586,2.6457512,0.0,False,False,True
617.97,3,0.0,173.0316,6.4280567,24.859003,1.7320508,0.0,False,False,True
10.67,1,0.0,4.9082,2.4570215,3.2664967,1.0,0.0,False,False,True
36.63,3,0.0,9.8901,3.6278017,6.0522723,1.7320508,0.0,False,False,True
24.1,5,0.0,9.158,3.2228677,4.909175,2.236068,0.0,False,False,True
