Date,Open,Date_year,Date_month,Date_day,Date_dayofweek,Date_quarter
2015-04-01 16:00:00,40.6,2015.0,4.0,1.0,2.0,2.0
2015-04-02 16:00:00,40.66,2015.0,4.0,2.0,3.0,2.0
2015-04-06 16:00:00,40.34,2015.0,4.0,6.0,0.0,2.0
2015-04-07 16:00:00,41.61,2015.0,4.0,7.0,1.0,2.0
2015-04-08 16:00:00,41.48,2015.0,4.0,8.0,2.0,2.0
2015-04-09 16:00:00,41.25,2015.0,4.0,9.0,3.0,2.0
2015-04-10 16:00:00,41.63,2015.0,4.0,10.0,4.0,2.0
Unknown,41.4,0.0,0.0,0.0,0.0,0.0
Unknown,41.8,0.0,0.0,0.0,0.0,0.0
Unknown,41.76,0.0,0.0,0.0,0.0,0.0
Unknown,41.95,0.0,0.0,0.0,0.0,0.0
Unknown,41.67,0.0,0.0,0.0,0.0,0.0
Unknown,41.73,0.0,0.0,0.0,0.0,0.0
Unknown,43.0,0.0,0.0,0.0,0.0,0.0
Unknown,42.67,0.0,0.0,0.0,0.0,0.0
Unknown,42.85,0.0,0.0,0.0,0.0,0.0
Unknown,45.66,0.0,0.0,0.0,0.0,0.0
Unknown,47.23,0.0,0.0,0.0,0.0,0.0
Unknown,47.78,0.0,0.0,0.0,0.0,0.0
Unknown,48.72,0.0,0.0,0.0,0.0,0.0
Unknown,48.7,0.0,0.0,0.0,0.0,0.0
2015-05-01 16:00:00,48.58,2015.0,5.0,1.0,4.0,2.0
2015-05-04 16:00:00,48.37,2015.0,5.0,4.0,0.0,2.0
2015-05-05 16:00:00,47.82,2015.0,5.0,5.0,1.0,2.0
2015-05-06 16:00:00,47.57,2015.0,5.0,6.0,2.0,2.0
2015-05-07 16:00:00,46.27,2015.0,5.0,7.0,3.0,2.0
2015-05-08 16:00:00,47.55,2015.0,5.0,8.0,4.0,2.0
2015-05-11 16:00:00,47.55,2015.0,5.0,11.0,0.0,2.0
2015-05-12 16:00:00,46.85,2015.0,5.0,12.0,1.0,2.0
Unknown,48.19,0.0,0.0,0.0,0.0,0.0
Unknown,48.03,0.0,0.0,0.0,0.0,0.0
Unknown,48.87,0.0,0.0,0.0,0.0,0.0
Unknown,47.98,0.0,0.0,0.0,0.0,0.0
Unknown,47.62,0.0,0.0,0.0,0.0,0.0
Unknown,47.39,0.0,0.0,0.0,0.0,0.0
Unknown,47.28,0.0,0.0,0.0,0.0,0.0
Unknown,47.3,0.0,0.0,0.0,0.0,0.0
Unknown,46.83,0.0,0.0,0.0,0.0,0.0
Unknown,46.82,0.0,0.0,0.0,0.0,0.0
Unknown,47.5,0.0,0.0,0.0,0.0,0.0
Unknown,47.43,0.0,0.0,0.0,0.0,0.0
2015-06-01 16:00:00,47.06,2015.0,6.0,1.0,0.0,2.0
2015-06-02 16:00:00,46.95,2015.0,6.0,2.0,1.0,2.0
2015-06-03 16:00:00,47.37,2015.0,6.0,3.0,2.0,2.0
2015-06-04 16:00:00,46.79,2015.0,6.0,4.0,3.0,2.0
2015-06-05 16:00:00,46.31,2015.0,6.0,5.0,4.0,2.0
2015-06-08 16:00:00,46.3,2015.0,6.0,8.0,0.0,2.0
2015-06-09 16:00:00,45.76,2015.0,6.0,9.0,1.0,2.0
2015-06-10 16:00:00,45.79,2015.0,6.0,10.0,2.0,2.0
2015-06-11 16:00:00,46.66,2015.0,6.0,11.0,3.0,2.0
2015-06-12 16:00:00,46.2,2015.0,6.0,12.0,4.0,2.0
Unknown,45.45,0.0,0.0,0.0,0.0,0.0
Unknown,45.35,0.0,0.0,0.0,0.0,0.0
Unknown,45.73,0.0,0.0,0.0,0.0,0.0
Unknown,46.22,0.0,0.0,0.0,0.0,0.0
Unknown,46.79,0.0,0.0,0.0,0.0,0.0
Unknown,46.33,0.0,0.0,0.0,0.0,0.0
Unknown,46.13,0.0,0.0,0.0,0.0,0.0
Unknown,45.68,0.0,0.0,0.0,0.0,0.0
Unknown,46.03,0.0,0.0,0.0,0.0,0.0
Unknown,45.65,0.0,0.0,0.0,0.0,0.0
Unknown,45.04,0.0,0.0,0.0,0.0,0.0
Unknown,44.71,0.0,0.0,0.0,0.0,0.0
2015-07-01 16:00:00,44.49,2015.0,7.0,1.0,2.0,3.0
2015-07-02 16:00:00,44.48,2015.0,7.0,2.0,3.0,3.0
2015-07-06 16:00:00,43.96,2015.0,7.0,6.0,0.0,3.0
2015-07-07 16:00:00,44.34,2015.0,7.0,7.0,1.0,3.0
2015-07-08 16:00:00,44.44,2015.0,7.0,8.0,2.0,3.0
2015-07-09 16:00:00,44.75,2015.0,7.0,9.0,3.0,3.0
2015-07-10 16:00:00,45.01,2015.0,7.0,10.0,4.0,3.0
Unknown,44.98,0.0,0.0,0.0,0.0,0.0
Unknown,45.45,0.0,0.0,0.0,0.0,0.0
Unknown,45.68,0.0,0.0,0.0,0.0,0.0
Unknown,46.01,0.0,0.0,0.0,0.0,0.0
Unknown,46.55,0.0,0.0,0.0,0.0,0.0
Unknown,46.65,0.0,0.0,0.0,0.0,0.0
Unknown,46.78,0.0,0.0,0.0,0.0,0.0
Unknown,45.44,0.0,0.0,0.0,0.0,0.0
Unknown,45.27,0.0,0.0,0.0,0.0,0.0
Unknown,45.91,0.0,0.0,0.0,0.0,0.0
Unknown,45.94,0.0,0.0,0.0,0.0,0.0
Unknown,45.58,0.0,0.0,0.0,0.0,0.0
Unknown,45.4,0.0,0.0,0.0,0.0,0.0
Unknown,46.26,0.0,0.0,0.0,0.0,0.0
Unknown,47.29,0.0,0.0,0.0,0.0,0.0
2015-08-03 16:00:00,46.98,2015.0,8.0,3.0,0.0,3.0
2015-08-04 16:00:00,46.75,2015.0,8.0,4.0,1.0,3.0
2015-08-05 16:00:00,47.98,2015.0,8.0,5.0,2.0,3.0
2015-08-06 16:00:00,47.71,2015.0,8.0,6.0,3.0,3.0
2015-08-07 16:00:00,46.39,2015.0,8.0,7.0,4.0,3.0
2015-08-10 16:00:00,46.95,2015.0,8.0,10.0,0.0,3.0
2015-08-11 16:00:00,46.82,2015.0,8.0,11.0,1.0,3.0
2015-08-12 16:00:00,46.19,2015.0,8.0,12.0,2.0,3.0
Unknown,47.06,0.0,0.0,0.0,0.0,0.0
Unknown,46.53,0.0,0.0,0.0,0.0,0.0
Unknown,46.81,0.0,0.0,0.0,0.0,0.0
Unknown,46.84,0.0,0.0,0.0,0.0,0.0
Unknown,46.78,0.0,0.0,0.0,0.0,0.0
Unknown,46.07,0.0,0.0,0.0,0.0,0.0
Unknown,45.3,0.0,0.0,0.0,0.0,0.0
Unknown,40.45,0.0,0.0,0.0,0.0,0.0
Unknown,42.57,0.0,0.0,0.0,0.0,0.0
Unknown,42.01,0.0,0.0,0.0,0.0,0.0
Unknown,43.23,0.0,0.0,0.0,0.0,0.0
Unknown,43.4,0.0,0.0,0.0,0.0,0.0
Unknown,43.56,0.0,0.0,0.0,0.0,0.0
2015-09-01 16:00:00,42.17,2015.0,9.0,1.0,1.0,3.0
2015-09-02 16:00:00,42.36,2015.0,9.0,2.0,2.0,3.0
2015-09-03 16:00:00,43.41,2015.0,9.0,3.0,3.0,3.0
2015-09-04 16:00:00,42.81,2015.0,9.0,4.0,4.0,3.0
2015-09-08 16:00:00,43.3,2015.0,9.0,8.0,1.0,3.0
2015-09-09 16:00:00,44.21,2015.0,9.0,9.0,2.0,3.0
2015-09-10 16:00:00,43.12,2015.0,9.0,10.0,3.0,3.0
2015-09-11 16:00:00,43.14,2015.0,9.0,11.0,4.0,3.0
Unknown,43.43,0.0,0.0,0.0,0.0,0.0
Unknown,43.19,0.0,0.0,0.0,0.0,0.0
Unknown,43.97,0.0,0.0,0.0,0.0,0.0
Unknown,44.29,0.0,0.0,0.0,0.0,0.0
Unknown,43.5,0.0,0.0,0.0,0.0,0.0
Unknown,43.62,0.0,0.0,0.0,0.0,0.0
Unknown,43.38,0.0,0.0,0.0,0.0,0.0
Unknown,43.93,0.0,0.0,0.0,0.0,0.0
Unknown,43.45,0.0,0.0,0.0,0.0,0.0
Unknown,44.48,0.0,0.0,0.0,0.0,0.0
Unknown,43.83,0.0,0.0,0.0,0.0,0.0
Unknown,43.37,0.0,0.0,0.0,0.0,0.0
Unknown,43.88,0.0,0.0,0.0,0.0,0.0
2015-10-01 16:00:00,44.75,2015.0,10.0,1.0,3.0,4.0
2015-10-02 16:00:00,44.27,2015.0,10.0,2.0,4.0,4.0
2015-10-05 16:00:00,45.75,2015.0,10.0,5.0,0.0,4.0
2015-10-06 16:00:00,46.33,2015.0,10.0,6.0,1.0,4.0
2015-10-07 16:00:00,47.1,2015.0,10.0,7.0,2.0,4.0
2015-10-08 16:00:00,46.56,2015.0,10.0,8.0,3.0,4.0
2015-10-09 16:00:00,47.45,2015.0,10.0,9.0,4.0,4.0
2015-10-12 16:00:00,46.98,2015.0,10.0,12.0,0.0,4.0
Unknown,46.56,0.0,0.0,0.0,0.0,0.0
Unknown,46.65,0.0,0.0,0.0,0.0,0.0
Unknown,47.01,0.0,0.0,0.0,0.0,0.0
Unknown,47.02,0.0,0.0,0.0,0.0,0.0
Unknown,47.42,0.0,0.0,0.0,0.0,0.0
Unknown,47.44,0.0,0.0,0.0,0.0,0.0
Unknown,47.92,0.0,0.0,0.0,0.0,0.0
Unknown,47.53,0.0,0.0,0.0,0.0,0.0
Unknown,52.3,0.0,0.0,0.0,0.0,0.0
Unknown,52.53,0.0,0.0,0.0,0.0,0.0
Unknown,53.99,0.0,0.0,0.0,0.0,0.0
Unknown,53.54,0.0,0.0,0.0,0.0,0.0
Unknown,53.54,0.0,0.0,0.0,0.0,0.0
Unknown,53.32,0.0,0.0,0.0,0.0,0.0
2015-11-02 16:00:00,52.85,2015.0,11.0,2.0,0.0,4.0
2015-11-03 16:00:00,52.93,2015.0,11.0,3.0,1.0,4.0
2015-11-04 16:00:00,54.18,2015.0,11.0,4.0,2.0,4.0
2015-11-05 16:00:00,54.49,2015.0,11.0,5.0,3.0,4.0
2015-11-06 16:00:00,54.09,2015.0,11.0,6.0,4.0,4.0
2015-11-09 16:00:00,54.55,2015.0,11.0,9.0,0.0,4.0
2015-11-10 16:00:00,54.01,2015.0,11.0,10.0,1.0,4.0
2015-11-11 16:00:00,53.7,2015.0,11.0,11.0,2.0,4.0
2015-11-12 16:00:00,53.48,2015.0,11.0,12.0,3.0,4.0
Unknown,53.07,0.0,0.0,0.0,0.0,0.0
Unknown,53.08,0.0,0.0,0.0,0.0,0.0
Unknown,53.17,0.0,0.0,0.0,0.0,0.0
Unknown,53.0,0.0,0.0,0.0,0.0,0.0
Unknown,53.99,0.0,0.0,0.0,0.0,0.0
Unknown,54.25,0.0,0.0,0.0,0.0,0.0
Unknown,54.25,0.0,0.0,0.0,0.0,0.0
Unknown,53.92,0.0,0.0,0.0,0.0,0.0
Unknown,54.09,0.0,0.0,0.0,0.0,0.0
Unknown,53.8,0.0,0.0,0.0,0.0,0.0
Unknown,54.54,0.0,0.0,0.0,0.0,0.0
2015-12-01 16:00:00,54.41,2015.0,12.0,1.0,1.0,4.0
2015-12-02 16:00:00,55.32,2015.0,12.0,2.0,2.0,4.0
2015-12-03 16:00:00,55.49,2015.0,12.0,3.0,3.0,4.0
2015-12-04 16:00:00,54.12,2015.0,12.0,4.0,4.0,4.0
2015-12-07 16:00:00,55.79,2015.0,12.0,7.0,0.0,4.0
2015-12-08 16:00:00,55.47,2015.0,12.0,8.0,1.0,4.0
2015-12-09 16:00:00,55.37,2015.0,12.0,9.0,2.0,4.0
2015-12-10 16:00:00,55.39,2015.0,12.0,10.0,3.0,4.0
2015-12-11 16:00:00,54.71,2015.0,12.0,11.0,4.0,4.0
Unknown,54.33,0.0,0.0,0.0,0.0,0.0
Unknown,55.66,0.0,0.0,0.0,0.0,0.0
Unknown,55.54,0.0,0.0,0.0,0.0,0.0
Unknown,56.36,0.0,0.0,0.0,0.0,0.0
Unknown,55.77,0.0,0.0,0.0,0.0,0.0
Unknown,54.88,0.0,0.0,0.0,0.0,0.0
Unknown,54.99,0.0,0.0,0.0,0.0,0.0
Unknown,55.7,0.0,0.0,0.0,0.0,0.0
Unknown,55.86,0.0,0.0,0.0,0.0,0.0
Unknown,55.35,0.0,0.0,0.0,0.0,0.0
Unknown,56.29,0.0,0.0,0.0,0.0,0.0
Unknown,56.47,0.0,0.0,0.0,0.0,0.0
Unknown,56.04,0.0,0.0,0.0,0.0,0.0
2016-01-04 16:00:00,54.32,2016.0,1.0,4.0,0.0,1.0
2016-01-05 16:00:00,54.93,2016.0,1.0,5.0,1.0,1.0
2016-01-06 16:00:00,54.32,2016.0,1.0,6.0,2.0,1.0
2016-01-07 16:00:00,52.7,2016.0,1.0,7.0,3.0,1.0
2016-01-08 16:00:00,52.37,2016.0,1.0,8.0,4.0,1.0
2016-01-11 16:00:00,52.51,2016.0,1.0,11.0,0.0,1.0
2016-01-12 16:00:00,52.76,2016.0,1.0,12.0,1.0,1.0
Unknown,53.8,0.0,0.0,0.0,0.0,0.0
Unknown,52.0,0.0,0.0,0.0,0.0,0.0
Unknown,51.31,0.0,0.0,0.0,0.0,0.0
Unknown,51.48,0.0,0.0,0.0,0.0,0.0
Unknown,49.98,0.0,0.0,0.0,0.0,0.0
Unknown,51.0,0.0,0.0,0.0,0.0,0.0
Unknown,51.41,0.0,0.0,0.0,0.0,0.0
Unknown,51.94,0.0,0.0,0.0,0.0,0.0
Unknown,51.79,0.0,0.0,0.0,0.0,0.0
Unknown,52.01,0.0,0.0,0.0,0.0,0.0
Unknown,51.86,0.0,0.0,0.0,0.0,0.0
Unknown,54.73,0.0,0.0,0.0,0.0,0.0
2016-02-01 16:00:00,54.88,2016.0,2.0,1.0,0.0,1.0
2016-02-02 16:00:00,54.17,2016.0,2.0,2.0,1.0,1.0
2016-02-03 16:00:00,53.25,2016.0,2.0,3.0,2.0,1.0
2016-02-04 16:00:00,52.1,2016.0,2.0,4.0,3.0,1.0
2016-02-05 16:00:00,51.94,2016.0,2.0,5.0,4.0,1.0
2016-02-08 16:00:00,49.55,2016.0,2.0,8.0,0.0,1.0
2016-02-09 16:00:00,49.02,2016.0,2.0,9.0,1.0,1.0
2016-02-10 16:00:00,49.89,2016.0,2.0,10.0,2.0,1.0
2016-02-11 16:00:00,48.68,2016.0,2.0,11.0,3.0,1.0
2016-02-12 16:00:00,50.25,2016.0,2.0,12.0,4.0,1.0
Unknown,50.9,0.0,0.0,0.0,0.0,0.0
Unknown,51.49,0.0,0.0,0.0,0.0,0.0
Unknown,52.33,0.0,0.0,0.0,0.0,0.0
Unknown,51.97,0.0,0.0,0.0,0.0,0.0
Unknown,52.28,0.0,0.0,0.0,0.0,0.0
Unknown,52.34,0.0,0.0,0.0,0.0,0.0
Unknown,50.69,0.0,0.0,0.0,0.0,0.0
Unknown,51.73,0.0,0.0,0.0,0.0,0.0
Unknown,52.6,0.0,0.0,0.0,0.0,0.0
Unknown,51.35,0.0,0.0,0.0,0.0,0.0
2016-03-01 16:00:00,50.97,2016.0,3.0,1.0,1.0,1.0
2016-03-02 16:00:00,52.41,2016.0,3.0,2.0,2.0,1.0
2016-03-03 16:00:00,52.97,2016.0,3.0,3.0,3.0,1.0
2016-03-04 16:00:00,52.4,2016.0,3.0,4.0,4.0,1.0
2016-03-07 16:00:00,51.56,2016.0,3.0,7.0,0.0,1.0
2016-03-08 16:00:00,50.8,2016.0,3.0,8.0,1.0,1.0
2016-03-09 16:00:00,51.89,2016.0,3.0,9.0,2.0,1.0
2016-03-10 16:00:00,52.93,2016.0,3.0,10.0,3.0,1.0
2016-03-11 16:00:00,53.0,2016.0,3.0,11.0,4.0,1.0
Unknown,52.71,0.0,0.0,0.0,0.0,0.0
Unknown,52.75,0.0,0.0,0.0,0.0,0.0
Unknown,53.45,0.0,0.0,0.0,0.0,0.0
Unknown,54.21,0.0,0.0,0.0,0.0,0.0
Unknown,54.92,0.0,0.0,0.0,0.0,0.0
Unknown,53.25,0.0,0.0,0.0,0.0,0.0
Unknown,53.61,0.0,0.0,0.0,0.0,0.0
Unknown,54.11,0.0,0.0,0.0,0.0,0.0
Unknown,53.84,0.0,0.0,0.0,0.0,0.0
Unknown,54.21,0.0,0.0,0.0,0.0,0.0
Unknown,53.66,0.0,0.0,0.0,0.0,0.0
Unknown,54.93,0.0,0.0,0.0,0.0,0.0
Unknown,54.95,0.0,0.0,0.0,0.0,0.0
2016-04-01 16:00:00,55.05,2016.0,4.0,1.0,4.0,2.0
2016-04-04 16:00:00,55.43,2016.0,4.0,4.0,0.0,2.0
2016-04-05 16:00:00,55.19,2016.0,4.0,5.0,1.0,2.0
2016-04-06 16:00:00,54.36,2016.0,4.0,6.0,2.0,2.0
2016-04-07 16:00:00,54.87,2016.0,4.0,7.0,3.0,2.0
2016-04-08 16:00:00,54.67,2016.0,4.0,8.0,4.0,2.0
2016-04-11 16:00:00,54.49,2016.0,4.0,11.0,0.0,2.0
2016-04-12 16:00:00,54.37,2016.0,4.0,12.0,1.0,2.0
Unknown,55.12,0.0,0.0,0.0,0.0,0.0
Unknown,55.22,0.0,0.0,0.0,0.0,0.0
Unknown,55.3,0.0,0.0,0.0,0.0,0.0
Unknown,55.49,0.0,0.0,0.0,0.0,0.0
Unknown,56.63,0.0,0.0,0.0,0.0,0.0
Unknown,56.29,0.0,0.0,0.0,0.0,0.0
Unknown,55.8,0.0,0.0,0.0,0.0,0.0
Unknown,51.91,0.0,0.0,0.0,0.0,0.0
Unknown,51.78,0.0,0.0,0.0,0.0,0.0
Unknown,52.26,0.0,0.0,0.0,0.0,0.0
Unknown,51.48,0.0,0.0,0.0,0.0,0.0
Unknown,50.62,0.0,0.0,0.0,0.0,0.0
Unknown,49.35,0.0,0.0,0.0,0.0,0.0
2016-05-02 16:00:00,50.0,2016.0,5.0,2.0,0.0,2.0
2016-05-03 16:00:00,50.34,2016.0,5.0,3.0,1.0,2.0
2016-05-04 16:00:00,49.84,2016.0,5.0,4.0,2.0,2.0
2016-05-05 16:00:00,49.87,2016.0,5.0,5.0,3.0,2.0
2016-05-06 16:00:00,49.92,2016.0,5.0,6.0,4.0,2.0
2016-05-09 16:00:00,50.49,2016.0,5.0,9.0,0.0,2.0
2016-05-10 16:00:00,50.33,2016.0,5.0,10.0,1.0,2.0
2016-05-11 16:00:00,51.13,2016.0,5.0,11.0,2.0,2.0
2016-05-12 16:00:00,51.2,2016.0,5.0,12.0,3.0,2.0
Unknown,51.44,0.0,0.0,0.0,0.0,0.0
Unknown,50.8,0.0,0.0,0.0,0.0,0.0
Unknown,51.72,0.0,0.0,0.0,0.0,0.0
Unknown,50.48,0.0,0.0,0.0,0.0,0.0
Unknown,50.47,0.0,0.0,0.0,0.0,0.0
Unknown,50.48,0.0,0.0,0.0,0.0,0.0
Unknown,50.6,0.0,0.0,0.0,0.0,0.0
Unknown,50.7,0.0,0.0,0.0,0.0,0.0
Unknown,51.92,0.0,0.0,0.0,0.0,0.0
Unknown,51.93,0.0,0.0,0.0,0.0,0.0
Unknown,51.92,0.0,0.0,0.0,0.0,0.0
Unknown,52.26,0.0,0.0,0.0,0.0,0.0
2016-06-01 16:00:00,52.44,2016.0,6.0,1.0,2.0,2.0
2016-06-02 16:00:00,52.64,2016.0,6.0,2.0,3.0,2.0
2016-06-03 16:00:00,52.38,2016.0,6.0,3.0,4.0,2.0
2016-06-06 16:00:00,51.99,2016.0,6.0,6.0,0.0,2.0
2016-06-07 16:00:00,52.24,2016.0,6.0,7.0,1.0,2.0
2016-06-08 16:00:00,52.02,2016.0,6.0,8.0,2.0,2.0
2016-06-09 16:00:00,52.0,2016.0,6.0,9.0,3.0,2.0
2016-06-10 16:00:00,51.05,2016.0,6.0,10.0,4.0,2.0
Unknown,49.58,0.0,0.0,0.0,0.0,0.0
Unknown,49.9,0.0,0.0,0.0,0.0,0.0
Unknown,49.78,0.0,0.0,0.0,0.0,0.0
Unknown,49.52,0.0,0.0,0.0,0.0,0.0
Unknown,50.41,0.0,0.0,0.0,0.0,0.0
Unknown,50.64,0.0,0.0,0.0,0.0,0.0
Unknown,50.2,0.0,0.0,0.0,0.0,0.0
Unknown,51.08,0.0,0.0,0.0,0.0,0.0
Unknown,51.28,0.0,0.0,0.0,0.0,0.0
Unknown,49.81,0.0,0.0,0.0,0.0,0.0
Unknown,49.1,0.0,0.0,0.0,0.0,0.0
Unknown,48.92,0.0,0.0,0.0,0.0,0.0
Unknown,49.91,0.0,0.0,0.0,0.0,0.0
Unknown,50.72,0.0,0.0,0.0,0.0,0.0
2016-07-01 16:00:00,51.13,2016.0,7.0,1.0,4.0,3.0
2016-07-05 16:00:00,50.83,2016.0,7.0,5.0,1.0,3.0
2016-07-06 16:00:00,50.78,2016.0,7.0,6.0,2.0,3.0
2016-07-07 16:00:00,51.42,2016.0,7.0,7.0,3.0,3.0
2016-07-08 16:00:00,51.73,2016.0,7.0,8.0,4.0,3.0
2016-07-11 16:00:00,52.5,2016.0,7.0,11.0,0.0,3.0
2016-07-12 16:00:00,52.94,2016.0,7.0,12.0,1.0,3.0
Unknown,53.56,0.0,0.0,0.0,0.0,0.0
Unknown,53.84,0.0,0.0,0.0,0.0,0.0
Unknown,53.95,0.0,0.0,0.0,0.0,0.0
Unknown,53.7,0.0,0.0,0.0,0.0,0.0
Unknown,53.71,0.0,0.0,0.0,0.0,0.0
Unknown,56.15,0.0,0.0,0.0,0.0,0.0
Unknown,55.98,0.0,0.0,0.0,0.0,0.0
Unknown,56.08,0.0,0.0,0.0,0.0,0.0
Unknown,56.47,0.0,0.0,0.0,0.0,0.0
Unknown,56.52,0.0,0.0,0.0,0.0,0.0
Unknown,56.61,0.0,0.0,0.0,0.0,0.0
Unknown,56.0,0.0,0.0,0.0,0.0,0.0
Unknown,56.26,0.0,0.0,0.0,0.0,0.0
2016-08-01 16:00:00,56.6,2016.0,8.0,1.0,0.0,3.0
2016-08-02 16:00:00,56.85,2016.0,8.0,2.0,1.0,3.0
2016-08-03 16:00:00,56.68,2016.0,8.0,3.0,2.0,3.0
2016-08-04 16:00:00,56.8,2016.0,8.0,4.0,3.0,3.0
2016-08-05 16:00:00,57.65,2016.0,8.0,5.0,4.0,3.0
2016-08-08 16:00:00,58.06,2016.0,8.0,8.0,0.0,3.0
2016-08-09 16:00:00,58.17,2016.0,8.0,9.0,1.0,3.0
2016-08-10 16:00:00,58.16,2016.0,8.0,10.0,2.0,3.0
2016-08-11 16:00:00,58.03,2016.0,8.0,11.0,3.0,3.0
2016-08-12 16:00:00,58.03,2016.0,8.0,12.0,4.0,3.0
Unknown,58.01,0.0,0.0,0.0,0.0,0.0
Unknown,57.61,0.0,0.0,0.0,0.0,0.0
Unknown,57.54,0.0,0.0,0.0,0.0,0.0
Unknown,57.42,0.0,0.0,0.0,0.0,0.0
Unknown,57.43,0.0,0.0,0.0,0.0,0.0
Unknown,57.6,0.0,0.0,0.0,0.0,0.0
Unknown,57.9,0.0,0.0,0.0,0.0,0.0
Unknown,57.8,0.0,0.0,0.0,0.0,0.0
Unknown,57.88,0.0,0.0,0.0,0.0,0.0
Unknown,58.28,0.0,0.0,0.0,0.0,0.0
Unknown,58.18,0.0,0.0,0.0,0.0,0.0
Unknown,57.98,0.0,0.0,0.0,0.0,0.0
Unknown,57.65,0.0,0.0,0.0,0.0,0.0
2016-09-01 16:00:00,57.01,2016.0,9.0,1.0,3.0,3.0
2016-09-02 16:00:00,57.67,2016.0,9.0,2.0,4.0,3.0
2016-09-06 16:00:00,57.78,2016.0,9.0,6.0,1.0,3.0
2016-09-07 16:00:00,57.47,2016.0,9.0,7.0,2.0,3.0
2016-09-08 16:00:00,57.63,2016.0,9.0,8.0,3.0,3.0
2016-09-09 16:00:00,56.79,2016.0,9.0,9.0,4.0,3.0
2016-09-12 16:00:00,56.0,2016.0,9.0,12.0,0.0,3.0
Unknown,56.5,0.0,0.0,0.0,0.0,0.0
Unknown,56.39,0.0,0.0,0.0,0.0,0.0
Unknown,56.15,0.0,0.0,0.0,0.0,0.0
Unknown,57.63,0.0,0.0,0.0,0.0,0.0
Unknown,57.27,0.0,0.0,0.0,0.0,0.0
Unknown,57.35,0.0,0.0,0.0,0.0,0.0
Unknown,57.51,0.0,0.0,0.0,0.0,0.0
Unknown,57.92,0.0,0.0,0.0,0.0,0.0
Unknown,57.87,0.0,0.0,0.0,0.0,0.0
Unknown,57.08,0.0,0.0,0.0,0.0,0.0
Unknown,56.93,0.0,0.0,0.0,0.0,0.0
Unknown,57.88,0.0,0.0,0.0,0.0,0.0
Unknown,57.81,0.0,0.0,0.0,0.0,0.0
Unknown,57.57,0.0,0.0,0.0,0.0,0.0
2016-10-03 16:00:00,57.41,2016.0,10.0,3.0,0.0,4.0
2016-10-04 16:00:00,57.27,2016.0,10.0,4.0,1.0,4.0
2016-10-05 16:00:00,57.29,2016.0,10.0,5.0,2.0,4.0
2016-10-06 16:00:00,57.74,2016.0,10.0,6.0,3.0,4.0
2016-10-07 16:00:00,57.85,2016.0,10.0,7.0,4.0,4.0
2016-10-10 16:00:00,57.91,2016.0,10.0,10.0,0.0,4.0
2016-10-11 16:00:00,57.89,2016.0,10.0,11.0,1.0,4.0
2016-10-12 16:00:00,57.11,2016.0,10.0,12.0,2.0,4.0
Unknown,56.7,0.0,0.0,0.0,0.0,0.0
Unknown,57.12,0.0,0.0,0.0,0.0,0.0
Unknown,57.36,0.0,0.0,0.0,0.0,0.0
Unknown,57.53,0.0,0.0,0.0,0.0,0.0
Unknown,57.47,0.0,0.0,0.0,0.0,0.0
Unknown,57.5,0.0,0.0,0.0,0.0,0.0
Unknown,60.28,0.0,0.0,0.0,0.0,0.0
Unknown,59.94,0.0,0.0,0.0,0.0,0.0
Unknown,60.85,0.0,0.0,0.0,0.0,0.0
Unknown,60.81,0.0,0.0,0.0,0.0,0.0
Unknown,60.61,0.0,0.0,0.0,0.0,0.0
Unknown,60.01,0.0,0.0,0.0,0.0,0.0
Unknown,60.16,0.0,0.0,0.0,0.0,0.0
2016-11-01 16:00:00,59.97,2016.0,11.0,1.0,1.0,4.0
2016-11-02 16:00:00,59.82,2016.0,11.0,2.0,2.0,4.0
2016-11-03 16:00:00,59.53,2016.0,11.0,3.0,3.0,4.0
2016-11-04 16:00:00,58.65,2016.0,11.0,4.0,4.0,4.0
2016-11-07 16:00:00,59.78,2016.0,11.0,7.0,0.0,4.0
2016-11-08 16:00:00,60.55,2016.0,11.0,8.0,1.0,4.0
2016-11-09 16:00:00,60.0,2016.0,11.0,9.0,2.0,4.0
2016-11-10 16:00:00,60.48,2016.0,11.0,10.0,3.0,4.0
2016-11-11 16:00:00,58.23,2016.0,11.0,11.0,4.0,4.0
Unknown,59.02,0.0,0.0,0.0,0.0,0.0
Unknown,58.33,0.0,0.0,0.0,0.0,0.0
Unknown,58.94,0.0,0.0,0.0,0.0,0.0
Unknown,60.41,0.0,0.0,0.0,0.0,0.0
Unknown,60.78,0.0,0.0,0.0,0.0,0.0
Unknown,60.5,0.0,0.0,0.0,0.0,0.0
Unknown,60.98,0.0,0.0,0.0,0.0,0.0
Unknown,61.01,0.0,0.0,0.0,0.0,0.0
Unknown,60.3,0.0,0.0,0.0,0.0,0.0
Unknown,60.34,0.0,0.0,0.0,0.0,0.0
Unknown,60.65,0.0,0.0,0.0,0.0,0.0
Unknown,60.86,0.0,0.0,0.0,0.0,0.0
2016-12-01 16:00:00,60.11,2016.0,12.0,1.0,3.0,4.0
2016-12-02 16:00:00,59.08,2016.0,12.0,2.0,4.0,4.0
2016-12-05 16:00:00,59.7,2016.0,12.0,5.0,0.0,4.0
2016-12-06 16:00:00,60.43,2016.0,12.0,6.0,1.0,4.0
2016-12-07 16:00:00,60.01,2016.0,12.0,7.0,2.0,4.0
2016-12-08 16:00:00,61.3,2016.0,12.0,8.0,3.0,4.0
2016-12-09 16:00:00,61.18,2016.0,12.0,9.0,4.0,4.0
2016-12-12 16:00:00,61.82,2016.0,12.0,12.0,0.0,4.0
Unknown,62.5,0.0,0.0,0.0,0.0,0.0
Unknown,63.0,0.0,0.0,0.0,0.0,0.0
Unknown,62.7,0.0,0.0,0.0,0.0,0.0
Unknown,62.95,0.0,0.0,0.0,0.0,0.0
Unknown,62.56,0.0,0.0,0.0,0.0,0.0
Unknown,63.69,0.0,0.0,0.0,0.0,0.0
Unknown,63.43,0.0,0.0,0.0,0.0,0.0
Unknown,63.84,0.0,0.0,0.0,0.0,0.0
Unknown,63.45,0.0,0.0,0.0,0.0,0.0
Unknown,63.21,0.0,0.0,0.0,0.0,0.0
Unknown,63.4,0.0,0.0,0.0,0.0,0.0
Unknown,62.86,0.0,0.0,0.0,0.0,0.0
Unknown,62.96,0.0,0.0,0.0,0.0,0.0
2017-01-03 16:00:00,62.79,2017.0,1.0,3.0,1.0,1.0
2017-01-04 16:00:00,62.48,2017.0,1.0,4.0,2.0,1.0
2017-01-05 16:00:00,62.19,2017.0,1.0,5.0,3.0,1.0
2017-01-06 16:00:00,62.3,2017.0,1.0,6.0,4.0,1.0
2017-01-09 16:00:00,62.76,2017.0,1.0,9.0,0.0,1.0
2017-01-10 16:00:00,62.73,2017.0,1.0,10.0,1.0,1.0
2017-01-11 16:00:00,62.61,2017.0,1.0,11.0,2.0,1.0
2017-01-12 16:00:00,63.06,2017.0,1.0,12.0,3.0,1.0
Unknown,62.62,0.0,0.0,0.0,0.0,0.0
Unknown,62.68,0.0,0.0,0.0,0.0,0.0
Unknown,62.67,0.0,0.0,0.0,0.0,0.0
Unknown,62.24,0.0,0.0,0.0,0.0,0.0
Unknown,62.67,0.0,0.0,0.0,0.0,0.0
Unknown,62.7,0.0,0.0,0.0,0.0,0.0
Unknown,63.2,0.0,0.0,0.0,0.0,0.0
Unknown,63.95,0.0,0.0,0.0,0.0,0.0
Unknown,64.12,0.0,0.0,0.0,0.0,0.0
Unknown,65.39,0.0,0.0,0.0,0.0,0.0
Unknown,65.69,0.0,0.0,0.0,0.0,0.0
Unknown,64.86,0.0,0.0,0.0,0.0,0.0
2017-02-01 16:00:00,64.36,2017.0,2.0,1.0,2.0,1.0
2017-02-02 16:00:00,63.25,2017.0,2.0,2.0,3.0,1.0
2017-02-03 16:00:00,63.5,2017.0,2.0,3.0,4.0,1.0
2017-02-06 16:00:00,63.5,2017.0,2.0,6.0,0.0,1.0
2017-02-07 16:00:00,63.74,2017.0,2.0,7.0,1.0,1.0
2017-02-08 16:00:00,63.57,2017.0,2.0,8.0,2.0,1.0
2017-02-09 16:00:00,63.52,2017.0,2.0,9.0,3.0,1.0
2017-02-10 16:00:00,64.25,2017.0,2.0,10.0,4.0,1.0
Unknown,64.24,0.0,0.0,0.0,0.0,0.0
Unknown,64.41,0.0,0.0,0.0,0.0,0.0
Unknown,64.5,0.0,0.0,0.0,0.0,0.0
Unknown,64.74,0.0,0.0,0.0,0.0,0.0
Unknown,64.47,0.0,0.0,0.0,0.0,0.0
Unknown,64.61,0.0,0.0,0.0,0.0,0.0
Unknown,64.33,0.0,0.0,0.0,0.0,0.0
Unknown,64.42,0.0,0.0,0.0,0.0,0.0
Unknown,64.53,0.0,0.0,0.0,0.0,0.0
Unknown,64.54,0.0,0.0,0.0,0.0,0.0
Unknown,64.08,0.0,0.0,0.0,0.0,0.0
2017-03-01 16:00:00,64.13,2017.0,3.0,1.0,2.0,1.0
2017-03-02 16:00:00,64.69,2017.0,3.0,2.0,3.0,1.0
2017-03-03 16:00:00,63.99,2017.0,3.0,3.0,4.0,1.0
2017-03-06 16:00:00,63.97,2017.0,3.0,6.0,0.0,1.0
2017-03-07 16:00:00,64.19,2017.0,3.0,7.0,1.0,1.0
2017-03-08 16:00:00,64.26,2017.0,3.0,8.0,2.0,1.0
2017-03-09 16:00:00,65.19,2017.0,3.0,9.0,3.0,1.0
2017-03-10 16:00:00,65.11,2017.0,3.0,10.0,4.0,1.0
Unknown,65.14,0.0,0.0,0.0,0.0,0.0
Unknown,64.53,0.0,0.0,0.0,0.0,0.0
Unknown,64.55,0.0,0.0,0.0,0.0,0.0
Unknown,64.75,0.0,0.0,0.0,0.0,0.0
Unknown,64.91,0.0,0.0,0.0,0.0,0.0
Unknown,64.91,0.0,0.0,0.0,0.0,0.0
Unknown,65.19,0.0,0.0,0.0,0.0,0.0
Unknown,64.12,0.0,0.0,0.0,0.0,0.0
Unknown,64.94,0.0,0.0,0.0,0.0,0.0
Unknown,65.12,0.0,0.0,0.0,0.0,0.0
Unknown,64.63,0.0,0.0,0.0,0.0,0.0
Unknown,64.96,0.0,0.0,0.0,0.0,0.0
Unknown,65.12,0.0,0.0,0.0,0.0,0.0
Unknown,65.42,0.0,0.0,0.0,0.0,0.0
Unknown,65.65,0.0,0.0,0.0,0.0,0.0
2017-04-03 16:00:00,65.81,2017.0,4.0,3.0,0.0,2.0
2017-04-04 16:00:00,65.39,2017.0,4.0,4.0,1.0,2.0
2017-04-05 16:00:00,66.3,2017.0,4.0,5.0,2.0,2.0
2017-04-06 16:00:00,65.6,2017.0,4.0,6.0,3.0,2.0
2017-04-07 16:00:00,65.85,2017.0,4.0,7.0,4.0,2.0
2017-04-10 16:00:00,65.61,2017.0,4.0,10.0,0.0,2.0
2017-04-11 16:00:00,65.6,2017.0,4.0,11.0,1.0,2.0
2017-04-12 16:00:00,65.42,2017.0,4.0,12.0,2.0,2.0
Unknown,65.29,0.0,0.0,0.0,0.0,0.0
Unknown,65.04,0.0,0.0,0.0,0.0,0.0
Unknown,65.33,0.0,0.0,0.0,0.0,0.0
Unknown,65.65,0.0,0.0,0.0,0.0,0.0
Unknown,65.46,0.0,0.0,0.0,0.0,0.0
Unknown,65.67,0.0,0.0,0.0,0.0,0.0
Unknown,67.48,0.0,0.0,0.0,0.0,0.0
Unknown,67.9,0.0,0.0,0.0,0.0,0.0
Unknown,68.08,0.0,0.0,0.0,0.0,0.0
Unknown,68.15,0.0,0.0,0.0,0.0,0.0
Unknown,68.91,0.0,0.0,0.0,0.0,0.0
2017-05-01 16:00:00,68.68,2017.0,5.0,1.0,0.0,2.0
2017-05-02 16:00:00,69.71,2017.0,5.0,2.0,1.0,2.0
2017-05-03 16:00:00,69.38,2017.0,5.0,3.0,2.0,2.0
2017-05-04 16:00:00,69.03,2017.0,5.0,4.0,3.0,2.0
2017-05-05 16:00:00,68.9,2017.0,5.0,5.0,4.0,2.0
2017-05-08 16:00:00,68.97,2017.0,5.0,8.0,0.0,2.0
2017-05-09 16:00:00,68.86,2017.0,5.0,9.0,1.0,2.0
2017-05-10 16:00:00,68.99,2017.0,5.0,10.0,2.0,2.0
2017-05-11 16:00:00,68.36,2017.0,5.0,11.0,3.0,2.0
2017-05-12 16:00:00,68.61,2017.0,5.0,12.0,4.0,2.0
Unknown,68.14,0.0,0.0,0.0,0.0,0.0
Unknown,68.23,0.0,0.0,0.0,0.0,0.0
Unknown,68.89,0.0,0.0,0.0,0.0,0.0
Unknown,67.4,0.0,0.0,0.0,0.0,0.0
Unknown,67.5,0.0,0.0,0.0,0.0,0.0
Unknown,67.89,0.0,0.0,0.0,0.0,0.0
Unknown,68.72,0.0,0.0,0.0,0.0,0.0
Unknown,68.87,0.0,0.0,0.0,0.0,0.0
Unknown,68.97,0.0,0.0,0.0,0.0,0.0
Unknown,69.8,0.0,0.0,0.0,0.0,0.0
Unknown,69.79,0.0,0.0,0.0,0.0,0.0
Unknown,70.53,0.0,0.0,0.0,0.0,0.0
2017-06-01 16:00:00,70.24,2017.0,6.0,1.0,3.0,2.0
2017-06-02 16:00:00,70.44,2017.0,6.0,2.0,4.0,2.0
2017-06-05 16:00:00,71.97,2017.0,6.0,5.0,0.0,2.0
2017-06-06 16:00:00,72.3,2017.0,6.0,6.0,1.0,2.0
2017-06-07 16:00:00,72.64,2017.0,6.0,7.0,2.0,2.0
2017-06-08 16:00:00,72.51,2017.0,6.0,8.0,3.0,2.0
2017-06-09 16:00:00,72.04,2017.0,6.0,9.0,4.0,2.0
2017-06-12 16:00:00,69.25,2017.0,6.0,12.0,0.0,2.0
Unknown,70.02,0.0,0.0,0.0,0.0,0.0
Unknown,70.91,0.0,0.0,0.0,0.0,0.0
Unknown,69.27,0.0,0.0,0.0,0.0,0.0
Unknown,69.73,0.0,0.0,0.0,0.0,0.0
Unknown,70.5,0.0,0.0,0.0,0.0,0.0
Unknown,70.82,0.0,0.0,0.0,0.0,0.0
Unknown,70.21,0.0,0.0,0.0,0.0,0.0
Unknown,70.54,0.0,0.0,0.0,0.0,0.0
Unknown,70.09,0.0,0.0,0.0,0.0,0.0
Unknown,71.4,0.0,0.0,0.0,0.0,0.0
Unknown,70.11,0.0,0.0,0.0,0.0,0.0
Unknown,69.21,0.0,0.0,0.0,0.0,0.0
Unknown,69.38,0.0,0.0,0.0,0.0,0.0
Unknown,68.78,0.0,0.0,0.0,0.0,0.0
2017-07-03 16:00:00,69.33,2017.0,7.0,3.0,0.0,3.0
2017-07-05 16:00:00,68.26,2017.0,7.0,5.0,2.0,3.0
2017-07-06 16:00:00,68.27,2017.0,7.0,6.0,3.0,3.0
2017-07-07 16:00:00,68.7,2017.0,7.0,7.0,4.0,3.0
2017-07-10 16:00:00,69.46,2017.0,7.0,10.0,0.0,3.0
2017-07-11 16:00:00,70.0,2017.0,7.0,11.0,1.0,3.0
2017-07-12 16:00:00,70.69,2017.0,7.0,12.0,2.0,3.0
Unknown,71.5,0.0,0.0,0.0,0.0,0.0
Unknown,72.24,0.0,0.0,0.0,0.0,0.0
Unknown,72.8,0.0,0.0,0.0,0.0,0.0
Unknown,73.09,0.0,0.0,0.0,0.0,0.0
Unknown,73.5,0.0,0.0,0.0,0.0,0.0
Unknown,74.18,0.0,0.0,0.0,0.0,0.0
Unknown,73.45,0.0,0.0,0.0,0.0,0.0
Unknown,73.53,0.0,0.0,0.0,0.0,0.0
Unknown,73.8,0.0,0.0,0.0,0.0,0.0
Unknown,74.34,0.0,0.0,0.0,0.0,0.0
Unknown,73.76,0.0,0.0,0.0,0.0,0.0
Unknown,72.67,0.0,0.0,0.0,0.0,0.0
Unknown,73.3,0.0,0.0,0.0,0.0,0.0
2017-08-01 16:00:00,73.1,2017.0,8.0,1.0,1.0,3.0
2017-08-02 16:00:00,72.55,2017.0,8.0,2.0,2.0,3.0
2017-08-03 16:00:00,72.19,2017.0,8.0,3.0,3.0,3.0
2017-08-04 16:00:00,72.4,2017.0,8.0,4.0,4.0,3.0
2017-08-07 16:00:00,72.8,2017.0,8.0,7.0,0.0,3.0
2017-08-08 16:00:00,72.09,2017.0,8.0,8.0,1.0,3.0
2017-08-09 16:00:00,72.25,2017.0,8.0,9.0,2.0,3.0
2017-08-10 16:00:00,71.9,2017.0,8.0,10.0,3.0,3.0
2017-08-11 16:00:00,71.61,2017.0,8.0,11.0,4.0,3.0
Unknown,73.06,0.0,0.0,0.0,0.0,0.0
Unknown,73.59,0.0,0.0,0.0,0.0,0.0
Unknown,73.34,0.0,0.0,0.0,0.0,0.0
Unknown,73.58,0.0,0.0,0.0,0.0,0.0
Unknown,72.27,0.0,0.0,0.0,0.0,0.0
Unknown,72.47,0.0,0.0,0.0,0.0,0.0
Unknown,72.35,0.0,0.0,0.0,0.0,0.0
Unknown,72.96,0.0,0.0,0.0,0.0,0.0
Unknown,72.74,0.0,0.0,0.0,0.0,0.0
Unknown,72.86,0.0,0.0,0.0,0.0,0.0
Unknown,73.06,0.0,0.0,0.0,0.0,0.0
Unknown,72.25,0.0,0.0,0.0,0.0,0.0
Unknown,73.01,0.0,0.0,0.0,0.0,0.0
Unknown,74.03,0.0,0.0,0.0,0.0,0.0
2017-09-01 16:00:00,74.71,2017.0,9.0,1.0,4.0,3.0
2017-09-05 16:00:00,73.34,2017.0,9.0,5.0,1.0,3.0
2017-09-06 16:00:00,73.74,2017.0,9.0,6.0,2.0,3.0
2017-09-07 16:00:00,73.68,2017.0,9.0,7.0,3.0,3.0
2017-09-08 16:00:00,74.33,2017.0,9.0,8.0,4.0,3.0
2017-09-11 16:00:00,74.31,2017.0,9.0,11.0,0.0,3.0
2017-09-12 16:00:00,74.76,2017.0,9.0,12.0,1.0,3.0
Unknown,74.93,0.0,0.0,0.0,0.0,0.0
Unknown,75.0,0.0,0.0,0.0,0.0,0.0
Unknown,74.83,0.0,0.0,0.0,0.0,0.0
Unknown,75.23,0.0,0.0,0.0,0.0,0.0
Unknown,75.21,0.0,0.0,0.0,0.0,0.0
Unknown,75.35,0.0,0.0,0.0,0.0,0.0
Unknown,75.11,0.0,0.0,0.0,0.0,0.0
Unknown,73.99,0.0,0.0,0.0,0.0,0.0
Unknown,74.09,0.0,0.0,0.0,0.0,0.0
Unknown,73.67,0.0,0.0,0.0,0.0,0.0
Unknown,73.55,0.0,0.0,0.0,0.0,0.0
Unknown,73.54,0.0,0.0,0.0,0.0,0.0
Unknown,73.94,0.0,0.0,0.0,0.0,0.0
2017-10-02 16:00:00,74.71,2017.0,10.0,2.0,0.0,4.0
2017-10-03 16:00:00,74.67,2017.0,10.0,3.0,1.0,4.0
2017-10-04 16:00:00,74.0,2017.0,10.0,4.0,2.0,4.0
2017-10-05 16:00:00,75.22,2017.0,10.0,5.0,3.0,4.0
2017-10-06 16:00:00,75.67,2017.0,10.0,6.0,4.0,4.0
2017-10-09 16:00:00,75.97,2017.0,10.0,9.0,0.0,4.0
2017-10-10 16:00:00,76.33,2017.0,10.0,10.0,1.0,4.0
2017-10-11 16:00:00,76.36,2017.0,10.0,11.0,2.0,4.0
2017-10-12 16:00:00,76.49,2017.0,10.0,12.0,3.0,4.0
Unknown,77.59,0.0,0.0,0.0,0.0,0.0
Unknown,77.42,0.0,0.0,0.0,0.0,0.0
Unknown,77.47,0.0,0.0,0.0,0.0,0.0
Unknown,77.67,0.0,0.0,0.0,0.0,0.0
Unknown,77.57,0.0,0.0,0.0,0.0,0.0
Unknown,78.32,0.0,0.0,0.0,0.0,0.0
Unknown,78.99,0.0,0.0,0.0,0.0,0.0
Unknown,78.9,0.0,0.0,0.0,0.0,0.0
Unknown,78.58,0.0,0.0,0.0,0.0,0.0
Unknown,79.2,0.0,0.0,0.0,0.0,0.0
Unknown,84.37,0.0,0.0,0.0,0.0,0.0
Unknown,83.7,0.0,0.0,0.0,0.0,0.0
Unknown,84.36,0.0,0.0,0.0,0.0,0.0
2017-11-01 16:00:00,83.68,2017.0,11.0,1.0,2.0,4.0
2017-11-02 16:00:00,83.35,2017.0,11.0,2.0,3.0,4.0
2017-11-03 16:00:00,84.08,2017.0,11.0,3.0,4.0,4.0
2017-11-06 16:00:00,84.2,2017.0,11.0,6.0,0.0,4.0
2017-11-07 16:00:00,84.77,2017.0,11.0,7.0,1.0,4.0
2017-11-08 16:00:00,84.14,2017.0,11.0,8.0,2.0,4.0
2017-11-09 16:00:00,84.11,2017.0,11.0,9.0,3.0,4.0
2017-11-10 16:00:00,83.79,2017.0,11.0,10.0,4.0,4.0
Unknown,83.66,0.0,0.0,0.0,0.0,0.0
Unknown,83.5,0.0,0.0,0.0,0.0,0.0
Unknown,83.47,0.0,0.0,0.0,0.0,0.0
Unknown,83.1,0.0,0.0,0.0,0.0,0.0
Unknown,83.12,0.0,0.0,0.0,0.0,0.0
Unknown,82.4,0.0,0.0,0.0,0.0,0.0
Unknown,82.74,0.0,0.0,0.0,0.0,0.0
Unknown,83.83,0.0,0.0,0.0,0.0,0.0
Unknown,83.01,0.0,0.0,0.0,0.0,0.0
Unknown,83.31,0.0,0.0,0.0,0.0,0.0
Unknown,84.07,0.0,0.0,0.0,0.0,0.0
Unknown,84.71,0.0,0.0,0.0,0.0,0.0
Unknown,83.51,0.0,0.0,0.0,0.0,0.0
2017-12-01 16:00:00,83.6,2017.0,12.0,1.0,4.0,4.0
2017-12-04 16:00:00,84.42,2017.0,12.0,4.0,0.0,4.0
2017-12-05 16:00:00,81.34,2017.0,12.0,5.0,1.0,4.0
2017-12-06 16:00:00,81.55,2017.0,12.0,6.0,2.0,4.0
2017-12-07 16:00:00,82.54,2017.0,12.0,7.0,3.0,4.0
2017-12-08 16:00:00,83.63,2017.0,12.0,8.0,4.0,4.0
2017-12-11 16:00:00,84.29,2017.0,12.0,11.0,0.0,4.0
2017-12-12 16:00:00,85.31,2017.0,12.0,12.0,1.0,4.0
Unknown,85.74,0.0,0.0,0.0,0.0,0.0
Unknown,85.43,0.0,0.0,0.0,0.0,0.0
Unknown,85.26,0.0,0.0,0.0,0.0,0.0
Unknown,87.12,0.0,0.0,0.0,0.0,0.0
Unknown,86.35,0.0,0.0,0.0,0.0,0.0
Unknown,86.2,0.0,0.0,0.0,0.0,0.0
Unknown,86.05,0.0,0.0,0.0,0.0,0.0
Unknown,85.4,0.0,0.0,0.0,0.0,0.0
Unknown,85.31,0.0,0.0,0.0,0.0,0.0
Unknown,85.65,0.0,0.0,0.0,0.0,0.0
Unknown,85.9,0.0,0.0,0.0,0.0,0.0
Unknown,85.63,0.0,0.0,0.0,0.0,0.0
2018-01-02 16:00:00,86.13,2018.0,1.0,2.0,1.0,1.0
2018-01-03 16:00:00,86.06,2018.0,1.0,3.0,2.0,1.0
2018-01-04 16:00:00,86.59,2018.0,1.0,4.0,3.0,1.0
2018-01-05 16:00:00,87.66,2018.0,1.0,5.0,4.0,1.0
2018-01-08 16:00:00,88.2,2018.0,1.0,8.0,0.0,1.0
2018-01-09 16:00:00,88.65,2018.0,1.0,9.0,1.0,1.0
2018-01-10 16:00:00,87.86,2018.0,1.0,10.0,2.0,1.0
2018-01-11 16:00:00,88.13,2018.0,1.0,11.0,3.0,1.0
2018-01-12 16:00:00,88.67,2018.0,1.0,12.0,4.0,1.0
Unknown,90.1,0.0,0.0,0.0,0.0,0.0
Unknown,89.08,0.0,0.0,0.0,0.0,0.0
Unknown,89.8,0.0,0.0,0.0,0.0,0.0
Unknown,90.14,0.0,0.0,0.0,0.0,0.0
Unknown,90.0,0.0,0.0,0.0,0.0,0.0
Unknown,91.9,0.0,0.0,0.0,0.0,0.0
Unknown,92.55,0.0,0.0,0.0,0.0,0.0
Unknown,92.47,0.0,0.0,0.0,0.0,0.0
Unknown,93.12,0.0,0.0,0.0,0.0,0.0
Unknown,95.14,0.0,0.0,0.0,0.0,0.0
Unknown,93.3,0.0,0.0,0.0,0.0,0.0
Unknown,93.75,0.0,0.0,0.0,0.0,0.0
2018-02-01 16:00:00,94.79,2018.0,2.0,1.0,3.0,1.0
2018-02-02 16:00:00,93.64,2018.0,2.0,2.0,4.0,1.0
2018-02-05 16:00:00,90.56,2018.0,2.0,5.0,0.0,1.0
2018-02-06 16:00:00,86.89,2018.0,2.0,6.0,1.0,1.0
2018-02-07 16:00:00,90.49,2018.0,2.0,7.0,2.0,1.0
2018-02-08 16:00:00,89.71,2018.0,2.0,8.0,3.0,1.0
2018-02-09 16:00:00,86.3,2018.0,2.0,9.0,4.0,1.0
2018-02-12 16:00:00,88.74,2018.0,2.0,12.0,0.0,1.0
Unknown,88.93,0.0,0.0,0.0,0.0,0.0
Unknown,88.51,0.0,0.0,0.0,0.0,0.0
Unknown,91.21,0.0,0.0,0.0,0.0,0.0
Unknown,92.45,0.0,0.0,0.0,0.0,0.0
Unknown,91.48,0.0,0.0,0.0,0.0,0.0
Unknown,92.98,0.0,0.0,0.0,0.0,0.0
Unknown,92.05,0.0,0.0,0.0,0.0,0.0
Unknown,92.75,0.0,0.0,0.0,0.0,0.0
Unknown,94.4,0.0,0.0,0.0,0.0,0.0
Unknown,95.74,0.0,0.0,0.0,0.0,0.0
Unknown,94.84,0.0,0.0,0.0,0.0,0.0
2018-03-01 16:00:00,93.99,2018.0,3.0,1.0,3.0,1.0
2018-03-02 16:00:00,91.58,2018.0,3.0,2.0,4.0,1.0
2018-03-05 16:00:00,92.34,2018.0,3.0,5.0,0.0,1.0
2018-03-06 16:00:00,94.34,2018.0,3.0,6.0,1.0,1.0
2018-03-07 16:00:00,93.16,2018.0,3.0,7.0,2.0,1.0
2018-03-08 16:00:00,94.27,2018.0,3.0,8.0,3.0,1.0
2018-03-09 16:00:00,95.29,2018.0,3.0,9.0,4.0,1.0
2018-03-12 16:00:00,96.5,2018.0,3.0,12.0,0.0,1.0
Unknown,97.0,0.0,0.0,0.0,0.0,0.0
Unknown,95.12,0.0,0.0,0.0,0.0,0.0
Unknown,93.53,0.0,0.0,0.0,0.0,0.0
Unknown,94.68,0.0,0.0,0.0,0.0,0.0
Unknown,93.74,0.0,0.0,0.0,0.0,0.0
Unknown,93.05,0.0,0.0,0.0,0.0,0.0
Unknown,92.93,0.0,0.0,0.0,0.0,0.0
Unknown,91.27,0.0,0.0,0.0,0.0,0.0
Unknown,89.5,0.0,0.0,0.0,0.0,0.0
Unknown,90.61,0.0,0.0,0.0,0.0,0.0
Unknown,94.94,0.0,0.0,0.0,0.0,0.0
Unknown,89.82,0.0,0.0,0.0,0.0,0.0
Unknown,90.18,0.0,0.0,0.0,0.0,0.0
2018-04-02 16:00:00,90.47,2018.0,4.0,2.0,0.0,2.0
2018-04-03 16:00:00,89.58,2018.0,4.0,3.0,1.0,2.0
2018-04-04 16:00:00,87.85,2018.0,4.0,4.0,2.0,2.0
2018-04-05 16:00:00,92.44,2018.0,4.0,5.0,3.0,2.0
2018-04-06 16:00:00,91.49,2018.0,4.0,6.0,4.0,2.0
2018-04-09 16:00:00,91.04,2018.0,4.0,9.0,0.0,2.0
2018-04-10 16:00:00,92.39,2018.0,4.0,10.0,1.0,2.0
2018-04-11 16:00:00,92.01,2018.0,4.0,11.0,2.0,2.0
2018-04-12 16:00:00,92.43,2018.0,4.0,12.0,3.0,2.0
Unknown,94.05,0.0,0.0,0.0,0.0,0.0
Unknown,94.07,0.0,0.0,0.0,0.0,0.0
Unknown,95.0,0.0,0.0,0.0,0.0,0.0
Unknown,96.22,0.0,0.0,0.0,0.0,0.0
Unknown,96.44,0.0,0.0,0.0,0.0,0.0
Unknown,95.91,0.0,0.0,0.0,0.0,0.0
Unknown,95.74,0.0,0.0,0.0,0.0,0.0
Unknown,96.24,0.0,0.0,0.0,0.0,0.0
Unknown,93.3,0.0,0.0,0.0,0.0,0.0
Unknown,93.55,0.0,0.0,0.0,0.0,0.0
Unknown,97.6,0.0,0.0,0.0,0.0,0.0
Unknown,96.33,0.0,0.0,0.0,0.0,0.0
2018-05-01 16:00:00,93.21,2018.0,5.0,1.0,1.0,2.0
2018-05-02 16:00:00,94.99,2018.0,5.0,2.0,2.0,2.0
2018-05-03 16:00:00,92.96,2018.0,5.0,3.0,3.0,2.0
2018-05-04 16:00:00,93.32,2018.0,5.0,4.0,4.0,2.0
2018-05-07 16:00:00,95.17,2018.0,5.0,7.0,0.0,2.0
2018-05-08 16:00:00,95.85,2018.0,5.0,8.0,1.0,2.0
2018-05-09 16:00:00,96.01,2018.0,5.0,9.0,2.0,2.0
2018-05-10 16:00:00,97.46,2018.0,5.0,10.0,3.0,2.0
2018-05-11 16:00:00,97.8,2018.0,5.0,11.0,4.0,2.0
Unknown,97.92,0.0,0.0,0.0,0.0,0.0
Unknown,97.24,0.0,0.0,0.0,0.0,0.0
Unknown,97.36,0.0,0.0,0.0,0.0,0.0
Unknown,96.76,0.0,0.0,0.0,0.0,0.0
Unknown,96.01,0.0,0.0,0.0,0.0,0.0
Unknown,97.0,0.0,0.0,0.0,0.0,0.0
Unknown,97.68,0.0,0.0,0.0,0.0,0.0
Unknown,96.71,0.0,0.0,0.0,0.0,0.0
Unknown,98.73,0.0,0.0,0.0,0.0,0.0
Unknown,98.3,0.0,0.0,0.0,0.0,0.0
Unknown,97.84,0.0,0.0,0.0,0.0,0.0
Unknown,98.31,0.0,0.0,0.0,0.0,0.0
Unknown,99.29,0.0,0.0,0.0,0.0,0.0
2018-06-01 16:00:00,99.28,2018.0,6.0,1.0,4.0,2.0
2018-06-04 16:00:00,101.26,2018.0,6.0,4.0,0.0,2.0
2018-06-05 16:00:00,102.0,2018.0,6.0,5.0,1.0,2.0
2018-06-06 16:00:00,102.48,2018.0,6.0,6.0,2.0,2.0
2018-06-07 16:00:00,102.65,2018.0,6.0,7.0,3.0,2.0
2018-06-08 16:00:00,101.09,2018.0,6.0,8.0,4.0,2.0
2018-06-11 16:00:00,101.37,2018.0,6.0,11.0,0.0,2.0
2018-06-12 16:00:00,101.1,2018.0,6.0,12.0,1.0,2.0
Unknown,101.72,0.0,0.0,0.0,0.0,0.0
Unknown,101.65,0.0,0.0,0.0,0.0,0.0
Unknown,101.51,0.0,0.0,0.0,0.0,0.0
Unknown,100.01,0.0,0.0,0.0,0.0,0.0
Unknown,99.65,0.0,0.0,0.0,0.0,0.0
Unknown,101.37,0.0,0.0,0.0,0.0,0.0
Unknown,102.08,0.0,0.0,0.0,0.0,0.0
Unknown,100.41,0.0,0.0,0.0,0.0,0.0
Unknown,100.0,0.0,0.0,0.0,0.0,0.0
Unknown,98.82,0.0,0.0,0.0,0.0,0.0
Unknown,99.58,0.0,0.0,0.0,0.0,0.0
Unknown,97.38,0.0,0.0,0.0,0.0,0.0
Unknown,98.93,0.0,0.0,0.0,0.0,0.0
2018-07-02 16:00:00,98.1,2018.0,7.0,2.0,0.0,3.0
2018-07-03 13:00:00,100.48,2018.0,7.0,3.0,1.0,3.0
2018-07-05 16:00:00,99.5,2018.0,7.0,5.0,3.0,3.0
2018-07-06 16:00:00,99.89,2018.0,7.0,6.0,4.0,3.0
2018-07-09 16:00:00,101.65,2018.0,7.0,9.0,0.0,3.0
2018-07-10 16:00:00,102.0,2018.0,7.0,10.0,1.0,3.0
2018-07-11 16:00:00,101.15,2018.0,7.0,11.0,2.0,3.0
2018-07-12 16:00:00,102.77,2018.0,7.0,12.0,3.0,3.0
Unknown,104.37,0.0,0.0,0.0,0.0,0.0
Unknown,105.4,0.0,0.0,0.0,0.0,0.0
Unknown,104.61,0.0,0.0,0.0,0.0,0.0
Unknown,105.94,0.0,0.0,0.0,0.0,0.0
Unknown,104.93,0.0,0.0,0.0,0.0,0.0
Unknown,108.08,0.0,0.0,0.0,0.0,0.0
Unknown,106.3,0.0,0.0,0.0,0.0,0.0
Unknown,108.57,0.0,0.0,0.0,0.0,0.0
Unknown,107.96,0.0,0.0,0.0,0.0,0.0
Unknown,110.74,0.0,0.0,0.0,0.0,0.0
Unknown,110.18,0.0,0.0,0.0,0.0,0.0
Unknown,107.19,0.0,0.0,0.0,0.0,0.0
Unknown,106.49,0.0,0.0,0.0,0.0,0.0
2018-08-01 16:00:00,106.03,2018.0,8.0,1.0,2.0,3.0
2018-08-02 16:00:00,105.4,2018.0,8.0,2.0,3.0,3.0
2018-08-03 16:00:00,107.8,2018.0,8.0,3.0,4.0,3.0
2018-08-06 16:00:00,108.12,2018.0,8.0,6.0,0.0,3.0
2018-08-07 16:00:00,108.56,2018.0,8.0,7.0,1.0,3.0
2018-08-08 16:00:00,109.33,2018.0,8.0,8.0,2.0,3.0
2018-08-09 16:00:00,109.71,2018.0,8.0,9.0,3.0,3.0
2018-08-10 16:00:00,109.42,2018.0,8.0,10.0,4.0,3.0
Unknown,109.24,0.0,0.0,0.0,0.0,0.0
Unknown,108.56,0.0,0.0,0.0,0.0,0.0
Unknown,108.49,0.0,0.0,0.0,0.0,0.0
Unknown,108.3,0.0,0.0,0.0,0.0,0.0
Unknown,107.36,0.0,0.0,0.0,0.0,0.0
Unknown,107.51,0.0,0.0,0.0,0.0,0.0
Unknown,106.92,0.0,0.0,0.0,0.0,0.0
Unknown,105.85,0.0,0.0,0.0,0.0,0.0
Unknown,107.15,0.0,0.0,0.0,0.0,0.0
Unknown,107.67,0.0,0.0,0.0,0.0,0.0
Unknown,109.27,0.0,0.0,0.0,0.0,0.0
Unknown,109.94,0.0,0.0,0.0,0.0,0.0
Unknown,110.45,0.0,0.0,0.0,0.0,0.0
Unknown,111.67,0.0,0.0,0.0,0.0,0.0
Unknown,111.69,0.0,0.0,0.0,0.0,0.0
2018-09-04 16:00:00,110.85,2018.0,9.0,4.0,1.0,3.0
2018-09-05 16:00:00,111.01,2018.0,9.0,5.0,2.0,3.0
2018-09-06 16:00:00,108.25,2018.0,9.0,6.0,3.0,3.0
2018-09-07 16:00:00,108.23,2018.0,9.0,7.0,4.0,3.0
2018-09-10 16:00:00,108.84,2018.0,9.0,10.0,0.0,3.0
2018-09-11 16:00:00,108.9,2018.0,9.0,11.0,1.0,3.0
2018-09-12 16:00:00,111.43,2018.0,9.0,12.0,2.0,3.0
Unknown,112.12,0.0,0.0,0.0,0.0,0.0
Unknown,113.36,0.0,0.0,0.0,0.0,0.0
Unknown,113.69,0.0,0.0,0.0,0.0,0.0
Unknown,112.19,0.0,0.0,0.0,0.0,0.0
Unknown,113.05,0.0,0.0,0.0,0.0,0.0
Unknown,112.28,0.0,0.0,0.0,0.0,0.0
Unknown,114.0,0.0,0.0,0.0,0.0,0.0
Unknown,113.03,0.0,0.0,0.0,0.0,0.0
Unknown,114.8,0.0,0.0,0.0,0.0,0.0
Unknown,114.47,0.0,0.0,0.0,0.0,0.0
Unknown,114.78,0.0,0.0,0.0,0.0,0.0
Unknown,114.19,0.0,0.0,0.0,0.0,0.0
2018-10-01 16:00:00,114.75,2018.0,10.0,1.0,0.0,4.0
2018-10-02 16:00:00,115.3,2018.0,10.0,2.0,1.0,4.0
2018-10-03 16:00:00,115.42,2018.0,10.0,3.0,2.0,4.0
2018-10-04 16:00:00,114.61,2018.0,10.0,4.0,3.0,4.0
2018-10-05 16:00:00,112.63,2018.0,10.0,5.0,4.0,4.0
2018-10-08 16:00:00,111.66,2018.0,10.0,8.0,0.0,4.0
2018-10-09 16:00:00,111.14,2018.0,10.0,9.0,1.0,4.0
2018-10-10 16:00:00,111.24,2018.0,10.0,10.0,2.0,4.0
2018-10-11 16:00:00,105.35,2018.0,10.0,11.0,3.0,4.0
2018-10-12 16:00:00,109.01,2018.0,10.0,12.0,4.0,4.0
Unknown,108.91,0.0,0.0,0.0,0.0,0.0
Unknown,109.54,0.0,0.0,0.0,0.0,0.0
Unknown,111.68,0.0,0.0,0.0,0.0,0.0
Unknown,110.1,0.0,0.0,0.0,0.0,0.0
Unknown,108.93,0.0,0.0,0.0,0.0,0.0
Unknown,109.32,0.0,0.0,0.0,0.0,0.0
Unknown,107.77,0.0,0.0,0.0,0.0,0.0
Unknown,108.41,0.0,0.0,0.0,0.0,0.0
Unknown,106.55,0.0,0.0,0.0,0.0,0.0
Unknown,105.69,0.0,0.0,0.0,0.0,0.0
Unknown,108.11,0.0,0.0,0.0,0.0,0.0
Unknown,103.66,0.0,0.0,0.0,0.0,0.0
Unknown,105.44,0.0,0.0,0.0,0.0,0.0
2018-11-01 16:00:00,107.05,2018.0,11.0,1.0,3.0,4.0
2018-11-02 16:00:00,106.48,2018.0,11.0,2.0,4.0,4.0
2018-11-05 16:00:00,106.37,2018.0,11.0,5.0,0.0,4.0
2018-11-06 16:00:00,107.38,2018.0,11.0,6.0,1.0,4.0
2018-11-07 16:00:00,109.44,2018.0,11.0,7.0,2.0,4.0
2018-11-08 16:00:00,111.8,2018.0,11.0,8.0,3.0,4.0
2018-11-09 16:00:00,110.85,2018.0,11.0,9.0,4.0,4.0
2018-11-12 16:00:00,109.42,2018.0,11.0,12.0,0.0,4.0
Unknown,107.55,0.0,0.0,0.0,0.0,0.0
Unknown,108.1,0.0,0.0,0.0,0.0,0.0
Unknown,104.99,0.0,0.0,0.0,0.0,0.0
Unknown,107.08,0.0,0.0,0.0,0.0,0.0
Unknown,108.27,0.0,0.0,0.0,0.0,0.0
Unknown,101.8,0.0,0.0,0.0,0.0,0.0
Unknown,103.6,0.0,0.0,0.0,0.0,0.0
Unknown,102.17,0.0,0.0,0.0,0.0,0.0
Unknown,104.79,0.0,0.0,0.0,0.0,0.0
Unknown,106.27,0.0,0.0,0.0,0.0,0.0
Unknown,107.89,0.0,0.0,0.0,0.0,0.0
Unknown,110.33,0.0,0.0,0.0,0.0,0.0
Unknown,110.7,0.0,0.0,0.0,0.0,0.0
2018-12-03 16:00:00,113.0,2018.0,12.0,3.0,0.0,4.0
2018-12-04 16:00:00,111.94,2018.0,12.0,4.0,1.0,4.0
2018-12-06 16:00:00,105.82,2018.0,12.0,6.0,3.0,4.0
2018-12-07 16:00:00,108.38,2018.0,12.0,7.0,4.0,4.0
2018-12-10 16:00:00,104.8,2018.0,12.0,10.0,0.0,4.0
2018-12-11 16:00:00,109.8,2018.0,12.0,11.0,1.0,4.0
2018-12-12 16:00:00,110.89,2018.0,12.0,12.0,2.0,4.0
Unknown,109.58,0.0,0.0,0.0,0.0,0.0
Unknown,108.25,0.0,0.0,0.0,0.0,0.0
Unknown,105.41,0.0,0.0,0.0,0.0,0.0
Unknown,103.75,0.0,0.0,0.0,0.0,0.0
Unknown,103.65,0.0,0.0,0.0,0.0,0.0
Unknown,103.05,0.0,0.0,0.0,0.0,0.0
Unknown,101.63,0.0,0.0,0.0,0.0,0.0
Unknown,97.68,0.0,0.0,0.0,0.0,0.0
Unknown,95.14,0.0,0.0,0.0,0.0,0.0
Unknown,99.3,0.0,0.0,0.0,0.0,0.0
Unknown,102.09,0.0,0.0,0.0,0.0,0.0
Unknown,101.29,0.0,0.0,0.0,0.0,0.0
2019-01-02 16:00:00,99.55,2019.0,1.0,2.0,2.0,1.0
2019-01-03 16:00:00,100.1,2019.0,1.0,3.0,3.0,1.0
2019-01-04 16:00:00,99.72,2019.0,1.0,4.0,4.0,1.0
2019-01-07 16:00:00,101.64,2019.0,1.0,7.0,0.0,1.0
2019-01-08 16:00:00,103.04,2019.0,1.0,8.0,1.0,1.0
2019-01-09 16:00:00,103.86,2019.0,1.0,9.0,2.0,1.0
2019-01-10 16:00:00,103.22,2019.0,1.0,10.0,3.0,1.0
2019-01-11 16:00:00,103.19,2019.0,1.0,11.0,4.0,1.0
Unknown,101.9,0.0,0.0,0.0,0.0,0.0
Unknown,102.51,0.0,0.0,0.0,0.0,0.0
Unknown,105.26,0.0,0.0,0.0,0.0,0.0
Unknown,105.0,0.0,0.0,0.0,0.0,0.0
Unknown,107.46,0.0,0.0,0.0,0.0,0.0
Unknown,106.75,0.0,0.0,0.0,0.0,0.0
Unknown,106.12,0.0,0.0,0.0,0.0,0.0
Unknown,106.86,0.0,0.0,0.0,0.0,0.0
Unknown,107.24,0.0,0.0,0.0,0.0,0.0
Unknown,106.26,0.0,0.0,0.0,0.0,0.0
Unknown,104.88,0.0,0.0,0.0,0.0,0.0
Unknown,104.62,0.0,0.0,0.0,0.0,0.0
Unknown,103.8,0.0,0.0,0.0,0.0,0.0
2019-02-01 16:00:00,103.78,2019.0,2.0,1.0,4.0,1.0
2019-02-04 16:00:00,102.87,2019.0,2.0,4.0,0.0,1.0
2019-02-05 16:00:00,106.06,2019.0,2.0,5.0,1.0,1.0
2019-02-06 16:00:00,107.0,2019.0,2.0,6.0,2.0,1.0
2019-02-07 16:00:00,105.19,2019.0,2.0,7.0,3.0,1.0
2019-02-08 16:00:00,104.39,2019.0,2.0,8.0,4.0,1.0
2019-02-11 16:00:00,106.2,2019.0,2.0,11.0,0.0,1.0
2019-02-12 16:00:00,106.14,2019.0,2.0,12.0,1.0,1.0
Unknown,107.5,0.0,0.0,0.0,0.0,0.0
Unknown,106.31,0.0,0.0,0.0,0.0,0.0
Unknown,107.91,0.0,0.0,0.0,0.0,0.0
Unknown,107.79,0.0,0.0,0.0,0.0,0.0
Unknown,107.86,0.0,0.0,0.0,0.0,0.0
Unknown,106.9,0.0,0.0,0.0,0.0,0.0
Unknown,110.05,0.0,0.0,0.0,0.0,0.0
Unknown,111.76,0.0,0.0,0.0,0.0,0.0
Unknown,111.26,0.0,0.0,0.0,0.0,0.0
Unknown,111.69,0.0,0.0,0.0,0.0,0.0
Unknown,112.04,0.0,0.0,0.0,0.0,0.0
2019-03-01 16:00:00,112.89,2019.0,3.0,1.0,4.0,1.0
2019-03-04 16:00:00,113.02,2019.0,3.0,4.0,0.0,1.0
2019-03-05 16:00:00,112.25,2019.0,3.0,5.0,1.0,1.0
2019-03-06 16:00:00,111.87,2019.0,3.0,6.0,2.0,1.0
2019-03-07 16:00:00,111.4,2019.0,3.0,7.0,3.0,1.0
2019-03-08 16:00:00,109.16,2019.0,3.0,8.0,4.0,1.0
2019-03-11 16:00:00,110.99,2019.0,3.0,11.0,0.0,1.0
2019-03-12 16:00:00,112.82,2019.0,3.0,12.0,1.0,1.0
Unknown,114.13,0.0,0.0,0.0,0.0,0.0
Unknown,114.54,0.0,0.0,0.0,0.0,0.0
Unknown,115.34,0.0,0.0,0.0,0.0,0.0
Unknown,116.17,0.0,0.0,0.0,0.0,0.0
Unknown,118.09,0.0,0.0,0.0,0.0,0.0
Unknown,117.39,0.0,0.0,0.0,0.0,0.0
Unknown,117.14,0.0,0.0,0.0,0.0,0.0
Unknown,119.5,0.0,0.0,0.0,0.0,0.0
Unknown,116.56,0.0,0.0,0.0,0.0,0.0
Unknown,118.62,0.0,0.0,0.0,0.0,0.0
Unknown,117.88,0.0,0.0,0.0,0.0,0.0
Unknown,117.44,0.0,0.0,0.0,0.0,0.0
Unknown,118.07,0.0,0.0,0.0,0.0,0.0
2019-04-01 16:00:00,118.95,2019.0,4.0,1.0,0.0,2.0
2019-04-02 16:00:00,119.06,2019.0,4.0,2.0,1.0,2.0
2019-04-03 16:00:00,119.86,2019.0,4.0,3.0,2.0,2.0
2019-04-04 16:00:00,120.1,2019.0,4.0,4.0,3.0,2.0
2019-04-05 16:00:00,119.39,2019.0,4.0,5.0,4.0,2.0
2019-04-08 16:00:00,119.81,2019.0,4.0,8.0,0.0,2.0
2019-04-09 16:00:00,118.63,2019.0,4.0,9.0,1.0,2.0
2019-04-10 16:00:00,119.76,2019.0,4.0,10.0,2.0,2.0
2019-04-11 16:00:00,120.54,2019.0,4.0,11.0,3.0,2.0
2019-04-12 16:00:00,120.64,2019.0,4.0,12.0,4.0,2.0
Unknown,120.94,0.0,0.0,0.0,0.0,0.0
Unknown,121.64,0.0,0.0,0.0,0.0,0.0
Unknown,121.24,0.0,0.0,0.0,0.0,0.0
Unknown,122.19,0.0,0.0,0.0,0.0,0.0
Unknown,122.62,0.0,0.0,0.0,0.0,0.0
Unknown,124.1,0.0,0.0,0.0,0.0,0.0
Unknown,125.79,0.0,0.0,0.0,0.0,0.0
Unknown,130.06,0.0,0.0,0.0,0.0,0.0
Unknown,129.7,0.0,0.0,0.0,0.0,0.0
Unknown,129.9,0.0,0.0,0.0,0.0,0.0
Unknown,129.81,0.0,0.0,0.0,0.0,0.0
2019-05-01 16:00:00,130.53,2019.0,5.0,1.0,2.0,2.0
2019-05-02 16:00:00,127.98,2019.0,5.0,2.0,3.0,2.0
2019-05-03 16:00:00,127.36,2019.0,5.0,3.0,4.0,2.0
2019-05-06 16:00:00,126.39,2019.0,5.0,6.0,0.0,2.0
2019-05-07 16:00:00,126.46,2019.0,5.0,7.0,1.0,2.0
2019-05-08 16:00:00,125.44,2019.0,5.0,8.0,2.0,2.0
2019-05-09 16:00:00,124.29,2019.0,5.0,9.0,3.0,2.0
2019-05-10 16:00:00,124.91,2019.0,5.0,10.0,4.0,2.0
Unknown,124.11,0.0,0.0,0.0,0.0,0.0
Unknown,123.87,0.0,0.0,0.0,0.0,0.0
Unknown,124.26,0.0,0.0,0.0,0.0,0.0
Unknown,126.75,0.0,0.0,0.0,0.0,0.0
Unknown,128.31,0.0,0.0,0.0,0.0,0.0
Unknown,126.52,0.0,0.0,0.0,0.0,0.0
Unknown,127.43,0.0,0.0,0.0,0.0,0.0
Unknown,126.62,0.0,0.0,0.0,0.0,0.0
Unknown,126.2,0.0,0.0,0.0,0.0,0.0
Unknown,126.91,0.0,0.0,0.0,0.0,0.0
Unknown,126.98,0.0,0.0,0.0,0.0,0.0
Unknown,125.38,0.0,0.0,0.0,0.0,0.0
Unknown,125.26,0.0,0.0,0.0,0.0,0.0
Unknown,124.23,0.0,0.0,0.0,0.0,0.0
2019-06-03 16:00:00,123.85,2019.0,6.0,3.0,0.0,2.0
2019-06-04 16:00:00,121.28,2019.0,6.0,4.0,1.0,2.0
2019-06-05 16:00:00,124.95,2019.0,6.0,5.0,2.0,2.0
2019-06-06 16:00:00,126.44,2019.0,6.0,6.0,3.0,2.0
2019-06-07 16:00:00,129.19,2019.0,6.0,7.0,4.0,2.0
2019-06-10 16:00:00,132.4,2019.0,6.0,10.0,0.0,2.0
2019-06-11 16:00:00,133.88,2019.0,6.0,11.0,1.0,2.0
2019-06-12 16:00:00,131.4,2019.0,6.0,12.0,2.0,2.0
Unknown,131.98,0.0,0.0,0.0,0.0,0.0
Unknown,132.26,0.0,0.0,0.0,0.0,0.0
Unknown,132.63,0.0,0.0,0.0,0.0,0.0
Unknown,134.19,0.0,0.0,0.0,0.0,0.0
Unknown,135.0,0.0,0.0,0.0,0.0,0.0
Unknown,137.45,0.0,0.0,0.0,0.0,0.0
Unknown,136.58,0.0,0.0,0.0,0.0,0.0
Unknown,137.0,0.0,0.0,0.0,0.0,0.0
Unknown,137.25,0.0,0.0,0.0,0.0,0.0
Unknown,134.35,0.0,0.0,0.0,0.0,0.0
Unknown,134.14,0.0,0.0,0.0,0.0,0.0
Unknown,134.57,0.0,0.0,0.0,0.0,0.0
2019-07-01 16:00:00,136.63,2019.0,7.0,1.0,0.0,3.0
2019-07-02 16:00:00,136.12,2019.0,7.0,2.0,1.0,3.0
2019-07-03 13:00:00,136.8,2019.0,7.0,3.0,2.0,3.0
2019-07-05 16:00:00,135.94,2019.0,7.0,5.0,4.0,3.0
2019-07-08 16:00:00,136.4,2019.0,7.0,8.0,0.0,3.0
2019-07-09 16:00:00,136.0,2019.0,7.0,9.0,1.0,3.0
2019-07-10 16:00:00,137.13,2019.0,7.0,10.0,2.0,3.0
2019-07-11 16:00:00,138.2,2019.0,7.0,11.0,3.0,3.0
2019-07-12 16:00:00,138.85,2019.0,7.0,12.0,4.0,3.0
Unknown,139.44,0.0,0.0,0.0,0.0,0.0
Unknown,138.96,0.0,0.0,0.0,0.0,0.0
Unknown,137.7,0.0,0.0,0.0,0.0,0.0
Unknown,135.55,0.0,0.0,0.0,0.0,0.0
Unknown,140.22,0.0,0.0,0.0,0.0,0.0
Unknown,137.41,0.0,0.0,0.0,0.0,0.0
Unknown,139.76,0.0,0.0,0.0,0.0,0.0
Unknown,138.9,0.0,0.0,0.0,0.0,0.0
Unknown,140.43,0.0,0.0,0.0,0.0,0.0
Unknown,140.37,0.0,0.0,0.0,0.0,0.0
Unknown,141.5,0.0,0.0,0.0,0.0,0.0
Unknown,140.14,0.0,0.0,0.0,0.0,0.0
Unknown,140.33,0.0,0.0,0.0,0.0,0.0
2019-08-01 16:00:00,137.0,2019.0,8.0,1.0,3.0,3.0
2019-08-02 16:00:00,138.09,2019.0,8.0,2.0,4.0,3.0
2019-08-05 16:00:00,133.3,2019.0,8.0,5.0,0.0,3.0
2019-08-06 16:00:00,133.8,2019.0,8.0,6.0,1.0,3.0
2019-08-07 16:00:00,133.79,2019.0,8.0,7.0,2.0,3.0
2019-08-08 16:00:00,136.6,2019.0,8.0,8.0,3.0,3.0
2019-08-09 16:00:00,138.61,2019.0,8.0,9.0,4.0,3.0
2019-08-12 16:00:00,137.07,2019.0,8.0,12.0,0.0,3.0
Unknown,136.05,0.0,0.0,0.0,0.0,0.0
Unknown,136.36,0.0,0.0,0.0,0.0,0.0
Unknown,134.39,0.0,0.0,0.0,0.0,0.0
Unknown,134.88,0.0,0.0,0.0,0.0,0.0
Unknown,137.85,0.0,0.0,0.0,0.0,0.0
Unknown,138.21,0.0,0.0,0.0,0.0,0.0
Unknown,138.55,0.0,0.0,0.0,0.0,0.0
Unknown,138.66,0.0,0.0,0.0,0.0,0.0
Unknown,137.19,0.0,0.0,0.0,0.0,0.0
Unknown,134.99,0.0,0.0,0.0,0.0,0.0
Unknown,136.39,0.0,0.0,0.0,0.0,0.0
Unknown,134.88,0.0,0.0,0.0,0.0,0.0
Unknown,137.25,0.0,0.0,0.0,0.0,0.0
Unknown,139.15,0.0,0.0,0.0,0.0,0.0
2019-09-03 16:00:00,136.61,2019.0,9.0,3.0,1.0,3.0
2019-09-04 16:00:00,137.3,2019.0,9.0,4.0,2.0,3.0
2019-09-05 16:00:00,139.11,2019.0,9.0,5.0,3.0,3.0
2019-09-06 16:00:00,140.03,2019.0,9.0,6.0,4.0,3.0
2019-09-09 16:00:00,139.59,2019.0,9.0,9.0,0.0,3.0
2019-09-10 16:00:00,136.8,2019.0,9.0,10.0,1.0,3.0
2019-09-11 16:00:00,135.91,2019.0,9.0,11.0,2.0,3.0
2019-09-12 16:00:00,137.85,2019.0,9.0,12.0,3.0,3.0
Unknown,137.78,0.0,0.0,0.0,0.0,0.0
Unknown,135.83,0.0,0.0,0.0,0.0,0.0
Unknown,136.96,0.0,0.0,0.0,0.0,0.0
Unknown,137.36,0.0,0.0,0.0,0.0,0.0
Unknown,140.3,0.0,0.0,0.0,0.0,0.0
Unknown,141.01,0.0,0.0,0.0,0.0,0.0
Unknown,139.23,0.0,0.0,0.0,0.0,0.0
Unknown,140.36,0.0,0.0,0.0,0.0,0.0
Unknown,137.5,0.0,0.0,0.0,0.0,0.0
Unknown,139.44,0.0,0.0,0.0,0.0,0.0
Unknown,140.15,0.0,0.0,0.0,0.0,0.0
Unknown,138.05,0.0,0.0,0.0,0.0,0.0
2019-10-01 16:00:00,139.66,2019.0,10.0,1.0,1.0,4.0
2019-10-02 16:00:00,136.25,2019.0,10.0,2.0,2.0,4.0
2019-10-03 16:00:00,134.95,2019.0,10.0,3.0,3.0,4.0
2019-10-04 16:00:00,136.75,2019.0,10.0,4.0,4.0,4.0
2019-10-07 16:00:00,137.14,2019.0,10.0,7.0,0.0,4.0
2019-10-08 16:00:00,137.08,2019.0,10.0,8.0,1.0,4.0
2019-10-09 16:00:00,137.46,2019.0,10.0,9.0,2.0,4.0
2019-10-10 16:00:00,138.49,2019.0,10.0,10.0,3.0,4.0
2019-10-11 16:00:00,140.12,2019.0,10.0,11.0,4.0,4.0
Unknown,139.69,0.0,0.0,0.0,0.0,0.0
Unknown,140.06,0.0,0.0,0.0,0.0,0.0
Unknown,140.79,0.0,0.0,0.0,0.0,0.0
Unknown,140.95,0.0,0.0,0.0,0.0,0.0
Unknown,139.76,0.0,0.0,0.0,0.0,0.0
Unknown,138.45,0.0,0.0,0.0,0.0,0.0
Unknown,138.97,0.0,0.0,0.0,0.0,0.0
Unknown,136.88,0.0,0.0,0.0,0.0,0.0
Unknown,139.39,0.0,0.0,0.0,0.0,0.0
Unknown,139.34,0.0,0.0,0.0,0.0,0.0
Unknown,144.4,0.0,0.0,0.0,0.0,0.0
Unknown,144.08,0.0,0.0,0.0,0.0,0.0
Unknown,143.52,0.0,0.0,0.0,0.0,0.0
Unknown,144.9,0.0,0.0,0.0,0.0,0.0
2019-11-01 16:00:00,144.26,2019.0,11.0,1.0,4.0,4.0
2019-11-04 16:00:00,144.83,2019.0,11.0,4.0,0.0,4.0
2019-11-05 16:00:00,144.97,2019.0,11.0,5.0,1.0,4.0
2019-11-06 16:00:00,144.37,2019.0,11.0,6.0,2.0,4.0
2019-11-07 16:00:00,143.84,2019.0,11.0,7.0,3.0,4.0
2019-11-08 16:00:00,143.98,2019.0,11.0,8.0,4.0,4.0
2019-11-11 16:00:00,145.34,2019.0,11.0,11.0,0.0,4.0
2019-11-12 16:00:00,146.28,2019.0,11.0,12.0,1.0,4.0
Unknown,146.74,0.0,0.0,0.0,0.0,0.0
Unknown,147.02,0.0,0.0,0.0,0.0,0.0
Unknown,148.93,0.0,0.0,0.0,0.0,0.0
Unknown,150.07,0.0,0.0,0.0,0.0,0.0
Unknown,150.88,0.0,0.0,0.0,0.0,0.0
Unknown,150.31,0.0,0.0,0.0,0.0,0.0
Unknown,149.4,0.0,0.0,0.0,0.0,0.0
Unknown,150.07,0.0,0.0,0.0,0.0,0.0
Unknown,150.0,0.0,0.0,0.0,0.0,0.0
Unknown,151.36,0.0,0.0,0.0,0.0,0.0
Unknown,152.33,0.0,0.0,0.0,0.0,0.0
Unknown,152.1,0.0,0.0,0.0,0.0,0.0
2019-12-02 16:00:00,151.81,2019.0,12.0,2.0,0.0,4.0
2019-12-03 16:00:00,147.49,2019.0,12.0,3.0,1.0,4.0
2019-12-04 16:00:00,150.14,2019.0,12.0,4.0,2.0,4.0
2019-12-05 16:00:00,150.05,2019.0,12.0,5.0,3.0,4.0
2019-12-06 16:00:00,150.99,2019.0,12.0,6.0,4.0,4.0
2019-12-09 16:00:00,150.99,2019.0,12.0,9.0,0.0,4.0
2019-12-10 16:00:00,151.29,2019.0,12.0,10.0,1.0,4.0
2019-12-11 16:00:00,151.54,2019.0,12.0,11.0,2.0,4.0
2019-12-12 16:00:00,151.65,2019.0,12.0,12.0,3.0,4.0
Unknown,153.0,0.0,0.0,0.0,0.0,0.0
Unknown,155.11,0.0,0.0,0.0,0.0,0.0
Unknown,155.45,0.0,0.0,0.0,0.0,0.0
Unknown,154.3,0.0,0.0,0.0,0.0,0.0
Unknown,154.0,0.0,0.0,0.0,0.0,0.0
Unknown,157.35,0.0,0.0,0.0,0.0,0.0
Unknown,158.12,0.0,0.0,0.0,0.0,0.0
Unknown,157.48,0.0,0.0,0.0,0.0,0.0
Unknown,157.56,0.0,0.0,0.0,0.0,0.0
Unknown,159.45,0.0,0.0,0.0,0.0,0.0
Unknown,158.99,0.0,0.0,0.0,0.0,0.0
Unknown,156.77,0.0,0.0,0.0,0.0,0.0
2020-01-02 16:00:00,158.78,2020.0,1.0,2.0,3.0,1.0
2020-01-03 16:00:00,158.32,2020.0,1.0,3.0,4.0,1.0
2020-01-06 16:00:00,157.08,2020.0,1.0,6.0,0.0,1.0
2020-01-07 16:00:00,159.32,2020.0,1.0,7.0,1.0,1.0
2020-01-08 16:00:00,158.93,2020.0,1.0,8.0,2.0,1.0
2020-01-09 16:00:00,161.84,2020.0,1.0,9.0,3.0,1.0
2020-01-10 16:00:00,162.82,2020.0,1.0,10.0,4.0,1.0
Unknown,161.76,0.0,0.0,0.0,0.0,0.0
Unknown,163.39,0.0,0.0,0.0,0.0,0.0
Unknown,162.62,0.0,0.0,0.0,0.0,0.0
Unknown,164.35,0.0,0.0,0.0,0.0,0.0
Unknown,167.42,0.0,0.0,0.0,0.0,0.0
Unknown,166.68,0.0,0.0,0.0,0.0,0.0
Unknown,167.4,0.0,0.0,0.0,0.0,0.0
Unknown,166.19,0.0,0.0,0.0,0.0,0.0
Unknown,167.51,0.0,0.0,0.0,0.0,0.0
Unknown,161.15,0.0,0.0,0.0,0.0,0.0
Unknown,163.78,0.0,0.0,0.0,0.0,0.0
Unknown,167.84,0.0,0.0,0.0,0.0,0.0
Unknown,174.05,0.0,0.0,0.0,0.0,0.0
Unknown,172.21,0.0,0.0,0.0,0.0,0.0
2020-02-03 16:00:00,170.43,2020.0,2.0,3.0,0.0,1.0
2020-02-04 16:00:00,177.14,2020.0,2.0,4.0,1.0,1.0
2020-02-05 16:00:00,184.03,2020.0,2.0,5.0,2.0,1.0
2020-02-06 16:00:00,180.97,2020.0,2.0,6.0,3.0,1.0
2020-02-07 16:00:00,182.85,2020.0,2.0,7.0,4.0,1.0
2020-02-10 16:00:00,183.58,2020.0,2.0,10.0,0.0,1.0
2020-02-11 16:00:00,190.65,2020.0,2.0,11.0,1.0,1.0
2020-02-12 16:00:00,185.58,2020.0,2.0,12.0,2.0,1.0
Unknown,183.08,0.0,0.0,0.0,0.0,0.0
Unknown,183.25,0.0,0.0,0.0,0.0,0.0
Unknown,185.61,0.0,0.0,0.0,0.0,0.0
Unknown,188.06,0.0,0.0,0.0,0.0,0.0
Unknown,186.95,0.0,0.0,0.0,0.0,0.0
Unknown,183.17,0.0,0.0,0.0,0.0,0.0
Unknown,167.77,0.0,0.0,0.0,0.0,0.0
Unknown,174.2,0.0,0.0,0.0,0.0,0.0
Unknown,169.71,0.0,0.0,0.0,0.0,0.0
Unknown,163.32,0.0,0.0,0.0,0.0,0.0
Unknown,152.41,0.0,0.0,0.0,0.0,0.0
2020-03-02 16:00:00,165.31,2020.0,3.0,2.0,0.0,1.0
2020-03-03 16:00:00,173.8,2020.0,3.0,3.0,1.0,1.0
2020-03-04 16:00:00,168.49,2020.0,3.0,4.0,2.0,1.0
2020-03-05 16:00:00,166.05,2020.0,3.0,5.0,3.0,1.0
2020-03-06 16:00:00,162.61,2020.0,3.0,6.0,4.0,1.0
2020-03-09 16:00:00,151.0,2020.0,3.0,9.0,0.0,1.0
2020-03-10 16:00:00,158.16,2020.0,3.0,10.0,1.0,1.0
2020-03-11 16:00:00,157.13,2020.0,3.0,11.0,2.0,1.0
2020-03-12 16:00:00,145.3,2020.0,3.0,12.0,3.0,1.0
Unknown,147.5,0.0,0.0,0.0,0.0,0.0
Unknown,140.0,0.0,0.0,0.0,0.0,0.0
Unknown,140.0,0.0,0.0,0.0,0.0,0.0
Unknown,138.0,0.0,0.0,0.0,0.0,0.0
Unknown,142.77,0.0,0.0,0.0,0.0,0.0
Unknown,146.0,0.0,0.0,0.0,0.0,0.0
Unknown,137.01,0.0,0.0,0.0,0.0,0.0
Unknown,143.75,0.0,0.0,0.0,0.0,0.0
Unknown,148.91,0.0,0.0,0.0,0.0,0.0
Unknown,148.4,0.0,0.0,0.0,0.0,0.0
Unknown,151.75,0.0,0.0,0.0,0.0,0.0
Unknown,152.44,0.0,0.0,0.0,0.0,0.0
Unknown,159.4,0.0,0.0,0.0,0.0,0.0
2020-04-01 16:00:00,153.0,2020.0,4.0,1.0,2.0,2.0
2020-04-02 16:00:00,151.86,2020.0,4.0,2.0,3.0,2.0
2020-04-03 16:00:00,155.1,2020.0,4.0,3.0,4.0,2.0
2020-04-06 16:00:00,160.32,2020.0,4.0,6.0,0.0,2.0
2020-04-07 16:00:00,169.59,2020.0,4.0,7.0,1.0,2.0
2020-04-08 16:00:00,165.67,2020.0,4.0,8.0,2.0,2.0
2020-04-09 16:00:00,166.36,2020.0,4.0,9.0,3.0,2.0
Unknown,164.35,0.0,0.0,0.0,0.0,0.0
Unknown,169.0,0.0,0.0,0.0,0.0,0.0
Unknown,171.2,0.0,0.0,0.0,0.0,0.0
Unknown,174.3,0.0,0.0,0.0,0.0,0.0
Unknown,179.5,0.0,0.0,0.0,0.0,0.0
Unknown,176.63,0.0,0.0,0.0,0.0,0.0
Unknown,173.5,0.0,0.0,0.0,0.0,0.0
Unknown,171.39,0.0,0.0,0.0,0.0,0.0
Unknown,174.11,0.0,0.0,0.0,0.0,0.0
Unknown,172.06,0.0,0.0,0.0,0.0,0.0
Unknown,176.59,0.0,0.0,0.0,0.0,0.0
Unknown,175.59,0.0,0.0,0.0,0.0,0.0
Unknown,173.22,0.0,0.0,0.0,0.0,0.0
Unknown,180.0,0.0,0.0,0.0,0.0,0.0
2020-05-01 16:00:00,175.8,2020.0,5.0,1.0,4.0,2.0
2020-05-04 16:00:00,174.49,2020.0,5.0,4.0,0.0,2.0
2020-05-05 16:00:00,180.62,2020.0,5.0,5.0,1.0,2.0
2020-05-06 16:00:00,182.08,2020.0,5.0,6.0,2.0,2.0
2020-05-07 16:00:00,184.17,2020.0,5.0,7.0,3.0,2.0
2020-05-08 16:00:00,184.98,2020.0,5.0,8.0,4.0,2.0
2020-05-11 16:00:00,183.15,2020.0,5.0,11.0,0.0,2.0
2020-05-12 16:00:00,186.8,2020.0,5.0,12.0,1.0,2.0
Unknown,182.55,0.0,0.0,0.0,0.0,0.0
Unknown,177.54,0.0,0.0,0.0,0.0,0.0
Unknown,179.06,0.0,0.0,0.0,0.0,0.0
Unknown,185.75,0.0,0.0,0.0,0.0,0.0
Unknown,185.03,0.0,0.0,0.0,0.0,0.0
Unknown,184.81,0.0,0.0,0.0,0.0,0.0
Unknown,185.4,0.0,0.0,0.0,0.0,0.0
Unknown,183.19,0.0,0.0,0.0,0.0,0.0
Unknown,186.34,0.0,0.0,0.0,0.0,0.0
Unknown,180.2,0.0,0.0,0.0,0.0,0.0
Unknown,180.74,0.0,0.0,0.0,0.0,0.0
Unknown,182.73,0.0,0.0,0.0,0.0,0.0
2020-06-01 16:00:00,182.54,2020.0,6.0,1.0,0.0,2.0
2020-06-02 16:00:00,184.25,2020.0,6.0,2.0,1.0,2.0
2020-06-03 16:00:00,184.82,2020.0,6.0,3.0,2.0,2.0
2020-06-04 16:00:00,184.3,2020.0,6.0,4.0,3.0,2.0
2020-06-05 16:00:00,182.62,2020.0,6.0,5.0,4.0,2.0
2020-06-08 16:00:00,185.94,2020.0,6.0,8.0,0.0,2.0
2020-06-09 16:00:00,188.0,2020.0,6.0,9.0,1.0,2.0
2020-06-10 16:00:00,191.13,2020.0,6.0,10.0,2.0,2.0
2020-06-11 16:00:00,193.13,2020.0,6.0,11.0,3.0,2.0
2020-06-12 16:00:00,190.54,2020.0,6.0,12.0,4.0,2.0
Unknown,184.58,0.0,0.0,0.0,0.0,0.0
Unknown,192.89,0.0,0.0,0.0,0.0,0.0
Unknown,195.03,0.0,0.0,0.0,0.0,0.0
Unknown,194.0,0.0,0.0,0.0,0.0,0.0
Unknown,198.59,0.0,0.0,0.0,0.0,0.0
Unknown,195.79,0.0,0.0,0.0,0.0,0.0
Unknown,202.09,0.0,0.0,0.0,0.0,0.0
Unknown,201.6,0.0,0.0,0.0,0.0,0.0
Unknown,197.8,0.0,0.0,0.0,0.0,0.0
Unknown,199.73,0.0,0.0,0.0,0.0,0.0
Unknown,195.78,0.0,0.0,0.0,0.0,0.0
Unknown,197.88,0.0,0.0,0.0,0.0,0.0
2020-07-01 16:00:00,203.14,2020.0,7.0,1.0,2.0,3.0
2020-07-02 16:00:00,205.68,2020.0,7.0,2.0,3.0,3.0
2020-07-06 16:00:00,208.83,2020.0,7.0,6.0,0.0,3.0
2020-07-07 16:00:00,210.45,2020.0,7.0,7.0,1.0,3.0
2020-07-08 16:00:00,210.07,2020.0,7.0,8.0,2.0,3.0
2020-07-09 16:00:00,216.33,2020.0,7.0,9.0,3.0,3.0
2020-07-10 16:00:00,213.62,2020.0,7.0,10.0,4.0,3.0
Unknown,214.48,0.0,0.0,0.0,0.0,0.0
Unknown,206.13,0.0,0.0,0.0,0.0,0.0
Unknown,209.56,0.0,0.0,0.0,0.0,0.0
Unknown,205.4,0.0,0.0,0.0,0.0,0.0
Unknown,204.47,0.0,0.0,0.0,0.0,0.0
Unknown,205.0,0.0,0.0,0.0,0.0,0.0
Unknown,213.66,0.0,0.0,0.0,0.0,0.0
Unknown,209.2,0.0,0.0,0.0,0.0,0.0
Unknown,207.19,0.0,0.0,0.0,0.0,0.0
Unknown,200.42,0.0,0.0,0.0,0.0,0.0
Unknown,201.47,0.0,0.0,0.0,0.0,0.0
Unknown,203.61,0.0,0.0,0.0,0.0,0.0
Unknown,202.5,0.0,0.0,0.0,0.0,0.0
Unknown,201.0,0.0,0.0,0.0,0.0,0.0
Unknown,204.4,0.0,0.0,0.0,0.0,0.0
2020-08-03 16:00:00,211.52,2020.0,8.0,3.0,0.0,3.0
2020-08-04 16:00:00,214.17,2020.0,8.0,4.0,1.0,3.0
2020-08-05 16:00:00,214.9,2020.0,8.0,5.0,2.0,3.0
2020-08-06 16:00:00,212.34,2020.0,8.0,6.0,3.0,3.0
2020-08-07 16:00:00,214.85,2020.0,8.0,7.0,4.0,3.0
2020-08-10 16:00:00,211.67,2020.0,8.0,10.0,0.0,3.0
2020-08-11 16:00:00,207.16,2020.0,8.0,11.0,1.0,3.0
2020-08-12 16:00:00,205.29,2020.0,8.0,12.0,2.0,3.0
Unknown,209.44,0.0,0.0,0.0,0.0,0.0
Unknown,208.76,0.0,0.0,0.0,0.0,0.0
Unknown,209.6,0.0,0.0,0.0,0.0,0.0
Unknown,210.53,0.0,0.0,0.0,0.0,0.0
Unknown,211.49,0.0,0.0,0.0,0.0,0.0
Unknown,209.54,0.0,0.0,0.0,0.0,0.0
Unknown,213.86,0.0,0.0,0.0,0.0,0.0
Unknown,214.79,0.0,0.0,0.0,0.0,0.0
Unknown,213.1,0.0,0.0,0.0,0.0,0.0
Unknown,217.88,0.0,0.0,0.0,0.0,0.0
Unknown,222.89,0.0,0.0,0.0,0.0,0.0
Unknown,228.18,0.0,0.0,0.0,0.0,0.0
Unknown,227.0,0.0,0.0,0.0,0.0,0.0
2020-09-01 16:00:00,225.51,2020.0,9.0,1.0,1.0,3.0
2020-09-02 16:00:00,227.97,2020.0,9.0,2.0,2.0,3.0
2020-09-03 16:00:00,229.27,2020.0,9.0,3.0,3.0,3.0
2020-09-04 16:00:00,215.1,2020.0,9.0,4.0,4.0,3.0
2020-09-08 16:00:00,206.5,2020.0,9.0,8.0,1.0,3.0
2020-09-09 16:00:00,207.6,2020.0,9.0,9.0,2.0,3.0
2020-09-10 16:00:00,213.4,2020.0,9.0,10.0,3.0,3.0
2020-09-11 16:00:00,207.2,2020.0,9.0,11.0,4.0,3.0
Unknown,204.24,0.0,0.0,0.0,0.0,0.0
Unknown,208.42,0.0,0.0,0.0,0.0,0.0
Unknown,210.62,0.0,0.0,0.0,0.0,0.0
Unknown,200.05,0.0,0.0,0.0,0.0,0.0
Unknown,202.8,0.0,0.0,0.0,0.0,0.0
Unknown,197.19,0.0,0.0,0.0,0.0,0.0
Unknown,205.06,0.0,0.0,0.0,0.0,0.0
Unknown,207.9,0.0,0.0,0.0,0.0,0.0
Unknown,199.85,0.0,0.0,0.0,0.0,0.0
Unknown,203.55,0.0,0.0,0.0,0.0,0.0
Unknown,210.88,0.0,0.0,0.0,0.0,0.0
Unknown,209.35,0.0,0.0,0.0,0.0,0.0
Unknown,207.73,0.0,0.0,0.0,0.0,0.0
2020-10-01 16:00:00,213.49,2020.0,10.0,1.0,3.0,4.0
2020-10-02 16:00:00,208.0,2020.0,10.0,2.0,4.0,4.0
2020-10-05 16:00:00,207.22,2020.0,10.0,5.0,0.0,4.0
2020-10-06 16:00:00,208.82,2020.0,10.0,6.0,1.0,4.0
2020-10-07 16:00:00,207.06,2020.0,10.0,7.0,2.0,4.0
2020-10-08 16:00:00,210.51,2020.0,10.0,8.0,3.0,4.0
2020-10-09 16:00:00,211.23,2020.0,10.0,9.0,4.0,4.0
2020-10-12 16:00:00,218.79,2020.0,10.0,12.0,0.0,4.0
Unknown,222.72,0.0,0.0,0.0,0.0,0.0
Unknown,223.0,0.0,0.0,0.0,0.0,0.0
Unknown,217.1,0.0,0.0,0.0,0.0,0.0
Unknown,220.15,0.0,0.0,0.0,0.0,0.0
Unknown,220.42,0.0,0.0,0.0,0.0,0.0
Unknown,215.8,0.0,0.0,0.0,0.0,0.0
Unknown,213.12,0.0,0.0,0.0,0.0,0.0
Unknown,213.93,0.0,0.0,0.0,0.0,0.0
Unknown,215.03,0.0,0.0,0.0,0.0,0.0
Unknown,213.85,0.0,0.0,0.0,0.0,0.0
Unknown,211.59,0.0,0.0,0.0,0.0,0.0
Unknown,207.67,0.0,0.0,0.0,0.0,0.0
Unknown,204.07,0.0,0.0,0.0,0.0,0.0
Unknown,203.5,0.0,0.0,0.0,0.0,0.0
2020-11-02 16:00:00,204.29,2020.0,11.0,2.0,0.0,4.0
2020-11-03 16:00:00,203.89,2020.0,11.0,3.0,1.0,4.0
2020-11-04 16:00:00,214.02,2020.0,11.0,4.0,2.0,4.0
2020-11-05 16:00:00,222.04,2020.0,11.0,5.0,3.0,4.0
2020-11-06 16:00:00,222.26,2020.0,11.0,6.0,4.0,4.0
2020-11-09 16:00:00,224.44,2020.0,11.0,9.0,0.0,4.0
2020-11-10 16:00:00,214.5,2020.0,11.0,10.0,1.0,4.0
2020-11-11 16:00:00,212.39,2020.0,11.0,11.0,2.0,4.0
2020-11-12 16:00:00,217.21,2020.0,11.0,12.0,3.0,4.0
Unknown,216.36,0.0,0.0,0.0,0.0,0.0
Unknown,214.87,0.0,0.0,0.0,0.0,0.0
Unknown,216.1,0.0,0.0,0.0,0.0,0.0
Unknown,213.65,0.0,0.0,0.0,0.0,0.0
Unknown,211.38,0.0,0.0,0.0,0.0,0.0
Unknown,212.2,0.0,0.0,0.0,0.0,0.0
Unknown,210.95,0.0,0.0,0.0,0.0,0.0
Unknown,209.59,0.0,0.0,0.0,0.0,0.0
Unknown,215.11,0.0,0.0,0.0,0.0,0.0
Unknown,214.85,0.0,0.0,0.0,0.0,0.0
Unknown,214.1,0.0,0.0,0.0,0.0,0.0
2020-12-01 16:00:00,214.51,2020.0,12.0,1.0,1.0,4.0
2020-12-02 16:00:00,214.88,2020.0,12.0,2.0,2.0,4.0
2020-12-03 16:00:00,214.61,2020.0,12.0,3.0,3.0,4.0
2020-12-04 16:00:00,214.22,2020.0,12.0,4.0,4.0,4.0
2020-12-07 16:00:00,214.37,2020.0,12.0,7.0,0.0,4.0
2020-12-08 16:00:00,213.97,2020.0,12.0,8.0,1.0,4.0
2020-12-09 16:00:00,215.16,2020.0,12.0,9.0,2.0,4.0
2020-12-10 16:00:00,211.77,2020.0,12.0,10.0,3.0,4.0
2020-12-11 16:00:00,210.05,2020.0,12.0,11.0,4.0,4.0
Unknown,213.1,0.0,0.0,0.0,0.0,0.0
Unknown,215.17,0.0,0.0,0.0,0.0,0.0
Unknown,214.75,0.0,0.0,0.0,0.0,0.0
Unknown,219.87,0.0,0.0,0.0,0.0,0.0
Unknown,218.59,0.0,0.0,0.0,0.0,0.0
Unknown,217.55,0.0,0.0,0.0,0.0,0.0
Unknown,222.69,0.0,0.0,0.0,0.0,0.0
Unknown,223.11,0.0,0.0,0.0,0.0,0.0
Unknown,221.42,0.0,0.0,0.0,0.0,0.0
Unknown,224.45,0.0,0.0,0.0,0.0,0.0
Unknown,226.31,0.0,0.0,0.0,0.0,0.0
Unknown,225.23,0.0,0.0,0.0,0.0,0.0
Unknown,221.7,0.0,0.0,0.0,0.0,0.0
2021-01-04 16:00:00,222.53,2021.0,1.0,4.0,0.0,1.0
2021-01-05 16:00:00,217.26,2021.0,1.0,5.0,1.0,1.0
2021-01-06 16:00:00,212.17,2021.0,1.0,6.0,2.0,1.0
2021-01-07 16:00:00,214.04,2021.0,1.0,7.0,3.0,1.0
2021-01-08 16:00:00,218.68,2021.0,1.0,8.0,4.0,1.0
2021-01-11 16:00:00,218.47,2021.0,1.0,11.0,0.0,1.0
2021-01-12 16:00:00,216.5,2021.0,1.0,12.0,1.0,1.0
Unknown,214.02,0.0,0.0,0.0,0.0,0.0
Unknown,215.91,0.0,0.0,0.0,0.0,0.0
Unknown,213.52,0.0,0.0,0.0,0.0,0.0
Unknown,213.75,0.0,0.0,0.0,0.0,0.0
Unknown,217.7,0.0,0.0,0.0,0.0,0.0
Unknown,224.7,0.0,0.0,0.0,0.0,0.0
Unknown,227.08,0.0,0.0,0.0,0.0,0.0
Unknown,229.12,0.0,0.0,0.0,0.0,0.0
Unknown,231.86,0.0,0.0,0.0,0.0,0.0
Unknown,238.0,0.0,0.0,0.0,0.0,0.0
Unknown,235.61,0.0,0.0,0.0,0.0,0.0
Unknown,235.99,0.0,0.0,0.0,0.0,0.0
2021-02-01 16:00:00,235.06,2021.0,2.0,1.0,0.0,1.0
2021-02-02 16:00:00,241.3,2021.0,2.0,2.0,1.0,1.0
2021-02-03 16:00:00,239.57,2021.0,2.0,3.0,2.0,1.0
2021-02-04 16:00:00,242.66,2021.0,2.0,4.0,3.0,1.0
2021-02-05 16:00:00,242.23,2021.0,2.0,5.0,4.0,1.0
2021-02-08 16:00:00,243.15,2021.0,2.0,8.0,0.0,1.0
2021-02-09 16:00:00,241.87,2021.0,2.0,9.0,1.0,1.0
2021-02-10 16:00:00,245.0,2021.0,2.0,10.0,2.0,1.0
2021-02-11 16:00:00,244.78,2021.0,2.0,11.0,3.0,1.0
2021-02-12 16:00:00,243.93,2021.0,2.0,12.0,4.0,1.0
Unknown,245.03,0.0,0.0,0.0,0.0,0.0
Unknown,241.32,0.0,0.0,0.0,0.0,0.0
Unknown,241.8,0.0,0.0,0.0,0.0,0.0
Unknown,243.75,0.0,0.0,0.0,0.0,0.0
Unknown,237.42,0.0,0.0,0.0,0.0,0.0
Unknown,230.33,0.0,0.0,0.0,0.0,0.0
Unknown,230.01,0.0,0.0,0.0,0.0,0.0
Unknown,232.08,0.0,0.0,0.0,0.0,0.0
Unknown,231.53,0.0,0.0,0.0,0.0,0.0
2021-03-01 16:00:00,235.9,2021.0,3.0,1.0,0.0,1.0
2021-03-02 16:00:00,237.01,2021.0,3.0,2.0,1.0,1.0
2021-03-03 16:00:00,232.16,2021.0,3.0,3.0,2.0,1.0
2021-03-04 16:00:00,226.74,2021.0,3.0,4.0,3.0,1.0
2021-03-05 16:00:00,229.52,2021.0,3.0,5.0,4.0,1.0
2021-03-08 16:00:00,231.37,2021.0,3.0,8.0,0.0,1.0
2021-03-09 16:00:00,232.88,2021.0,3.0,9.0,1.0,1.0
2021-03-10 16:00:00,237.0,2021.0,3.0,10.0,2.0,1.0
2021-03-11 16:00:00,234.96,2021.0,3.0,11.0,3.0,1.0
2021-03-12 16:00:00,234.01,2021.0,3.0,12.0,4.0,1.0
Unknown,234.96,0.0,0.0,0.0,0.0,0.0
Unknown,236.28,0.0,0.0,0.0,0.0,0.0
Unknown,236.15,0.0,0.0,0.0,0.0,0.0
Unknown,232.56,0.0,0.0,0.0,0.0,0.0
Unknown,231.02,0.0,0.0,0.0,0.0,0.0
Unknown,230.27,0.0,0.0,0.0,0.0,0.0
Unknown,237.49,0.0,0.0,0.0,0.0,0.0
Unknown,237.85,0.0,0.0,0.0,0.0,0.0
Unknown,235.3,0.0,0.0,0.0,0.0,0.0
Unknown,231.55,0.0,0.0,0.0,0.0,0.0
Unknown,236.59,0.0,0.0,0.0,0.0,0.0
Unknown,233.53,0.0,0.0,0.0,0.0,0.0
Unknown,232.91,0.0,0.0,0.0,0.0,0.0
