Close,Open,Low,Volume_sqrt,Volume_log,High
40.72,40.6,40.31,6071.681974543792,17.42278191106559,40.76
40.29,40.66,40.12,6122.701691247092,17.439517488501366,40.74
41.55,40.34,40.18,6262.88208415263,17.484791535441868,41.78
41.53,41.61,41.31,5367.436538982087,17.176211447680018,41.91
41.42,41.48,41.04,4975.282705535436,17.024474986821335,41.69
41.48,41.25,41.25,5071.869576398825,17.062929601582475,41.62
41.72,41.63,41.41,5293.581207462486,17.148500580972048,41.95
41.76,41.4,41.39,5502.4260104066825,17.225888766566598,42.06
41.65,41.8,41.39,4923.858446381252,17.00369551965168,42.03
42.26,41.76,41.68,5229.1090063222055,17.123992397503287,42.46
42.16,41.95,41.82,4744.433791296913,16.929454797393152,42.34
41.62,41.67,41.16,6510.576625768258,17.562366636925553,41.74
42.91,41.73,41.68,6786.58478175879,17.64540625444666,43.17
42.64,43.0,42.53,5100.376848822056,17.074139454257942,43.15
42.99,42.67,42.55,5006.423174283213,17.036954043568453,43.13
43.34,42.85,42.8,6805.110579557102,17.650858351003365,43.61
47.87,45.66,45.65,11442.624917386744,18.690201386506445,48.14
48.03,47.23,47.22,7697.28341689456,17.897245502061054,48.13
49.16,47.78,47.7,7792.995444628465,17.921961195059726,49.21
49.06,48.72,48.5,6914.084321152006,17.68263165315669,49.31
48.64,48.7,48.6,8045.213297358871,17.985665159667995,49.54
48.66,48.58,48.4,6239.97884611799,17.477464168307357,48.88
48.24,48.37,48.18,5834.336723227414,17.34303176167295,48.87
47.6,47.82,47.31,7097.125544894919,17.73489027629875,48.16
46.28,47.57,46.02,7241.0648388203235,17.775047122572154,47.77
46.7,46.27,46.16,5742.0949138794285,17.311158810937002,47.09
47.75,47.55,47.52,5946.840421602046,17.381230700113207,47.98
47.37,47.55,47.37,4960.787840655958,17.018639732529547,47.91
47.35,46.85,46.42,5470.673084730982,17.214313909555255,47.68
47.63,48.19,47.57,5846.760898138387,17.34728621776416,48.32
48.72,48.03,48.03,5742.899267791488,17.311438951745526,48.82
48.3,48.87,48.05,5351.88695695266,17.170408994791682,48.91
48.01,47.98,47.61,4912.891409343381,16.999235899842528,48.22
47.58,47.62,47.18,5345.541413177902,17.168036258437613,47.81
47.58,47.39,47.27,5004.789605967468,17.036301348115504,47.93
47.42,47.28,47.01,4733.993874098275,16.925049036723063,47.6
46.9,47.3,46.82,5071.546411105788,17.06280216314123,47.35
46.59,46.83,46.19,5438.920848844925,17.202671927399088,46.88
47.61,46.82,46.62,5228.349548375663,17.123701903243663,47.77
47.45,47.5,47.39,4391.317114488545,16.774769026156935,48.02
46.86,47.43,46.59,6043.144380204729,17.41335952381575,47.57
47.23,47.06,46.62,5370.040223313044,17.177181390376724,47.77
46.92,46.95,46.62,4636.6287321716845,16.88348567611674,47.35
46.85,47.37,46.82,5291.706152083655,17.147792029463595,47.74
46.36,46.79,46.2,5267.40087709299,17.13858469138919,47.16
46.14,46.31,45.84,5043.6183440066125,17.051758097067914,46.52
45.73,46.3,45.67,4703.364115183939,16.91206664689587,46.43
45.65,45.76,45.46,4940.248677951344,17.010341938135902,45.94
46.61,45.79,45.69,5330.79778269632,17.162512402716647,46.83
46.44,46.66,46.13,5229.508389896702,17.124145145632397,46.92
45.97,46.2,45.9,4891.929271769984,16.990684119317038,46.47
45.48,45.45,45.02,5766.672957607359,17.319701195534574,45.65
45.83,45.35,45.3,5202.913222416842,17.113948002494038,46.24
45.97,45.73,45.36,5357.617100913428,17.17254920381603,46.07
46.72,46.22,46.17,5714.747850955456,17.30161093999574,46.8
46.1,46.79,45.99,7989.808258024719,17.971844097121448,46.83
46.23,46.33,46.16,4507.555324119716,16.82702050680662,46.72
45.91,46.13,45.62,5088.857730375255,17.069617378405873,46.28
45.64,45.68,45.55,5906.852038099481,17.367736665508634,46.25
45.65,46.03,45.5,4540.484005037349,16.84157783729026,46.06
45.26,45.65,45.03,7059.411236073444,17.72423388543793,46.28
44.37,45.04,44.36,5837.957348251184,17.34427252034864,45.23
44.15,44.71,43.94,5995.446939136397,17.397511261150928,44.72
44.45,44.49,44.1,5323.899604613145,17.159922679685316,45.23
44.4,44.48,44.06,4663.90533780436,16.895216908913213,44.75
44.39,43.96,43.95,4799.370896273802,16.952480293474455,44.48
44.3,44.34,43.32,6036.2096550732895,17.4110631342297,44.49
44.24,44.44,44.03,6307.606598385793,17.499023186398023,44.9
44.52,44.75,44.5,5694.266590176473,17.294430203304827,45.22
44.61,45.01,44.57,5046.3607679197885,17.052845284203798,45.14
45.54,44.98,44.95,5308.32638408755,17.15406380079089,45.62
45.62,45.45,45.31,4783.331475028675,16.945785131753464,45.96
45.76,45.68,45.43,5160.389035722016,17.097534537858884,45.89
46.66,46.01,45.97,5125.590014817806,17.084001882509313,46.69
46.62,46.55,46.26,5428.361354957866,17.198785216203166,46.78
46.92,46.65,46.44,5534.609742339562,17.23755270344822,47.13
47.28,46.78,46.48,6540.787337928057,17.571625673909526,47.33
45.54,45.44,45.2,7691.061500209187,17.895628195728804,46.93
46.11,45.27,45.1,5825.290550693588,17.33992834374363,46.23
45.94,45.91,45.8,5686.232847852785,17.291606515837053,46.32
45.35,45.94,45.25,6300.906284019784,17.49689753846773,46.01
45.34,45.58,44.79,5859.091055786725,17.35149955034246,45.64
46.29,45.4,45.26,6398.895529698856,17.527761386363874,46.78
46.88,46.26,45.93,6306.97098455352,17.498821637416253,47.4
46.7,47.29,46.5,5585.828497188219,17.25597611960186,47.37
46.81,46.98,46.45,4911.8108676943175,16.99879597135282,47.0
47.54,46.75,46.68,5779.612097710365,17.324183726519802,47.71
47.58,47.98,47.54,5192.268771933903,17.10985208428306,48.41
46.62,47.71,46.33,5231.443395469361,17.1248850421786,47.77
46.74,46.39,46.26,4377.560736300526,16.768493929620508,46.78
47.33,46.95,46.84,4804.151329839642,16.954471410333788,47.49
46.41,46.82,45.9,5407.162102249201,17.19095937221195,46.94
46.74,46.19,45.71,5495.319099015088,17.223303905006297,46.9
46.73,47.06,46.49,4756.809960467203,16.93466513656344,47.1
47.0,46.53,46.52,4633.940224042602,16.88232565752801,47.1
47.32,46.81,46.57,4593.445983137279,16.864771607853083,47.45
47.27,46.84,46.7,4855.317085422949,16.97565942181829,47.43
46.61,46.78,46.3,5611.195148985642,17.265038061484685,47.08
45.66,46.07,45.66,6019.819515566891,17.40562514169635,46.47
43.07,45.3,43.07,8369.772039906464,18.064763869749008,45.48
41.68,40.45,39.72,9420.91609133634,18.30137523617324,43.31
40.47,42.57,40.39,8403.368193766117,18.072775773982137,43.24
42.71,42.01,41.06,7962.913788306389,17.96510054709971,42.84
43.9,43.23,42.93,7137.451295805808,17.746222080101738,43.95
43.93,43.4,43.39,5314.764811353368,17.15648811503521,44.15
43.52,43.56,43.1,5868.70190076136,17.354777523233757,43.93
41.82,42.17,41.66,7049.035111275869,17.721292065706855,42.59
43.36,42.36,41.88,6137.712766169496,17.444414902720382,43.38
43.5,43.41,43.28,5318.383683037545,17.15784946974507,43.98
42.61,42.81,42.2,6094.159088832519,17.4301721569645,43.04
43.89,43.3,43.2,5698.224811289916,17.295819968198646,44.0
43.07,44.21,42.91,5785.28175631922,17.326144716033436,44.4
43.29,43.12,42.75,5600.591933001368,17.26125517879865,43.79
43.48,43.14,42.94,5208.889229000747,17.1162438612745,43.59
43.04,43.43,42.86,4863.748348753254,16.97912941186841,43.44
43.98,43.19,43.08,5374.216780145735,17.178736288736655,44.29
44.3,43.97,43.84,4834.47639357149,16.967056256789256,44.38
44.25,44.29,44.08,5724.348085153452,17.30496793121675,45.0
43.48,43.5,43.33,7946.300019505934,17.96092340176044,43.99
44.11,43.62,43.6,5116.368243197512,17.080400315883722,44.47
43.9,43.38,43.31,5299.613476471657,17.15077837143136,44.05
43.87,43.93,43.51,4140.68086188733,16.657231083706176,44.17
43.91,43.45,43.27,5282.57579216806,17.14433823017731,44.13
43.94,44.48,43.76,5420.756497021426,17.195981353611828,44.73
43.29,43.83,43.21,5254.882015802067,17.133825698736022,44.09
43.44,43.37,43.05,5723.945929164601,17.30482741911032,43.57
44.26,43.88,43.66,5912.603487466414,17.369683100230187,44.3
44.61,44.75,43.75,5353.303559485488,17.170938309048903,44.75
45.57,44.27,43.92,6468.310057503428,17.54934033730255,45.57
46.63,45.75,45.7,5862.532387970236,17.352673903775226,46.89
46.75,46.33,46.22,5245.074641985565,17.13008953995655,47.18
46.8,47.1,45.95,5264.170589941022,17.13735779485361,47.35
47.45,46.56,46.5,5811.429170178365,17.33516363788348,47.52
47.11,47.45,46.92,5347.955871171714,17.168939408412285,47.54
47.0,46.98,46.5,4446.241783798987,16.79962900131695,47.07
46.89,46.56,46.56,4470.773534859488,16.810633495911024,47.13
46.68,46.65,46.53,4969.684698247968,17.02222339265314,47.1
47.01,47.01,46.53,5214.342719844947,17.118336682836105,47.03
47.51,47.02,46.9,5142.988819742855,17.090779381594803,47.54
47.62,47.42,47.02,5421.031359437058,17.19608276212857,47.88
47.77,47.44,47.02,5549.976126074778,17.243097842711336,47.81
47.2,47.92,47.11,5026.401297150876,17.044919157893464,47.99
48.03,47.53,47.09,7525.760692448305,17.852174364067096,48.95
52.87,52.3,52.25,11628.716997158372,18.722465849475206,54.07
54.25,52.53,52.5,8039.485306908646,17.984240702612322,54.32
53.69,53.99,53.58,7141.421917237491,17.747334386765406,54.37
53.98,53.54,52.86,6855.70951835038,17.665674202098845,53.98
53.36,53.54,53.22,5495.641727769378,17.223421321035264,53.83
52.64,53.32,52.62,6827.866504260317,17.65753508645375,53.99
53.24,52.85,52.62,5503.179262935199,17.226162537063033,53.36
54.15,52.93,52.9,6049.539734558324,17.41547496972146,54.39
54.4,54.18,54.06,6089.979392411768,17.42879998067858,54.88
54.38,54.49,54.0,5609.677798234048,17.264497158572844,54.7
54.92,54.09,53.96,5731.596985134248,17.307498984109497,54.98
54.16,54.55,53.56,5702.023062036842,17.29715265879021,54.87
53.51,54.01,53.27,7435.300733662358,17.82798863098945,54.13
53.65,53.7,53.46,6042.868524136529,17.413268226193324,54.2
53.32,53.48,53.19,5946.519570303288,17.38112279072848,53.98
52.84,53.07,52.53,6070.269763363075,17.42231667740983,53.29
53.77,53.08,52.85,5671.437031299915,17.28639564965716,53.89
52.97,53.17,52.85,5617.050382540644,17.26712395598478,53.53
53.85,53.0,52.98,5450.690781910124,17.20699529085797,53.98
53.94,53.99,53.78,5305.584604923382,17.153030523187322,54.66
54.19,54.25,53.27,6094.883756069512,17.430409966356937,54.3
54.19,54.25,53.75,5313.748018113016,17.1561054488151,54.46
54.25,53.92,53.58,4959.843041871386,17.018258789518878,54.44
53.69,54.09,53.69,4583.137244290204,16.86027810850224,54.23
53.93,53.8,53.79,3001.521614115081,16.013749398539368,54.08
54.35,54.54,54.0,7499.4277781708115,17.845164018520098,54.96
55.22,54.41,54.3,6320.821070082588,17.503208814739224,55.23
55.21,55.32,55.06,6875.672985242972,17.671489634166072,55.96
54.2,55.49,53.93,6215.129523992239,17.469483714434997,55.77
55.91,54.12,54.1,6630.509935140735,17.598874009778978,56.23
55.81,55.79,55.29,5541.639197926909,17.240091272720115,55.97
55.79,55.47,54.99,5733.936344257756,17.308315120269093,56.1
54.98,55.37,54.51,6031.020560402692,17.409343072623106,55.87
55.27,55.39,55.01,5637.005055878521,17.274216401451692,55.66
54.06,54.71,54.01,6288.839082056401,17.49306355930345,55.1
55.14,54.33,53.68,6856.127988887022,17.66579627779516,55.21
55.2,55.66,55.09,6312.131018919046,17.500457263951986,55.9
56.13,55.54,54.76,6123.993794902147,17.439939513733187,56.25
55.7,56.36,55.53,6425.021945487812,17.5359106750197,56.79
54.13,55.77,54.03,9202.399904372773,18.25443918818908,56.0
54.83,54.88,54.23,6102.976732710031,17.433063867053015,55.35
55.35,54.99,54.5,5321.864428938415,17.159157990322946,55.48
55.82,55.7,55.44,5223.009860224275,17.121658269219918,55.88
55.67,55.86,55.43,3093.541982905679,16.074144076908713,55.96
55.95,55.35,54.98,4739.018147253712,16.927170547132327,55.95
56.55,56.29,56.06,5266.0614314684935,17.138076047395717,56.85
56.31,56.47,56.29,4658.8093972602055,16.893030446724044,56.78
55.48,56.04,55.42,5228.198638154446,17.12364417474167,56.19
54.8,54.32,53.39,7333.345962110338,17.80037435014861,54.8
55.05,54.93,54.54,5837.779886223872,17.34421172349494,55.39
54.05,54.32,53.64,6286.4030255783,17.492288685491527,54.4
52.17,52.7,52.07,7520.960842871075,17.85089837855916,53.49
52.33,52.37,52.15,6982.40424209312,17.702297187989842,53.28
52.3,52.51,51.46,6078.137543688856,17.424907233032044,52.85
52.78,52.76,52.06,6007.956308096789,17.40167986996434,53.1
51.64,53.8,51.3,8178.237646339216,18.01846393440541,54.07
53.11,52.0,51.57,7237.535353972373,17.77407203249341,53.42
50.99,51.31,50.34,8474.709257549783,18.089683265456284,51.97
50.56,51.48,50.06,6600.3437789254585,17.589754051702403,51.68
50.79,49.98,49.1,7954.432286467715,17.96296916100868,51.38
50.48,51.0,50.3,6339.649595995034,17.50915757914789,51.58
52.29,51.41,51.26,6128.277816809548,17.44133811869514,52.33
51.79,51.94,51.65,5891.325572398796,17.362472640934538,52.65
52.17,51.79,51.55,5375.94828844177,17.17938056098365,52.44
51.22,52.01,51.02,6064.255436572573,17.420334126953012,52.2
52.06,51.86,51.25,7906.566195258217,17.950897730369206,52.21
55.09,54.73,54.0,9143.942585121584,18.241693864935005,55.09
54.71,54.88,54.5,6648.950443491063,17.604428608914635,55.09
53.0,54.17,52.65,7504.248996401971,17.846449361675344,54.26
52.16,53.25,51.26,7586.81843726341,17.86833522594075,53.39
52.0,52.1,51.37,6854.715384317572,17.665384164694327,52.81
50.16,51.94,49.56,7874.578972872137,17.942790013131347,52.0
49.41,49.55,48.19,7700.032272659641,17.897959615041092,49.57
49.28,49.02,48.67,6836.700519987694,17.660121049624973,50.24
49.71,49.89,49.52,6183.603641890382,17.459313014315857,50.39
49.69,48.68,48.51,6991.321119788448,17.704849657998246,50.11
50.5,50.25,49.75,5851.779558390764,17.349002213167935,50.68
51.09,50.9,50.13,6106.652765631922,17.434268173190176,51.09
52.42,51.49,51.45,6386.624147388039,17.52392223517141,52.77
52.19,52.33,52.1,5213.063878373255,17.117846113519942,52.95
51.82,51.97,51.53,5793.019333646315,17.328817846810733,52.28
52.65,52.28,52.28,5000.829031270715,17.034718007838823,53.0
51.18,52.34,50.98,5375.432447719904,17.17918864490624,52.37
51.36,50.69,50.2,5745.820829089609,17.3124561446958,51.5
52.1,51.73,50.61,5190.324363659751,17.109102981164273,52.1
51.3,52.6,51.1,5997.993414467876,17.398360550503725,52.68
50.88,51.35,50.66,5626.191962597793,17.27037624976329,51.65
52.58,50.97,50.92,5746.697747402416,17.31276135831181,52.59
52.95,52.41,52.16,5412.012934204796,17.192752792541516,52.96
52.35,52.97,51.78,4942.45010091149,17.011232959082975,52.97
52.03,52.4,51.71,5747.534253921415,17.313052463100735,52.45
51.03,51.56,50.58,6199.097998902744,17.464318178824954,51.8
51.65,50.8,50.6,5816.796283178568,17.337009874265494,52.13
52.84,51.89,51.86,5315.22229074194,17.156660261762486,52.85
52.05,52.93,51.16,6195.789215265478,17.463250388994343,52.94
53.07,53.0,52.38,5681.16862978032,17.289824501447676,53.07
53.17,52.71,52.63,4907.506087617213,16.997042374766053,53.59
53.59,52.75,52.74,4593.992054847287,16.865009354951898,53.59
54.35,53.45,53.4,5629.541899657555,17.271566731732356,54.6
54.66,54.21,54.0,4532.082413195947,16.837873662110965,55.0
53.49,54.92,53.45,8223.473596966187,18.029495969777997,54.97
53.86,53.25,52.93,4891.392030904904,16.990464463506278,53.93
54.07,53.61,53.46,4808.756907975283,16.95638782446143,54.25
53.97,54.11,53.74,4486.537083319384,16.81767291415592,54.24
54.21,53.84,53.73,4466.539152408719,16.80873834791577,54.33
53.54,54.21,53.33,4126.1422660882645,16.650196405590076,54.29
54.71,53.66,53.45,4891.250249169429,16.990406490731438,54.86
55.05,54.93,54.9,4796.692610539058,16.951363883318958,55.64
55.23,54.95,54.86,5134.247267126896,17.087377083810022,55.59
55.57,55.05,54.57,4939.553927228652,17.01006065693095,55.61
55.43,55.43,55.0,4350.725226901833,16.75619571085892,55.66
54.56,55.19,54.46,4390.017653723046,16.774177106708752,55.3
55.12,54.36,54.21,4603.116552945407,16.868977776354498,55.2
54.46,54.87,54.23,4384.642744853906,16.77172691079552,54.91
54.42,54.67,54.32,4708.208045530699,16.91412535949904,55.28
54.31,54.49,54.3,4627.550864118081,16.879566118883794,55.15
54.65,54.37,53.76,4994.425692709823,17.03215545616511,54.78
55.35,55.12,54.89,4562.670380380332,16.851326729712433,55.44
55.36,55.22,55.07,4569.14740405691,16.854163853538132,55.58
55.65,55.3,55.11,5365.981084573445,17.17566904658539,55.92
56.46,55.49,55.21,4877.084169870354,16.98460567023189,56.59
56.39,56.63,55.68,5440.296591179565,17.203177751389852,56.77
55.59,56.29,55.49,6016.287393401349,17.404451299623954,56.5
55.78,55.8,55.42,6237.715607496065,17.476738637289746,56.23
51.78,51.91,50.77,11262.064242402455,18.658390428183168,52.43
52.11,51.78,51.63,5764.282088864145,17.318871821490216,52.13
51.44,52.26,51.09,5790.737086071168,17.328029761338644,52.35
50.94,51.48,50.55,6585.53384320512,17.585261384006973,51.5
49.9,50.62,49.56,6567.712387125368,17.579841743482934,50.77
49.87,49.35,49.35,6957.850530156566,17.69525176816822,50.25
50.61,50.0,49.78,5754.523351242916,17.315483018818778,50.75
49.78,50.34,49.6,5143.952177071634,17.091153975867478,50.41
49.87,49.84,49.46,4925.196036707574,17.004238755667554,50.06
49.94,49.87,49.73,5038.920320862397,17.049894271515434,50.3
50.39,49.92,49.66,4978.684665652164,17.02584206388116,50.39
50.07,50.49,50.0,4236.932616882171,16.70318974971105,50.59
51.02,50.33,50.19,4784.450438660641,16.946252936558494,51.1
51.05,51.13,51.0,4902.9725677388815,16.99519393487973,51.78
51.51,51.2,50.92,4909.458320425992,16.997837827483345,51.81
51.08,51.44,51.04,4753.140225156418,16.933121601525293,51.9
51.83,50.8,50.75,4475.714132962471,16.81284245144386,51.96
50.51,51.72,50.36,5272.903754099822,17.14067300951707,51.73
50.81,50.48,50.3,4990.744633819687,17.030680845802408,51.14
50.32,50.47,49.82,4882.863708931471,16.986974346608346,50.62
50.62,50.48,50.4,4889.35261563328,16.989630410358135,51.22
50.03,50.6,49.98,5110.647708461228,17.078162894864274,50.68
51.59,50.7,50.4,5895.586824057466,17.36391873693604,51.71
52.12,51.92,51.79,4919.813614355731,17.002051892329987,52.49
51.89,51.93,51.36,4933.074396357712,17.00743540605631,51.98
52.32,51.92,51.77,4209.683836109311,16.69028570751899,52.32
53.0,52.26,52.08,6136.210638496694,17.44392536808964,53.0
52.85,52.44,52.44,5032.377966727062,17.0472958558551,52.95
52.48,52.64,51.84,4779.202757782934,16.944058092781923,52.74
51.79,52.38,51.6,4834.076023398888,16.966890618692286,52.42
52.13,51.99,51.89,4271.214230169215,16.71930691248763,52.35
52.1,52.24,52.1,4568.015980707598,16.853668547389717,52.73
52.04,52.02,51.87,4598.851813224688,16.867123938282077,52.44
51.62,52.0,51.49,4506.180644403861,16.826410469120297,52.0
51.48,51.05,51.04,5082.632290457377,17.06716918627599,52.05
50.14,49.58,49.06,9122.381487309112,18.236972365966288,50.72
49.83,49.9,49.57,6525.113485603143,17.566827272425297,50.1
49.69,49.78,49.69,5810.132442552407,17.334717320035278,50.12
50.39,49.52,49.51,5584.675908233172,17.25556339377307,50.47
50.13,50.41,49.82,6760.95525794987,17.637838960679318,50.43
50.07,50.64,50.03,5967.239395231266,17.388079401247154,50.83
51.19,50.2,50.16,5839.334294249645,17.344744186555705,51.43
50.99,51.08,50.95,5368.132636215316,17.1764708087623,51.46
51.91,51.28,51.15,5387.841218892777,17.18380016984797,52.06
49.83,49.81,49.52,11554.349181152524,18.70963440259564,50.94
48.43,49.1,48.04,7111.729677089815,17.739001553898543,49.15
49.44,48.92,48.67,6175.812335231698,17.4567914364351,49.47
50.54,49.91,49.8,5594.999642537969,17.259257145657724,50.72
51.17,50.72,50.5,5341.140421295811,17.166388977440604,51.3
51.16,51.13,51.07,4626.05577138884,16.878919844309436,51.72
51.17,50.83,50.74,4980.597454121343,17.026610307372028,51.28
51.38,50.78,50.39,5307.302610554631,17.153678039947035,51.54
51.38,51.42,51.07,4425.516241072899,16.79028448163194,51.61
52.3,51.73,51.55,5328.323000719833,17.16158370250427,52.36
52.59,52.5,52.47,4719.025640955981,16.918715295442524,52.83
53.21,52.94,52.79,5226.619844603202,17.123040130392905,53.4
53.51,53.56,53.18,5035.557665244238,17.04855915296531,53.86
53.74,53.84,53.58,4954.343548846809,17.016039951568022,53.99
53.7,53.95,53.21,5659.009188895173,17.28200823304181,54.0
53.96,53.7,53.55,5606.59112117158,17.26339637289646,54.34
53.09,53.71,52.93,7303.186496317891,17.792132095229313,53.9
55.91,56.15,55.53,9481.2077817122,18.31413399166065,56.84
55.8,55.98,55.76,5725.089780955404,17.305227051634375,56.23
56.57,56.08,55.78,5670.728965485831,17.286145938696063,56.63
56.73,56.47,56.26,5060.690367924123,17.058516417693472,56.74
56.76,56.52,56.51,5298.961690746593,17.150532381496905,57.29
56.19,56.61,56.11,5685.725723247649,17.291428138616762,56.8
56.21,56.0,55.72,6127.839015509464,17.44119490815151,56.37
56.68,56.26,56.05,5527.994030387515,17.23516060384476,56.76
56.58,56.6,56.14,5099.354763104838,17.07373862579687,56.75
56.58,56.85,56.31,5926.378151957568,17.374337105357768,56.9
56.97,56.68,56.49,4698.469538051726,16.909984254233574,57.11
57.39,56.8,56.67,5156.330963000726,17.095961141361325,57.52
57.96,57.65,57.45,5416.199867065468,17.194299468065296,58.21
58.06,58.06,57.78,4412.878765613214,16.784565124931902,58.09
58.2,58.17,58.02,4113.480399856064,16.644049582626753,58.5
58.02,58.16,57.82,3969.49782718167,16.57278981103756,58.32
58.3,58.03,58.03,4261.7251201831405,16.71485868521832,58.45
57.94,58.03,57.62,4653.510610281232,16.890754413554163,58.19
58.12,58.01,57.96,4391.343985615338,16.77478126441825,58.5
57.44,57.61,57.27,4530.286194049996,16.83708083667654,57.62
57.56,57.54,57.23,4342.398300478665,16.75236420955658,57.68
57.6,57.42,57.27,3770.191109214492,16.469762012864663,57.7
57.62,57.43,57.2,4155.844559172058,16.66454195784637,57.73
57.67,57.6,57.26,3901.528162143649,16.538247249328673,57.75
57.89,57.9,57.85,4328.091149687123,16.74576381492012,58.18
57.95,57.8,57.72,4260.458426038213,16.714264145531338,58.04
58.17,57.88,57.78,4307.270481406989,16.736119420904448,58.29
58.03,58.28,57.69,4579.432497591814,16.858660768900737,58.7
58.1,58.18,58.1,4051.815272195908,16.6138406109899,58.6
57.89,57.98,57.61,4114.630603104001,16.644608740463617,58.19
57.46,57.65,57.3,4567.304347205253,16.85335695088554,57.8
57.59,57.01,57.01,5106.404116401286,17.076501518485216,57.82
57.67,57.67,57.42,4347.469263836146,16.754698405619727,58.19
57.61,57.78,57.21,4034.6519056791008,16.60535067793872,57.8
57.66,57.47,57.41,4182.5063060323055,16.67733193832108,57.84
57.43,57.63,57.18,4488.438815445745,16.818520485038267,57.79
56.21,56.79,56.21,5925.701139949601,17.37410861819606,57.52
57.05,56.0,55.61,5413.221037423098,17.193199195154243,57.21
56.53,56.5,56.05,5489.099470769317,17.221039013636855,56.65
56.26,56.39,56.03,4926.892834231328,17.004927664382382,56.63
57.19,56.15,55.98,5202.173968640418,17.113663813140587,57.35
57.25,57.63,56.75,6678.8445857049255,17.61340059313497,57.63
56.93,57.27,56.85,4575.708032643692,16.85703350169996,57.75
56.81,57.35,56.75,4169.41027005019,16.6710598230072,57.35
57.76,57.51,57.08,5805.796413929789,17.3332241880614,57.85
57.82,57.92,57.63,4452.213269824347,16.80231328149103,58.0
57.43,57.87,57.38,4467.139576955258,16.809007184320365,57.91
56.9,57.08,56.83,4657.114986770243,16.8923029137984,57.14
57.95,56.93,56.68,5297.647685529872,17.150036371828154,58.06
58.03,57.88,57.67,4531.7104938422535,16.837709528027315,58.06
57.4,57.81,57.21,5046.140703547613,17.05275806524656,58.17
57.6,57.57,57.34,5469.07560744958,17.21372980939562,57.77
57.42,57.41,57.06,4380.583865194228,16.7698746461963,57.55
57.24,57.27,56.97,4481.726676181848,16.81552738967599,57.6
57.64,57.29,57.26,4089.793515570193,16.632499584929217,57.96
57.74,57.74,57.28,4026.4886688031297,16.60130001583278,57.86
57.8,57.85,57.42,4482.077643236449,16.815684004891942,57.98
58.04,57.91,57.87,4265.736630407461,16.716740375417302,58.39
57.19,57.89,56.89,5147.5642783747735,17.092557889986715,58.02
57.11,57.11,56.4,4709.295488711661,16.914587241199555,57.27
56.92,56.7,56.32,5031.276975082966,17.04685824482357,57.3
57.42,57.12,57.12,5234.735045826102,17.12614305640549,57.74
57.22,57.36,56.87,4881.5995329399975,16.98645647853339,57.46
57.66,57.53,57.41,4376.018510015697,16.767789200194116,57.95
57.53,57.47,57.4,4783.136732312803,16.945703704542016,57.84
57.25,57.5,56.66,7032.468414433157,17.716586118185923,57.52
59.66,60.28,59.49,8946.072098971705,18.19793969912155,60.45
61.0,59.94,59.93,7353.025091756454,17.805734187779535,61.0
60.99,60.85,60.8,5927.660921476531,17.3747699601778,61.37
60.63,60.81,60.47,5469.15057390085,17.213757223876733,61.2
60.1,60.61,60.09,5336.652134063078,17.16470762342803,60.83
59.87,60.01,59.58,5794.366574527366,17.329282918348923,60.52
59.92,60.16,59.92,5141.468370028158,17.090188023338275,60.42
59.8,59.97,59.25,4953.078436689651,17.015529178083526,60.02
59.43,59.82,59.3,4706.060454350326,16.913212876019,59.93
59.21,59.53,59.11,4647.625953107672,16.888223687272898,59.64
58.71,58.65,58.52,5356.9595854365,17.172303738045766,59.28
60.42,59.78,59.78,5627.14830087141,17.27071618021001,60.52
60.47,60.55,60.15,4789.0870737542455,16.948190208020694,60.78
60.17,60.0,59.2,7045.032221359957,17.720156016091522,60.59
58.7,60.48,57.63,7604.103760470395,17.872886715348027,60.49
59.02,58.23,58.01,6226.382818298277,17.473101698093082,59.12
58.12,59.02,57.28,6428.718534824806,17.537061029457018,59.08
58.87,58.33,58.32,5992.005173562519,17.396362805068588,59.49
59.65,58.94,58.81,5228.046958473116,17.12358615021484,59.66
60.64,60.41,59.97,5668.57371831751,17.28538566368187,60.95
60.35,60.78,60.3,5261.778311559696,17.136448697399867,61.14
60.86,60.5,60.42,4433.124744466368,16.793719999512817,60.97
61.12,60.98,60.81,4817.333287203616,16.95995163113829,61.26
60.4,61.01,60.25,4674.282083914063,16.8996617757535,61.1
60.53,60.3,60.13,2899.9337923476805,15.944886489889514,60.53
60.61,60.34,60.21,4553.308577287509,16.847218863304732,61.02
61.09,60.65,60.52,4729.346783647822,16.923084787190263,61.41
60.26,60.86,60.22,5886.8866984170845,17.3609651544122,61.18
59.2,60.11,58.94,5877.25454612951,17.357690064811905,60.15
59.25,59.08,58.8,5051.3032971699495,17.05480317443232,59.47
60.22,59.7,59.56,4853.10807627442,16.974749280757877,60.59
59.95,60.43,59.8,4461.730045621317,16.806583795043537,60.46
61.37,60.01,59.8,5550.5827621971375,17.243316439309716,61.38
61.01,61.3,60.84,4606.598853818292,16.87049022303534,61.58
61.97,61.18,61.13,5229.661174493048,17.124203576501053,61.99
62.17,61.82,61.72,4494.227519830299,16.8210982073683,62.3
62.98,62.5,62.24,5976.526415904141,17.39118965053736,63.42
62.68,63.0,62.53,5509.324277985459,17.2283945510506,63.45
62.58,62.7,62.3,5260.21558493566,17.13585461738255,63.15
62.3,62.95,62.12,6515.603041929427,17.56391011825941,62.95
63.62,62.56,62.42,5859.882166050782,17.35176957749492,63.77
63.54,63.69,63.03,5101.801544552669,17.07469803915234,63.8
63.54,63.43,63.12,4134.767708106467,16.65437291625249,63.7
63.55,63.84,63.41,4709.202161725487,16.91454760558656,64.1
63.24,63.45,62.8,3521.905592147524,16.333515047649264,63.54
63.28,63.21,63.21,3429.748241489454,16.280484361978036,64.07
62.99,63.4,62.83,3827.969174379543,16.50017946798479,63.4
62.9,62.86,62.73,3201.653010555641,16.142845139979975,63.2
62.14,62.96,62.03,5057.658351450797,17.057317796641872,62.99
62.58,62.79,62.13,4549.076939336155,16.845359290099804,62.84
62.3,62.48,62.12,4619.520429655009,16.87609239802621,62.75
62.3,62.19,62.03,4987.581377782221,17.029412795024083,62.66
62.84,62.3,62.04,4463.509717699739,16.807381385723378,63.15
62.64,62.76,62.54,4514.723690327017,16.830198580706547,63.08
62.62,62.73,62.28,4311.960574958913,16.738295992680573,63.07
63.19,62.61,62.43,4638.678152232595,16.884369493773455,63.23
62.61,63.06,61.95,4579.107227397061,16.858518706873756,63.4
62.7,62.62,62.35,4407.074993689125,16.78193301477726,62.87
62.53,62.68,62.03,4545.765392098453,16.843902839464057,62.7
62.5,62.67,62.12,4435.09887150219,16.794610426752143,62.7
62.3,62.24,62.2,4295.538965019407,16.730664680520533,62.98
62.74,62.67,62.37,5496.6773600057695,17.223798177710147,62.82
62.96,62.7,62.57,4805.994277982445,16.9552384946885,63.12
63.52,63.2,62.94,4967.186326281711,17.021217695019942,63.74
63.68,63.95,63.45,4965.373399856248,17.020487600694985,64.1
64.27,64.12,63.55,6599.594305713042,17.58952693754741,64.54
65.78,65.39,64.89,6694.622618191409,17.61811979996853,65.91
65.13,65.69,64.8,5625.961695568145,17.27029439271462,65.79
64.65,64.86,64.26,5026.982096646058,17.045150244066186,65.15
63.58,64.36,63.47,6298.533797638939,17.496144334727333,64.62
63.17,63.25,62.75,6769.56520021781,17.640384300533334,63.41
63.68,63.5,63.07,5504.7033525885845,17.226716354601262,63.7
63.64,63.5,63.14,4449.310058874297,16.801008690894914,63.65
63.43,63.74,63.23,4503.024094983281,16.82500899163788,63.78
63.34,63.57,63.22,4253.98142920253,16.71122131577963,63.81
64.06,63.52,63.32,4758.617761493352,16.935425081789592,64.44
64.0,64.25,63.98,4262.713806954438,16.71532261567979,64.3
64.72,64.24,64.13,4787.494229761535,16.94752490006269,64.86
64.57,64.41,64.02,4807.122424070351,16.95570791416159,64.72
64.53,64.5,64.16,4123.730956306436,16.649027267765156,64.57
64.52,64.74,64.44,4532.807628832267,16.838193672877427,65.24
64.62,64.47,64.3,4609.644020963007,16.871811875319683,64.69
64.49,64.61,64.45,4544.872825503481,16.843510098477882,64.95
64.36,64.33,64.05,4392.340036927924,16.775234855992203,64.39
64.62,64.42,64.19,4502.569044445626,16.824806872573184,64.73
64.62,64.53,64.14,4668.704317045576,16.897273773872225,64.8
64.23,64.54,64.05,3983.905997886998,16.58003611004247,64.54
63.98,64.08,63.76,4820.770166684987,16.961378002828734,64.2
64.94,64.13,64.02,5190.130923204154,17.109028440908343,64.99
64.01,64.69,63.88,4953.745754477111,17.01579861569477,64.75
64.25,63.99,63.62,4259.038036928057,16.713597256800902,64.28
64.27,63.97,63.81,4330.15646368581,16.74671796362082,64.56
64.4,64.19,64.19,4303.601631192181,16.73441513349155,64.78
64.99,64.26,64.25,4637.985230679374,16.884070713277193,65.08
64.73,65.19,64.48,4454.978338892345,16.803555005769066,65.2
64.93,65.11,64.75,4420.208705479867,16.787884435964365,65.26
64.71,65.14,64.57,4483.306257662976,16.816232164072478,65.19
64.41,64.53,64.15,3778.915452877981,16.474384730460944,64.55
64.75,64.55,64.25,4983.35328870029,17.027716629396018,64.92
64.64,64.75,64.3,4546.899603026221,16.844401795877555,64.76
64.87,64.91,64.68,7015.674308289974,17.711804243703387,65.24
64.93,64.91,64.72,3820.743775758851,16.496400845190067,65.18
64.21,65.19,64.13,5161.44165907162,17.097942459029017,65.5
65.03,64.12,64.12,4547.528449608644,16.844678381298593,65.14
64.87,64.94,64.77,4389.67003315739,16.774018731805135,65.24
64.98,65.12,64.76,4755.744421223663,16.93421708059103,65.45
65.1,64.63,64.35,4314.471230637655,16.73946016144525,65.22
65.29,64.96,64.65,4481.111246108492,16.81525273111404,65.47
65.47,65.12,64.95,3690.314891713172,16.426934213232443,65.5
65.71,65.42,65.36,3888.807400733546,16.531715683762624,65.98
65.86,65.65,65.45,4586.974057044578,16.86195172517697,66.19
65.55,65.81,65.19,4516.732336545968,16.831088202998938,65.94
65.73,65.39,65.28,3605.197498057492,16.380263742338975,65.81
65.56,66.3,65.44,4631.26267879506,16.881169700027503,66.35
65.73,65.6,65.48,4254.815272135795,16.71161330675985,66.06
65.68,65.85,65.44,3756.1327186349527,16.46229042048651,65.96
65.53,65.61,65.36,4237.067618058508,16.703253474594263,65.82
65.48,65.6,64.85,4334.920183809617,16.748917007227124,65.61
65.23,65.42,65.11,4136.243827435708,16.655086792301272,65.51
64.95,65.29,64.95,4230.423501258473,16.700114826936144,65.86
65.48,65.04,65.01,4085.249686371691,16.630276316240742,65.49
65.39,65.33,65.16,3893.020806520304,16.533881450370657,65.71
65.04,65.65,64.89,5195.456765290228,17.111079684425867,65.75
65.5,65.46,65.14,4722.232205218206,16.920073828084625,65.75
66.4,65.67,65.45,5702.862877537913,17.29744720464756,66.7
67.53,67.48,67.1,5456.186946943809,17.209010960401805,67.66
67.92,67.9,67.6,5499.339051195153,17.22476641604439,68.04
67.83,68.08,67.62,5117.691862548975,17.080917654767653,68.31
68.27,68.15,67.58,5913.624353981237,17.370028389193617,68.38
68.46,68.91,67.69,6288.785097298205,17.493046390796565,69.14
69.41,68.68,68.5,5652.818942793056,17.279819286585244,69.55
69.3,69.71,69.13,4889.388407561829,16.9896450510678,69.71
69.08,69.38,68.71,5378.47311046546,17.18031964339045,69.38
68.81,69.03,68.64,4663.626164263169,16.89509718869426,69.08
69.0,68.9,68.49,4373.6463048582245,16.766704722037826,69.03
68.94,68.97,68.42,4308.838242496462,16.736847248777813,69.05
69.04,68.86,68.68,4781.047374791428,16.944829878844036,69.28
69.31,68.99,68.92,4240.02712255476,16.704649945693056,69.56
68.46,68.36,68.12,5365.576669846401,17.175518308091522,68.73
68.38,68.61,68.04,4325.982316191318,16.744789090851402,68.61
68.43,68.14,67.57,5615.184858933853,17.266459609654884,68.48
69.41,68.23,68.16,5912.3631485219175,17.369601801417243,69.44
67.48,68.89,67.43,5527.095168350189,17.23483537371998,69.1
67.71,67.4,67.14,5020.087051038059,17.04240514643985,68.13
67.69,67.5,67.43,5192.409748854572,17.1099063861722,68.1
68.45,67.89,67.5,4029.5843458103714,16.60283708083366,68.5
68.68,68.72,68.38,3927.57227813824,16.551553610928394,68.75
68.77,68.87,68.45,3829.734324989137,16.50110149403116,68.88
69.62,68.97,68.91,4674.836360772428,16.899898921891683,69.88
69.96,69.8,69.52,4452.855600623043,16.80260180515177,70.22
70.41,69.79,69.77,4131.929089420582,16.652999396114605,70.41
69.84,70.53,69.81,5516.91616757043,17.23114866858409,70.74
70.1,70.24,69.45,4647.96740522134,16.888370618010875,70.61
71.76,70.44,70.24,5896.631326443939,17.364273039187175,71.86
72.28,71.97,71.81,5772.067220675795,17.321571161654273,72.89
72.52,72.3,72.27,5613.471742157432,17.265849343691208,72.62
72.39,72.64,71.95,4722.474457315783,16.920176426119873,72.77
71.95,72.51,71.5,4958.656067928083,17.01778009858487,72.52
70.32,72.04,68.59,7013.372655149589,17.711147990111748,72.08
69.78,69.25,68.13,6910.987121967454,17.681735542294827,69.94
70.65,70.02,69.96,5025.794862506826,17.044677843613023,70.82
70.27,70.91,69.43,5050.810331026102,17.054607981171557,71.1
69.9,69.27,68.8,5105.752540027767,17.076246302521994,70.21
70.0,69.73,69.22,6953.062994105548,17.693875140779163,70.03
70.87,70.5,70.35,4878.346851137176,16.985123404904233,70.94
69.91,70.82,69.87,4638.127962874677,16.884132261551002,70.87
70.27,70.21,69.94,4459.938452490123,16.80578054033143,70.62
70.26,70.54,69.71,4792.25813161186,16.949514054627723,70.59
71.21,70.09,69.92,5255.215599763725,17.1339526562437,71.25
70.53,71.4,70.44,4427.976287199379,16.79139592824192,71.71
69.21,70.11,69.18,5021.466718001823,17.042954729482254,70.18
69.8,69.21,68.79,5079.98031492249,17.0661253698499,69.84
68.49,69.38,68.09,5377.612388411794,17.179999555928955,69.49
68.93,68.78,68.74,4915.390930536451,17.000253176740774,69.38
68.17,69.33,68.02,4020.639003939548,16.598392312229457,69.6
69.08,68.26,68.22,4601.7683557519495,16.86839191475913,69.44
68.57,68.27,68.12,4595.385946794893,16.8656160954264,68.78
69.46,68.7,68.7,4108.322893833931,16.641540397617476,69.84
69.98,69.46,69.2,3874.85522310189,16.52452722522091,70.25
69.99,70.0,69.75,4178.519115667655,16.67542442567154,70.68
71.15,70.69,70.55,4213.184662461403,16.691948241539027,71.28
71.77,71.5,71.31,4502.201239393903,16.824643490267054,72.04
72.78,72.24,71.96,5086.067832815445,17.068520604771663,73.27
73.35,72.8,72.72,4669.465386958126,16.897599777748123,73.45
73.3,73.09,72.66,5141.52662153956,17.09021068269355,73.39
73.86,73.5,73.45,4734.577277857021,16.92529549576069,74.04
74.22,74.18,73.28,6508.534781346721,17.56173929936733,74.3
73.79,73.45,73.17,6834.989539128791,17.65962045874738,74.29
73.6,73.53,73.13,4625.45413986562,16.87865972179896,73.75
74.19,73.8,73.5,4692.406738551124,16.90740183278988,74.31
74.05,74.34,73.81,4031.405834197296,16.603740934214013,74.38
73.16,73.76,72.32,6069.943986561985,17.42220933933522,74.42
73.04,72.67,72.54,4278.630622056548,16.722776633152655,73.31
72.7,73.3,72.41,4857.988678455313,16.976759600501598,73.44
72.58,73.1,72.49,4563.320063287255,16.851611491297852,73.42
72.26,72.55,71.44,5147.73328757425,17.0926235546038,72.56
72.15,72.19,71.85,4267.835985602071,16.717724420537028,72.44
72.68,72.4,72.24,4751.731473894542,16.93252874714307,73.04
72.4,72.8,72.26,4325.006473983594,16.74433788593905,72.9
72.79,72.09,71.75,4695.166344231054,16.9085776875544,73.13
72.47,72.25,72.05,4713.110437916769,16.916206763547198,72.51
71.41,71.9,71.35,4973.375212066751,17.023708051851507,72.19
72.5,71.61,71.28,4630.731583670123,16.88094033469399,72.7
73.59,73.06,72.95,4482.92226120418,16.816060856174573,73.72
73.22,73.59,73.04,4379.657749185431,16.76945177385796,73.59
73.65,73.34,73.17,4260.328860545862,16.714203322285382,74.1
72.4,73.58,72.4,4793.487144031994,16.950026904630736,73.87
72.49,72.27,71.93,4331.453682079493,16.74731702929678,72.84
72.15,72.47,71.7,4211.266674054256,16.691037564626992,72.48
73.16,72.35,72.35,3787.3043183773866,16.478819636453252,73.24
72.72,72.96,72.53,3710.32437935014,16.437749243773006,73.15
72.69,72.74,72.07,4135.00689237636,16.654488607074807,72.86
72.82,72.86,72.48,3576.912215864404,16.364510473528387,73.35
72.83,73.06,72.55,3817.0296042865584,16.494455685874346,73.09
73.05,72.25,72.05,3387.976092005373,16.255976085276348,73.16
74.01,73.01,72.83,4110.693493803691,16.64269411226328,74.21
74.77,74.03,73.8,5258.594013612384,17.135237980580712,74.96
73.94,74.71,73.64,4662.205593922258,16.894487883133788,74.74
73.61,73.34,72.98,4716.183202548434,16.917510260805575,73.89
73.4,73.74,73.35,4066.421645624074,16.621037438798947,74.04
74.34,73.68,73.6,4179.856456865475,16.676064426169752,74.6
73.98,74.33,73.84,3834.555515310738,16.503617677907123,74.44
74.76,74.31,74.31,4232.066043908105,16.700891214343063,74.94
74.68,74.76,74.37,3794.054559439018,16.482381131158586,75.24
75.21,74.93,74.55,3657.9778566853024,16.409331625811216,75.23
74.77,75.0,74.52,3966.599803358035,16.571329131543273,75.49
75.31,74.83,74.07,6211.1545625592025,17.468204181007962,75.39
75.16,75.23,75.04,4827.728140647524,16.964262586376602,75.97
75.44,75.21,75.01,4011.651031682592,16.593916390463097,75.71
74.94,75.35,74.31,4646.275712869395,16.88764255773924,75.55
74.21,75.11,74.11,4380.1986256333175,16.76969875344175,75.24
74.41,73.99,73.85,3756.509683203279,16.462491129915637,74.51
73.26,74.09,72.92,4914.179789140809,16.99976032048645,74.25
73.26,73.67,72.99,4244.947231709718,16.706969391446275,73.81
73.85,73.55,73.17,4423.249371220212,16.789259764790838,74.17
73.87,73.54,73.31,3299.058502057822,16.202784900562534,73.97
74.49,73.94,73.88,4132.688471201283,16.653366929993965,74.54
74.61,74.71,74.3,3912.13011031075,16.543674645106176,75.01
74.26,74.67,74.19,3491.475762482105,16.31615964282788,74.88
74.69,74.0,73.71,3649.339803306894,16.404603183908556,74.72
75.97,75.22,74.96,4603.831122011319,16.869288224098465,76.12
76.0,75.67,75.54,3736.283447491638,16.451693403061693,76.03
76.29,75.97,75.86,3374.389129901885,16.247939264576935,76.55
76.29,76.33,76.14,3734.239547752661,16.4505990220419,76.63
76.42,76.36,75.95,3922.868593261824,16.549156963294944,76.46
77.12,76.49,76.37,4108.10637642211,16.6414349905644,77.29
77.49,77.59,77.29,3916.087588397379,16.545696805612064,77.87
77.65,77.42,77.35,3518.535632901847,16.33160041808366,77.81
77.59,77.47,77.25,4101.705620836288,16.638316401975526,77.62
77.61,77.67,77.37,3647.012613084852,16.40332737375395,77.85
77.91,77.57,77.35,3884.939896574978,16.52972565034695,77.93
78.81,78.32,78.22,4781.885193101148,16.945180322923516,78.97
78.83,78.99,78.76,4541.71476427131,16.842119890690796,79.34
78.86,78.9,78.46,4185.353270633197,16.678692842873563,79.2
78.63,78.58,78.01,4517.83222353376,16.831575171433116,79.1
78.76,79.2,78.75,5667.514181720237,17.28501180046672,79.42
83.81,84.37,83.61,8430.108480915296,18.079129852769444,86.2
83.89,83.7,83.11,5635.30416215487,17.27361283614839,84.33
83.18,84.36,83.11,5204.47643860552,17.114548812569808,84.36
83.18,83.68,82.88,4723.067964787295,16.92042776475948,83.76
84.05,83.35,83.12,4898.25938472025,16.993270428443584,84.46
84.14,84.08,83.4,4199.231239167474,16.685313555158995,84.54
84.47,84.2,84.08,4456.551581660421,16.80426116631353,84.7
84.27,84.77,83.93,4235.531489671633,16.702528252830042,84.9
84.56,84.14,83.83,4246.665750915652,16.70777890508642,84.61
84.09,84.11,82.9,4601.994784873186,16.868490321946332,84.27
83.87,83.79,83.23,4404.2925652140775,16.780669906227725,84.1
83.93,83.66,83.46,3767.8768557371936,16.468533977565507,83.94
84.05,83.5,82.98,4336.0442802167045,16.749435563776743,84.1
82.98,83.47,82.69,4402.624444578483,16.779912265129184,83.69
83.2,83.1,82.94,4578.509582822777,16.85825765880459,83.42
82.4,83.12,82.24,4698.828896650739,16.910137216741006,83.12
82.53,82.4,82.25,4039.1803624002728,16.607594200849675,82.59
83.72,82.74,82.74,4608.411222970451,16.871276926066614,83.84
83.11,83.83,83.04,4533.55147759458,16.838521852566345,83.9
83.26,83.01,82.78,2724.9959632997625,15.820444586145912,83.43
83.87,83.31,83.3,4273.7854415026495,16.72051052225661,83.98
84.88,84.07,84.02,4682.516310703039,16.903181880896796,85.06
83.34,84.71,83.18,5232.696150169623,17.12536391754337,84.92
84.17,83.51,83.34,5749.317089881198,17.313672749774646,84.52
84.26,83.6,83.22,5434.347430924894,17.20098948274038,84.81
81.08,84.42,80.7,6252.589863408602,17.481502095668617,84.43
81.59,81.34,80.98,5113.928137938585,17.07944624569024,82.68
82.78,81.55,81.43,5114.885531465978,17.07982063651386,83.14
82.49,82.54,82.0,4815.033437059394,16.95899658025428,82.8
84.16,83.63,83.33,4948.646885765846,17.013738964400726,84.58
85.23,84.29,84.12,4780.9888098593165,16.944805379907443,85.37
85.58,85.31,85.08,4891.227351084797,16.990397127833976,86.05
85.35,85.74,85.17,4697.092611392712,16.909398051264734,86.0
84.69,85.43,84.53,4393.854913398939,16.77592451808875,85.87
86.85,85.26,84.88,7344.160060891919,17.80332147223342,87.09
86.38,87.12,86.23,4720.566915106701,16.91936840587545,87.5
85.83,86.35,85.27,4850.23576746533,16.97356523170542,86.35
85.52,86.2,84.71,4865.689159821042,16.9799273248042,86.3
85.5,86.05,85.4,4241.549834671285,16.705368072548897,86.1
85.51,85.4,84.92,3761.095718005592,16.464931287280578,85.63
85.4,85.31,85.03,3145.0337041119287,16.107159872711325,85.53
85.71,85.65,85.22,3831.191068062255,16.501862103444072,85.98
85.72,85.9,85.55,3254.895390024079,16.175830926159534,85.93
85.54,85.63,85.5,4326.36175094039,16.744964504462374,86.05
85.95,86.13,85.5,4741.708236490305,16.928305518897226,86.31
86.35,86.06,85.97,5105.040548320846,17.07596738523336,86.51
87.11,86.59,86.57,4681.022751493524,16.902543848997055,87.66
88.19,87.66,87.43,4838.089498965475,16.968550423051944,88.41
88.28,88.2,87.6,4702.451381992162,16.91167848995035,88.58
88.22,88.65,87.86,4414.104325908032,16.78512049485935,88.73
87.82,87.86,87.41,4318.819398863537,16.741474766789512,88.19
88.08,88.13,87.24,4220.056516209232,16.695207654965813,88.13
89.6,88.67,88.45,4926.6145576856325,17.00481469890796,89.78
88.35,90.1,88.01,6049.771565935362,17.415551612553426,90.79
90.14,89.08,88.75,5061.735275574968,17.058929325686304,90.28
90.1,89.8,89.66,4915.250044504349,17.00019585147515,90.67
90.0,90.14,89.66,6072.479971148526,17.423044752285204,90.61
91.61,90.0,89.74,4858.1431638024005,16.976823200025795,91.62
91.9,91.9,91.54,4838.68174196237,16.96879523320921,92.3
91.82,92.55,91.58,5768.663883430893,17.320391570097847,93.43
92.33,92.47,91.93,5136.461622556913,17.088239480127218,93.24
94.06,93.12,92.58,5401.126456582922,17.188725662016612,94.06
93.92,95.14,93.72,5618.713375853942,17.267715991669583,95.45
92.74,93.3,92.1,6215.7101766411215,17.469670557045234,93.66
95.01,93.75,93.51,6982.57388074054,17.702345777724094,95.4
94.26,94.79,93.58,6872.254506346516,17.67049501766212,96.07
91.78,93.64,91.5,6918.652542222366,17.683952641529725,93.97
88.0,90.56,88.0,7143.631079500116,17.747952980826607,93.24
91.33,86.89,85.25,8246.124180486247,18.03499715997653,91.48
89.61,90.49,89.2,6411.520256538226,17.53170340692884,91.77
85.01,89.71,84.76,7458.462106895764,17.83420905808622,89.88
88.18,86.3,83.83,7968.630057920872,17.96653575509333,88.93
89.13,88.74,87.93,5976.649646750259,17.391230888394823,89.78
89.83,88.93,87.8,5138.84247666729,17.08916630585998,90.0
90.81,88.51,88.41,5912.775321285259,17.369741223971243,90.99
92.66,91.21,90.62,5274.833267507135,17.141404735518773,92.72
92.0,92.45,91.8,5531.448182890264,17.236409908261926,93.5
92.72,91.48,91.01,5559.831382335259,17.24664615208346,93.06
91.49,92.98,91.49,5188.689911721455,17.108473074759775,93.36
91.73,92.05,91.36,4938.902003482151,17.00979667894682,92.73
94.06,92.75,92.36,5131.201223885105,17.086190172894934,94.07
95.42,94.4,94.25,5495.438654011161,17.2233474161071,95.45
94.2,95.74,94.2,5086.169383730747,17.068560537348624,95.84
93.77,94.84,93.63,5582.771533924704,17.25488127755064,95.71
92.85,93.99,91.84,6093.895388009217,17.430085612941664,94.57
93.05,91.58,90.86,5729.780885862914,17.306865168785833,93.15
93.64,92.34,92.26,4888.924012500092,16.98945508166502,94.27
93.32,94.34,92.94,4709.116265288,16.9145111250049,94.49
93.86,93.16,92.43,5168.764552579271,17.100777985952583,93.94
94.43,94.27,93.77,5088.008254710285,17.06928349344153,95.1
96.54,95.29,95.0,6077.602652362196,17.424731220282876,96.54
96.77,96.5,96.04,5106.245391674787,17.076439350594192,97.21
94.41,97.0,93.97,5948.766006492439,17.381878194585866,97.24
93.85,95.12,93.5,5668.507828344246,17.285362416086464,95.41
94.18,93.53,92.83,5254.61682713402,17.133724765794323,94.58
94.6,94.68,93.92,7005.803237316904,17.70898825733651,95.38
92.89,93.74,92.11,5774.433738471678,17.322390983266512,93.9
93.13,93.05,93.0,4803.669430758116,16.954270782502334,93.77
92.48,92.93,92.21,4945.410195322527,17.0124304251837,94.05
89.79,91.27,89.66,6213.2692682677125,17.468885003137963,91.75
87.18,89.5,87.08,6638.444772685843,17.601266010802544,90.46
93.78,90.61,90.4,7509.778958131857,17.847922640371394,94.0
89.47,94.94,88.51,7521.2373317161055,17.85097190207932,95.14
89.39,89.82,88.87,7245.767454176265,17.776345574942244,91.23
91.27,90.18,88.4,6772.55845305155,17.641268431528985,92.29
88.52,90.47,87.51,6965.300926736762,17.697392202296413,90.88
89.71,89.58,87.89,6100.314500089319,17.43219123931984,90.05
92.33,87.85,87.73,5963.216917067499,17.3867307593854,92.76
92.38,92.44,91.4,5456.361516615262,17.209074948998488,93.07
90.23,91.49,89.48,6166.522520837818,17.453780720549464,92.46
90.77,91.04,90.62,5615.5091487771615,17.26657511091701,93.17
92.88,92.39,91.64,5190.364438071762,17.10911842307234,93.28
91.86,92.01,91.48,4987.194602178663,17.02925769356056,93.29
93.58,92.43,92.43,5172.898510506465,17.102376938835715,94.16
93.08,94.05,92.44,4831.776381415018,16.96593896255996,94.18
94.17,94.07,93.42,4504.229456854968,16.825544276589067,94.66
96.07,95.0,94.88,5174.069964737624,17.10282980740111,96.54
96.44,96.22,95.52,4587.296262505834,16.86209220738857,96.72
96.11,96.44,95.34,4853.096022128555,16.974744313153554,97.07
95.0,95.91,94.05,5581.610609850888,17.254465339068496,96.11
95.35,95.74,94.63,4725.656462334096,16.921523572988644,96.29
93.12,96.24,92.41,5875.780714083874,17.357188464339156,96.47
92.31,93.3,90.28,5807.689471726256,17.3338762085747,93.3
94.26,93.55,93.1,6521.42952120162,17.56569778872653,95.15
95.82,97.6,93.91,6947.861541510452,17.692378419401575,97.9
93.52,96.33,93.15,6443.881206229674,17.54177264276167,96.4
95.0,93.21,92.79,5604.366779574656,17.262602741674215,95.29
93.51,94.99,93.19,5241.27866078498,17.128641569964046,95.17
94.07,92.96,92.45,5580.546299422665,17.25408393952146,94.93
95.16,93.32,92.92,4746.717286715104,16.930417165536735,95.37
96.22,95.17,95.1,4923.618486438607,17.003598049026692,96.71
95.81,95.85,95.06,4846.090073450967,16.971855019338957,96.16
96.94,96.01,95.05,5227.562529516027,17.123400822352217,96.97
97.91,97.46,97.05,4731.608500288247,16.924041018993314,97.95
97.7,97.8,97.04,4096.134275142845,16.635597955999376,97.87
98.03,97.92,97.31,4410.682940316613,16.783569687804675,98.69
97.32,97.24,96.34,4959.234820010039,17.01801351597799,97.85
97.15,97.36,96.62,4169.501409041613,16.671103540456045,97.4
96.18,96.76,95.83,4152.91656549948,16.663132364488135,97.54
96.36,96.01,96.01,4226.80020819532,16.698401123618513,96.93
97.6,97.0,96.8,4407.092805920928,16.781941098231666,98.01
97.5,97.68,97.2,3929.527834231487,16.55254917212983,98.17
98.66,96.71,96.32,4609.904771250704,16.87192500461977,98.73
98.31,98.73,96.81,5162.29474168223,17.098272991521295,98.94
98.36,98.3,97.86,4285.314224184733,16.725898373537774,98.98
98.01,97.84,97.23,5354.529017570079,17.171396089104153,98.88
98.95,98.31,97.91,4707.284567561218,16.913733036773625,99.25
98.84,99.29,98.61,5843.020708503436,17.346006402698677,99.99
100.79,99.28,99.17,5353.094805810934,17.170860316932348,100.86
101.67,101.26,100.85,5223.181310274419,17.121723919959436,101.86
102.19,102.0,101.53,4849.16508277456,16.973123684988824,102.33
102.49,102.48,101.9,4595.967471599423,16.86586917013751,102.6
100.88,102.65,100.38,5313.397877065108,17.15597365763087,102.69
101.63,101.09,100.54,4707.98555647742,16.91403084613082,101.95
101.05,101.37,100.67,4846.740554228171,16.972123457228967,101.59
101.31,101.1,100.75,4280.797589234978,16.723789302248267,101.45
100.85,101.72,100.56,5430.734296575372,17.19965930062085,102.01
101.42,101.65,101.0,5068.709007232513,17.061682899880143,102.03
100.13,101.51,100.07,8107.933460506444,18.001196616994278,101.53
100.86,100.01,99.42,4856.545788932706,16.976165484756,101.11
100.86,99.65,99.5,5352.857834839256,17.170771778911902,101.0
101.87,101.37,101.12,5116.716916148479,17.080536608285225,102.52
101.14,102.08,100.88,4816.44972983213,16.959584773244842,102.46
100.41,100.41,99.63,6238.838433554759,17.477098616825497,100.77
98.39,100.0,97.3,5952.590444503972,17.38316357345874,100.11
99.08,98.82,98.75,5186.255296454273,17.10753442297028,100.08
97.54,99.58,97.4,5594.496045221589,17.259077120636157,100.02
98.63,97.38,97.26,5162.428788855106,17.098324924018065,99.11
98.61,98.93,98.33,5296.528485715903,17.149613800120775,99.91
100.01,98.1,98.0,4423.17996468604,16.789228381945627,100.06
99.05,100.48,98.94,3830.179499710164,16.501333963848115,100.63
99.76,99.5,99.03,4356.306003944167,16.758759513543964,99.92
101.16,99.89,99.67,4385.729927845535,16.77222275423626,101.43
101.85,101.65,101.25,4267.549648217347,16.717590232168092,102.25
102.12,102.0,101.86,4392.395701664412,16.775260202108583,102.51
101.98,101.15,101.1,4432.228333468392,16.793315543673312,102.34
104.19,102.77,102.73,4933.145953648645,17.007464417079966,104.41
105.43,104.37,104.09,4965.2290984404735,17.02042947676546,105.6
104.91,105.4,104.52,4667.645230734658,16.89682002639354,105.82
105.95,104.61,104.32,5089.373831818606,17.069820203983465,106.5
105.12,105.94,104.72,5430.831151858802,17.199694969615567,106.05
104.4,104.93,103.89,6338.110601748758,17.508672006241785,105.31
106.27,108.08,106.08,7485.908562091845,17.841555365581268,108.2
107.97,106.3,106.13,5450.408700271934,17.20689178510455,108.14
107.66,108.57,107.26,5129.972612012661,17.08571123672202,108.82
110.83,107.96,107.6,5549.599805391376,17.242962226477474,111.15
109.62,110.74,109.5,5601.081145636082,17.261429871495352,111.0
107.68,110.18,106.14,6083.197514465563,17.4265715144313,110.18
105.37,107.19,104.76,5887.9815726613815,17.361337090366185,107.53
106.08,106.49,105.38,5258.816596916078,17.135322633849057,106.72
106.28,106.03,105.42,4860.936020973739,16.97797263283804,106.45
107.57,105.4,104.84,5109.232623398547,17.07760903905713,108.09
108.04,107.8,106.82,4319.675798020032,16.74187131692649,108.05
108.13,108.12,107.56,4501.77154018282,16.82445259711323,108.42
108.88,108.56,108.17,4010.0142144386473,16.593100192272473,109.1
109.49,109.33,108.76,3935.416369331205,16.555543998624117,109.75
109.67,109.71,109.6,3698.271352943156,16.43124164821881,110.16
109.0,109.42,108.38,4264.237798247185,16.716037521214943,109.69
108.21,109.24,108.1,4298.241966199669,16.731922800151292,109.58
109.56,108.56,108.04,4097.354512365265,16.636193666662017,109.75
107.66,108.49,106.82,5475.65575981544,17.216134675341856,108.99
107.64,108.3,107.3,4624.3149762964895,16.878167098250273,108.86
107.58,107.36,106.69,4249.883763116352,16.709293878745292,107.9
106.87,107.51,106.48,4232.517099788257,16.70110436405061,107.9
105.98,106.92,105.85,4783.49882408264,16.94585510228349,107.35
107.06,105.85,105.78,4242.715993323145,16.70591787078391,107.34
107.56,107.15,106.87,4262.3612000861685,16.715157171106565,108.18
108.4,107.67,107.56,4151.387719787204,16.662395953302635,108.56
109.6,109.27,108.51,4434.222705277668,16.79421528212908,109.64
110.26,109.94,109.79,4376.245879746703,16.767893113745657,110.5
112.02,110.45,110.27,4562.679475922016,16.851330716646146,112.03
111.95,111.67,111.44,4774.798634497584,16.94221420634169,112.61
112.33,111.69,111.52,4818.99501971106,16.96064140940213,112.78
111.71,110.85,110.22,4757.587729091289,16.93499212251329,111.96
108.49,111.01,108.1,5733.441549366314,17.30814252811026,111.42
108.74,108.25,107.51,4845.371399593637,16.97155839789335,108.99
108.21,108.23,107.23,4743.273763973571,16.928965732033234,108.72
109.38,108.84,108.36,4552.791012115536,16.84699151452934,109.64
111.24,108.9,108.89,4929.6829512657305,17.00605995091059,111.59
111.71,111.43,110.51,4346.385164708715,16.754199616924982,111.85
112.91,112.12,112.12,5104.47058959105,17.075744080238312,113.73
113.37,113.36,112.44,4372.910815463769,16.766368365984757,113.73
112.14,113.69,111.86,4553.736487764745,16.8474068103079,113.7
113.21,112.19,111.72,4708.602128020587,16.914292754812347,113.7
111.7,113.05,111.04,4661.376298905721,16.894132099277286,113.32
113.57,112.28,111.93,4869.754819290187,16.981597781556925,113.8
114.26,114.0,113.51,8439.768835696865,18.081420410198028,115.29
114.67,113.03,112.22,5228.2367964735495,17.12365877180697,114.9
114.45,114.8,113.75,4761.093781895081,16.93646545799721,115.1
113.98,114.47,113.74,4399.09365665247,16.778307674801482,115.06
114.41,114.78,114.2,4369.359106322116,16.764743291864214,114.91
114.37,114.19,113.68,4652.720816898431,16.89041494494997,114.57
115.61,114.75,114.73,4345.466488192033,16.753776840969685,115.68
115.15,115.3,114.44,4559.302468580035,16.849849894888564,115.84
115.17,115.42,114.93,4080.19827949574,16.627801788333187,116.18
112.79,114.61,111.63,5900.9928825579855,17.365751830547246,114.76
112.13,112.63,110.64,5391.554414081342,17.185178056079828,113.17
110.85,111.66,109.34,5444.317037058,17.20465522998959,112.03
112.26,111.14,110.8,5118.456212570349,17.081216341339204,113.08
106.16,111.24,105.79,7834.303734219143,17.932534585804277,111.5
105.91,105.35,104.2,7994.015386525097,17.97289694370565,108.93
109.57,109.01,107.12,6909.566484230397,17.681324375636013,111.24
107.6,108.91,106.95,5662.870561826396,17.283372449248116,109.48
111.0,109.54,108.95,5622.29170356715,17.26898930404531,111.41
110.71,111.68,109.55,5152.498714216239,17.09447416410522,111.81
108.5,110.1,107.83,5701.420173956661,17.29694118299304,110.53
108.66,108.93,108.21,5725.860197385193,17.305496170409292,110.86
109.63,109.32,108.24,5152.242909646245,17.094374868239395,110.54
108.1,107.77,105.11,6615.922384671694,17.594469033199243,108.97
102.32,108.41,101.59,7993.607383403316,17.972794863960246,108.49
108.3,106.55,106.15,7851.54882809755,17.93693220473574,109.27
106.96,105.69,104.76,7451.382690481009,17.83230979839154,108.75
103.85,108.11,101.63,7427.1125614198145,17.82578490464699,108.7
103.73,103.66,100.11,8083.988990591217,17.99528144859439,104.38
106.81,105.44,105.39,7145.794777349823,17.74855865885609,108.14
105.92,107.05,105.53,5777.906281690626,17.323593352038,107.32
106.16,106.48,104.98,6138.419503422685,17.44464518281828,107.32
107.51,106.37,105.9,5284.140800546481,17.144930659554994,107.74
107.72,107.38,106.28,4933.583687341282,17.007641875545282,108.84
111.96,109.44,109.4,6156.435981962291,17.450506655848166,112.24
111.75,111.8,110.91,5064.000888625515,17.059824317601255,112.21
109.57,110.85,108.76,5660.320043955112,17.282471460145786,111.45
106.87,109.42,106.1,5798.431425825436,17.33068546201217,109.96
106.94,107.55,106.64,5947.653570947117,17.381504154141215,108.74
104.97,108.1,104.47,6284.515971815173,17.491688234966016,108.26
107.28,104.99,103.91,6205.253016598114,17.46630297207462,107.8
108.29,107.08,106.8,5788.101674988096,17.327119338072777,108.88
104.62,108.27,103.55,6691.33013682631,17.61713593832842,108.56
101.71,101.8,99.35,8003.277890964427,17.97521296183921,102.97
103.11,103.6,102.24,5303.83078538522,17.15236929184618,104.43
103.07,102.17,102.0,3717.942845176617,16.44185166373994,103.81
106.47,104.79,104.58,5686.489690485687,17.29169685220959,106.63
107.14,106.27,105.36,5396.710664840204,17.18708985596111,107.33
111.12,107.89,107.86,6840.209134229743,17.661147192030736,111.33
110.19,110.33,109.03,5303.130679136617,17.152105274209436,111.12
110.89,110.7,109.36,5802.208545028349,17.331987845064695,110.97
112.09,113.0,110.73,5893.451620230711,17.36319426604768,113.42
108.52,111.94,108.21,6722.870220374628,17.626540939037856,112.64
109.19,105.82,105.0,7007.669441404895,17.70952094587241,109.24
104.82,108.38,104.3,6711.552502960846,17.623171171665355,109.45
107.59,104.8,103.89,6387.60714195856,17.52423004063574,107.98
108.59,109.8,107.44,6510.141857133376,17.562233074825933,110.95
109.08,110.89,109.04,6015.232331340162,17.404100533616376,111.27
109.45,109.58,108.63,5597.621101861039,17.26019399837423,110.87
106.03,108.25,105.5,6858.799895025368,17.666575547256276,109.26
102.89,105.41,101.71,7547.006956403313,17.857812685614253,105.8
103.97,103.75,102.52,7022.762704235421,17.713823954700462,104.51
103.69,103.65,101.35,8258.21929958269,18.03792853888263,106.88
101.51,103.05,98.78,8386.54779989955,18.068768511703656,104.31
98.23,101.63,97.46,10547.13563011304,18.52721920456055,103.0
94.13,97.68,93.98,6628.362693757788,17.59822621975551,97.97
100.56,95.14,93.96,7185.735383382831,17.759706305537705,100.69
101.18,99.3,96.4,7035.517678181187,17.717453126075775,101.19
100.39,102.09,99.52,6178.131756445471,17.457542426131354,102.41
101.57,101.29,100.44,5759.667091073928,17.317269940806483,102.4
101.12,99.55,98.94,5943.84934196687,17.380224507983694,101.75
97.4,100.1,97.2,6525.213406471853,17.566857898743606,100.19
101.93,99.72,98.93,6637.817412372835,17.60107699365585,102.51
102.06,101.64,100.98,5971.27591055714,17.389431835871733,103.27
102.8,103.04,101.71,5613.770123544426,17.26595564989933,103.97
104.27,103.86,103.24,5681.623007556907,17.289984454310407,104.88
103.6,103.22,102.38,5483.38909799405,17.21895730789971,103.75
102.8,103.19,101.64,5321.109094916209,17.158874109508957,103.44
102.05,101.9,101.26,5332.642778210444,17.16320448533561,102.87
105.01,102.51,101.88,5620.286113713429,17.26827573466856,105.05
105.38,105.26,104.96,5463.869050407413,17.211824903654495,106.26
106.12,105.0,104.76,5328.509641541432,17.161653757396305,106.63
107.71,107.46,105.91,6117.809003229832,17.437918637515708,107.9
105.68,106.75,104.86,5689.574061386318,17.292781364725748,107.1
106.71,106.12,105.34,5086.678090856546,17.068760562801806,107.04
106.2,106.86,105.34,4812.986391005069,16.958146126668435,107.0
107.17,107.24,106.59,5587.324314911387,17.256511623844695,107.88
105.08,106.26,104.66,5429.2466328211685,17.199111357222893,106.48
102.94,104.88,102.17,5611.643876797601,17.26519799527574,104.97
106.38,104.62,104.33,7033.623959240357,17.716914722536224,106.38
104.43,103.8,103.18,7458.980560371504,17.834348077482023,105.22
102.78,103.78,102.35,5961.181929785401,17.386048129671067,104.1
105.74,102.87,102.77,5596.0058970662285,17.259616811103434,105.8
107.22,106.06,105.96,5227.366928004959,17.12332598626471,107.27
106.03,107.0,105.53,4539.797242168421,16.841275307966235,107.0
105.27,105.19,104.29,5455.336561569781,17.208699221955193,105.59
105.67,104.39,104.26,4632.61189827078,16.881752272432234,105.78
105.25,106.2,104.97,4349.037019847037,16.755419502526376,106.58
106.89,106.14,105.48,5005.656300626322,17.036647664207518,107.14
106.81,107.5,106.71,4288.923990932924,16.727582379358232,107.78
106.9,106.31,105.66,4667.408595784174,16.896718630110637,107.29
108.22,107.91,107.36,5158.186309159451,17.096680650015013,108.3
108.17,107.79,107.78,4247.170823030315,16.708016758538324,108.66
107.15,107.86,106.29,4648.405210392055,16.888558994776254,107.94
109.41,106.9,106.87,5391.032461412192,17.184984428091433,109.48
110.97,110.05,109.82,5269.081324101954,17.1392226450935,111.2
111.59,111.76,111.26,4873.45862812028,16.98311835128371,112.18
112.36,111.26,111.17,4640.768578586956,16.885270593312367,113.24
112.17,111.69,110.88,4635.41389737745,16.882961591060965,112.36
112.03,112.04,111.73,5392.952252709086,17.185696517843798,112.88
112.53,112.89,111.67,4847.800429060586,16.972560765109087,113.02
112.26,113.02,110.8,5158.295648758415,17.096723044154917,113.25
111.7,112.25,111.23,4420.216963000798,16.787888172219073,112.39
111.75,111.87,111.43,4205.591040507862,16.688340294800813,112.66
110.39,111.4,109.87,5033.781282495297,17.047853492859318,111.55
110.51,109.16,108.8,4776.864034070888,16.943079144556787,110.71
112.83,110.99,110.98,5147.000874295632,17.092338976783452,112.95
113.62,112.82,112.65,5112.016920942261,17.07869865045695,113.99
114.5,114.13,113.78,5959.343168504395,17.38543112287693,115.0
114.59,114.54,114.33,5546.473384052249,17.241835189455667,115.2
115.91,115.34,114.59,7391.255711988322,17.816105858182425,117.25
117.57,116.17,116.05,5586.375927200031,17.2561721167297,117.61
117.65,118.09,116.99,6130.962159400431,17.44221397806898,118.44
117.52,117.39,116.71,5302.201712496423,17.151754897031154,118.75
120.22,117.14,117.09,5463.922217601565,17.21184436493119,120.82
117.05,119.5,117.04,5798.666053498856,17.33076638835323,119.59
117.66,116.56,116.32,5202.606750466539,17.113830191201618,118.01
117.91,118.62,116.85,5108.587378131062,17.077356443006884,118.71
116.77,117.88,115.52,4767.958368106836,16.939346998359785,118.21
116.93,117.44,116.13,4281.910204569918,16.72430905151791,117.58
117.94,118.07,116.96,5039.81666333211,17.050250007532036,118.32
119.02,118.95,118.1,4773.793355393591,16.941793084959745,119.11
119.19,119.06,118.52,4259.377536683031,16.713756675995004,119.48
119.97,119.86,119.15,4781.291039039561,16.944931805476198,120.43
119.36,120.1,118.38,4484.734997745129,16.816869422525016,120.23
119.89,119.39,119.37,3978.2213362255247,16.57718025907192,120.23
119.93,119.81,118.64,3887.953960632765,16.531276714372616,120.02
119.28,118.63,118.58,4196.663079161824,16.684090023826826,119.54
120.19,119.76,119.54,4059.207927662736,16.617486344398493,120.35
120.33,120.54,119.92,3769.498773046624,16.46939471069075,120.85
120.95,120.64,120.37,4443.550719863564,16.79841814566186,120.98
121.05,120.94,120.57,3973.986914925614,16.575050324191672,121.58
120.77,121.64,120.1,3751.238062293568,16.45968249990799,121.65
121.77,121.24,120.54,4393.283282466543,16.775664305541344,121.85
123.37,122.19,121.3,5290.651944703979,17.147393552173043,123.52
123.76,122.62,122.57,3955.8468119986646,16.565900001983042,124.0
125.44,124.1,123.83,4901.583519639342,16.99462723995192,125.58
125.01,125.79,124.52,5590.794219071205,17.257753301198406,125.85
129.15,130.06,128.83,6167.162394489057,17.453988241218067,131.37
129.89,129.7,129.02,4863.6337238735405,16.979082276935692,130.52
129.77,129.9,129.35,4040.31966557103,16.60815824719143,130.18
130.6,129.81,129.39,4915.943754763677,17.000478100099656,130.7
127.88,130.53,127.7,5178.966306127121,17.10472155835947,130.65
126.21,127.98,125.52,5229.738138759913,17.124233010032274,128.0
128.9,127.36,127.25,4991.104687341271,17.030825129089283,129.43
128.15,126.39,126.11,4923.359015956484,17.003492647964723,128.56
125.52,126.46,124.22,6001.471569540257,17.39951998722121,127.18
125.51,125.44,124.75,5330.947007802647,17.162568387962597,126.37
125.5,124.29,123.57,5218.796317159734,17.120044164124657,125.79
127.13,124.91,123.82,5560.133451635851,17.246754810445392,127.93
123.35,124.11,123.04,5826.227166872229,17.340249886799484,125.55
124.73,123.87,123.7,5026.560951585089,17.044982683220212,125.88
126.02,124.26,123.7,4972.19347974312,17.023232771928146,126.71
128.93,126.75,126.46,5487.459885958166,17.220441527770607,129.38
128.07,128.31,127.92,5076.469146956377,17.064742537007373,130.46
126.22,126.52,125.76,4868.976689202774,16.981278179335394,127.59
126.9,127.43,126.58,3910.6597908792833,16.54292283181642,127.53
127.67,126.62,126.52,3923.835496042106,16.549649859528245,128.24
126.18,126.2,124.74,4858.375242815236,16.9769187400097,126.29
126.24,126.91,125.97,3758.105639813761,16.46334065125656,127.42
126.16,126.98,126.05,4809.195254925714,16.95657012810543,128.0
124.94,125.38,124.04,4771.073254520413,16.94065316297296,125.39
125.73,125.26,124.78,4102.391132010696,16.63865063066927,125.76
123.68,124.23,123.32,5162.050852132319,17.098178500480255,124.62
119.84,123.85,119.01,6163.086645504832,17.45266604601756,124.37
123.16,121.28,120.65,5420.575799672946,17.19591468381981,123.28
125.83,124.95,124.21,4992.608536626921,17.031427650096422,125.87
127.82,126.44,125.6,4632.381784784151,16.88165292493829,127.97
131.4,129.19,128.26,5821.132879431631,17.33850037872384,132.25
132.6,132.4,132.0,5145.590150799031,17.091790728650896,134.08
132.1,133.88,131.28,4890.166766072503,16.98996341257441,134.24
131.49,131.4,130.71,4134.303327043142,16.654148281086258,131.97
132.32,131.98,131.56,4147.390504883763,16.66046930103061,132.67
132.45,132.26,131.64,4221.575890588727,16.695927598330982,133.79
132.85,132.63,132.53,3810.221122192254,16.490885076395926,133.73
135.16,134.19,133.57,5092.588536294681,17.071083105708155,135.24
135.69,135.0,133.81,4872.826797660676,16.982859040005092,135.93
136.95,137.45,135.72,5748.268608894334,17.31330798416715,137.66
136.97,136.58,136.46,6060.354115066215,17.419047051598305,137.73
137.78,137.0,137.0,4541.898391641979,16.842200751625157,138.4
133.43,137.25,132.73,5772.990559493407,17.321891069552336,137.59
133.93,134.35,133.6,4863.922799551819,16.979201145704206,135.74
134.15,134.14,133.51,4069.088595742295,16.622348702615696,134.71
133.96,134.57,133.16,5481.146686597614,17.218139248148837,134.6
135.68,136.63,134.97,4759.638641745821,16.935854101630227,136.7
136.58,136.12,135.34,3903.567983268641,16.5392926283987,136.59
137.46,136.8,136.29,3691.787642863549,16.427732224939767,137.74
137.06,135.94,135.72,4259.241716550025,16.7136929003424,137.33
136.96,136.4,135.37,4096.309070370545,16.635683300607788,137.1
136.46,136.0,135.8,4466.888962130131,16.808894977464732,136.97
137.85,137.13,137.02,4919.792881819315,17.00204346413296,138.58
138.4,138.2,137.87,4725.245178824058,16.921349501346594,139.22
138.9,138.85,138.01,4351.647044510848,16.75661941949147,139.13
138.9,139.44,138.46,4080.6196833324234,16.628008338124477,139.54
137.08,138.96,136.52,4767.19288470689,16.939025877761853,139.05
136.27,137.7,136.22,4495.659684629165,16.82173544105434,137.93
136.42,135.55,134.67,5550.559161021527,17.243307935256706,136.62
136.62,140.22,136.45,6999.454550177464,17.707175027607747,140.67
138.43,137.41,137.33,5008.0694883358,17.037611616171368,139.19
139.29,139.76,138.03,4246.715083449795,16.707802138487757,139.99
140.72,138.9,138.85,4553.929621766239,16.847491632913332,140.74
140.19,140.43,139.32,4284.493318935158,16.7255152119775,140.61
141.34,140.37,140.3,4363.209827638364,16.76192658148993,141.68
141.03,141.5,139.37,4075.030061238812,16.625266865497412,141.51
140.35,140.14,139.8,4104.452216800678,16.639655199477673,141.22
136.27,140.33,135.08,6212.792125928567,17.46873140907082,140.49
138.06,137.0,136.93,6368.477212018584,17.518231352235745,140.94
136.9,138.09,135.26,5549.020093674198,17.242753295383643,138.32
132.21,133.3,130.78,6538.314079332684,17.570869273759968,133.93
134.69,133.8,133.21,5718.098547594296,17.302783245304646,135.68
135.28,133.79,131.83,5780.531030969387,17.32450169255992,135.65
138.89,136.6,135.93,5243.7112811443,17.129569609123998,138.99
137.71,138.61,136.46,4844.244110281809,16.971093038140847,139.38
135.79,137.07,135.24,4525.963764768781,16.83517168910739,137.86
138.6,136.05,135.0,5049.415114644467,17.05405543258012,138.8
133.98,136.36,133.67,5703.266695500045,17.29758881901282,136.92
133.68,134.39,132.25,5303.340079610207,17.15218424504561,134.58
136.13,134.88,134.72,5002.6144164826455,17.035431916072064,136.46
138.41,137.85,136.89,4936.65301596132,17.008885747879944,138.55
137.26,138.21,137.24,4603.150877388227,16.868992689864868,138.71
138.79,138.55,138.0,3870.6994200015065,16.522381063499214,139.49
137.78,138.66,136.29,4325.466680024249,16.744550686329642,139.2
133.39,137.19,132.8,6206.076538361414,17.466568381751955,138.35
135.45,134.99,133.9,4508.355686943966,16.82737559584243,135.56
135.74,136.39,134.66,4807.872190480941,16.95601982962685,136.72
135.56,134.88,133.55,4172.628428221234,16.672602926923215,135.76
138.12,137.25,136.91,4492.183878694193,16.820188549005476,138.44
137.86,139.15,136.27,4893.477597782583,16.9913170315634,139.18
136.04,136.61,135.7,4345.2011460920885,16.75365471360404,137.2
137.63,137.3,136.48,4244.444604421172,16.706732565406938,137.69
140.05,139.11,138.76,5110.7259758277005,17.078193523766373,140.38
139.1,140.03,138.2,4563.387338370479,16.85164097622688,140.18
137.52,139.59,136.46,5076.803324928001,17.0648741903082,139.75
136.08,136.8,134.51,5376.186194692294,17.179469066663227,136.89
136.12,135.91,135.09,4972.536274377493,17.02337065184208,136.27
137.52,137.85,136.87,5197.112756136815,17.11171705934873,138.42
137.32,137.78,136.57,4833.534627992231,16.966666614890904,138.06
136.33,135.83,135.66,4090.408292579116,16.632800201949554,136.7
137.39,136.96,136.43,4239.844926409455,16.704564002823098,137.52
138.52,137.36,136.53,4947.058317828889,17.01309684022543,138.67
141.07,140.3,140.07,6007.945821992738,17.401676379222273,142.37
139.44,141.01,138.25,6327.777334894141,17.50540866807198,141.65
139.14,139.23,138.44,4172.334358605503,16.672461970225637,139.63
137.38,140.36,136.88,5478.74711955206,17.217263485282363,140.69
139.36,137.5,136.03,4748.057918770579,16.93098195279115,139.96
139.54,139.44,138.44,4220.605643743561,16.695467884551533,140.18
137.73,140.15,136.65,4743.306652536814,16.928979599437646,140.36
139.03,138.05,137.78,4293.063009088033,16.729511544830622,139.22
137.07,139.66,137.0,4752.044717803064,16.93266058690379,140.25
134.65,136.25,133.58,5657.010076003047,17.281301584244673,136.37
136.28,134.95,133.22,5136.126750772414,17.088109085815773,136.75
138.12,136.75,136.42,4882.575959470574,16.986856482197243,138.25
137.12,137.14,137.02,4074.467327148421,16.624990659969356,138.18
135.67,137.08,135.62,5175.261925738639,17.103290498380733,137.76
138.24,137.46,136.97,4492.046526918438,16.820127396625026,138.7
139.1,138.49,138.25,4289.126367921561,16.72767674904328,139.67
139.68,140.12,139.5,5054.806128824329,17.05618959585715,141.03
139.55,139.69,139.52,3686.684011411881,16.424965455814807,140.29
141.57,140.06,139.81,4462.931995896868,16.80712250461791,141.79
140.41,140.79,139.53,4565.2696524958965,16.852465769649886,140.99
139.69,140.95,139.02,4701.361185869471,16.911214764808918,141.42
137.41,139.76,136.56,5681.938753629785,17.290095597654304,140.0
138.43,138.45,137.01,4551.487559029465,16.84641883739874,138.5
136.37,138.97,136.26,5285.3826729954,17.14540064192015,140.01
137.24,136.88,135.61,5601.813010088787,17.261691184124125,137.45
139.94,139.39,138.67,6105.603901335232,17.433924628405705,140.42
140.73,139.34,139.2,5095.068596201625,17.072056856523716,141.14
144.19,144.4,143.51,5939.708494530687,17.37883070065984,145.67
142.83,144.08,142.65,4537.562010595558,16.840290338021873,144.5
144.61,143.52,142.79,4300.76632706312,16.733097056862444,145.0
143.37,144.9,142.99,4960.356338006373,17.018465759598783,144.93
143.72,144.26,142.97,5755.724628576319,17.315900482388148,144.42
144.55,144.83,144.16,4112.420090409052,16.643533987092155,145.0
144.46,144.97,143.91,4272.022003688651,16.719685117399898,145.02
144.06,144.37,143.2,4071.3386005096654,16.623454298002574,144.52
144.26,143.84,143.77,4217.429904574586,16.69396244451288,144.88
145.96,143.98,143.76,4093.035426184337,16.634084323221156,145.99
146.11,145.34,144.73,3790.801762160612,16.480665714484235,146.42
147.07,146.28,146.06,4318.41545013909,16.74128769363004,147.57
147.31,146.74,146.28,4176.629023506876,16.674519550232716,147.46
148.06,147.02,147.0,4444.6709664495975,16.798922294444274,148.41
149.97,148.93,148.27,4848.588145017063,16.972885717401862,149.99
150.34,150.07,148.98,4642.710630655329,16.886107370974184,150.55
150.39,150.88,150.2,4894.912052325353,16.991903217665275,151.33
149.62,150.31,148.46,5071.494848661487,17.062781829026058,150.84
149.48,149.4,148.5,4309.998027841776,16.73738550487341,149.8
149.59,150.07,148.82,3980.160800771748,16.578155062457203,150.3
151.23,150.0,149.92,4735.882705473184,16.925846863938588,151.35
152.03,151.36,151.32,4963.375867290327,17.019682853809723,152.42
152.32,152.33,151.52,3898.883558148409,16.536891113771965,152.5
151.38,152.1,151.28,3460.8236013989504,16.298523833115897,152.3
149.55,151.81,148.32,5241.528021483811,17.128736720317328,151.83
149.31,147.49,146.65,5019.177721499807,17.042042837236835,149.43
149.85,150.14,149.2,4192.924635621299,16.68230760318705,150.18
149.93,150.05,149.48,4228.54596758744,16.69922699604666,150.32
151.75,150.99,150.27,4050.9751912348215,16.61342589908703,151.87
151.75,150.99,150.27,318.76637212855434,11.528926758697168,151.87
151.13,151.29,150.76,4059.687180066957,16.61772246144119,151.89
151.7,151.54,150.33,4342.810265254516,16.752553941214117,151.87
153.24,151.65,151.02,4964.409934725375,17.02009948946945,153.44
154.53,153.0,152.83,4883.652526541994,16.98729741680457,154.89
155.53,155.11,154.82,4914.546774627341,16.999909672681415,155.9
154.69,155.45,154.45,5044.15770966769,17.0519719660664,155.71
154.37,154.3,154.18,4912.234318515353,16.99896838538216,155.48
155.71,154.0,153.75,5080.730754527344,17.066420797826158,155.77
157.41,157.35,156.29,7321.17565695565,17.797052424522562,158.49
157.41,158.12,157.27,4210.259255675355,16.69055906781523,158.12
157.38,157.48,157.12,2998.191121326324,16.011528963723492,157.71
158.67,157.56,157.4,3811.420601298156,16.49151458855445,158.73
158.96,159.45,158.22,4291.194705440433,16.728640972842772,159.55
157.59,158.99,156.73,4044.344199001861,16.610149441177665,159.02
157.7,156.77,156.45,4288.750750509989,16.72750159270275,157.77
160.62,158.78,158.33,4757.577745029502,16.93498792539812,160.73
158.62,158.32,158.06,4595.833003928668,16.86581065378274,159.95
159.03,157.08,156.51,4563.628161890493,16.85174651938433,159.1
157.58,159.32,157.32,4677.792214282289,16.90116310273641,159.67
160.09,158.93,157.95,5268.968210190682,17.13917970966913,160.8
162.09,161.84,161.03,4626.00810634828,16.87889923699891,162.22
161.34,162.82,161.18,4553.454293171284,16.847282866674025,163.22
163.28,161.76,161.26,4651.559630919505,16.889915739906524,163.31
162.13,163.39,161.72,4847.760617027207,16.972544340260026,163.6
163.18,162.62,162.57,4627.944576159053,16.879736271643466,163.94
166.17,164.35,164.03,4885.218521212741,16.987938635062388,166.24
167.1,167.42,165.43,5862.73477141854,17.352742945593953,167.47
166.5,166.68,166.43,5432.972574935383,17.200483431220945,168.19
165.7,167.4,165.68,4913.122937602925,16.999330150977045,167.49
166.72,166.19,165.27,4436.300936591205,16.79515242240617,166.8
165.04,167.51,164.45,4991.804984171557,17.03110572736228,167.53
162.28,161.15,160.2,5663.750259324646,17.283683114710122,163.38
165.46,163.78,163.07,4989.983967910118,17.030375991954216,165.76
168.04,167.84,165.69,5926.868566114825,17.374502600653777,168.75
172.78,174.05,170.79,7183.137893706343,17.758983217622774,174.05
170.23,172.21,169.58,6011.879073966808,17.40298530078797,172.4
174.38,170.43,170.4,5490.815240016732,17.221664071025604,174.5
180.12,177.14,176.31,6036.003561960513,17.410994847461257,180.64
179.9,184.03,178.41,6259.8980822374415,17.483838391856846,184.2
183.63,180.97,180.06,5267.957953514815,17.138796198718453,183.82
183.89,182.85,182.48,5790.429517747367,17.327923530826563,185.63
188.7,183.58,183.25,5987.008184393938,17.394694223802396,188.84
184.44,190.65,183.5,7291.084007196735,17.78881504237212,190.7
184.71,185.58,181.85,6860.242051123269,17.666996030283652,185.85
183.71,183.08,182.87,5941.029708728951,17.37927552627376,186.23
185.35,183.25,182.65,4811.394392481248,16.957484474347975,185.41
187.23,185.61,185.5,5277.6048544770765,17.142455331372386,187.7
187.28,188.06,186.47,5476.994705127987,17.216623669409127,188.18
184.42,186.95,181.1,6071.439368057628,17.42270199537579,187.25
178.59,183.17,177.25,6971.397636055484,17.699142031226014,183.5
170.89,167.77,163.23,8265.05087703639,18.03958234655384,174.55
168.07,174.2,167.65,8250.654216484896,18.03609556499524,174.84
170.17,169.71,168.21,7509.137633576841,17.847751835895554,173.26
158.18,163.32,157.98,9652.714954871504,18.349989005207284,167.03
162.01,152.41,152.0,9852.591385011356,18.390979578977728,163.71
172.79,165.31,162.31,8427.977812025849,18.07862429861964,172.92
164.51,173.8,162.26,8466.228144811595,18.087680752106028,175.0
170.55,168.49,165.62,7057.930504050037,17.72381433563135,170.7
166.27,166.05,165.69,6915.001879970821,17.68289705284764,170.87
161.57,162.61,156.0,8533.52547309727,18.103515729581574,163.11
150.62,151.0,150.0,8391.619271630476,18.06997757626755,157.75
160.92,158.16,152.58,8084.205897922195,17.99533511131411,161.03
153.63,157.13,151.15,7516.93448155563,17.849827387904266,157.7
139.06,145.3,138.58,9655.380158233023,18.350541147370297,153.47
158.83,147.5,140.73,9629.50912559929,18.345175070854214,161.91
135.42,140.0,135.0,9375.812924754844,18.291777129482195,149.35
146.57,140.0,135.0,9003.32255336884,18.210697933911483,147.5
140.4,138.0,135.02,9032.893943803392,18.21725616447453,146.0
142.71,142.77,139.0,9269.447718176094,18.26895817055401,150.15
137.35,146.0,135.86,9212.286089782492,18.25658664511472,147.1
135.98,137.01,132.52,8886.797848494136,18.184644145865487,140.57
148.34,143.75,141.27,9083.871806669224,18.228511594387506,149.6
146.92,148.91,144.44,8697.02385876916,18.141472335059305,154.33
156.11,148.4,148.37,8043.284590265348,17.985185635206125,156.66
149.7,151.75,149.2,7552.634705849344,17.85930351559122,154.89
160.23,152.44,150.01,7963.687964756027,17.965294983163357,160.6
157.71,159.4,156.56,8827.63762282979,18.171285448671394,164.78
152.11,153.0,150.82,7613.7983950194,17.875434934043085,157.75
155.26,151.86,150.36,7044.908445111263,17.72012087719374,155.48
153.83,155.1,152.19,6422.093428158765,17.534998869614792,157.38
165.27,160.32,157.58,8192.172910772819,18.021868923557744,166.5
163.49,169.59,163.26,7922.691335651036,17.95497250031512,170.0
165.13,165.67,163.5,6951.13185028165,17.693319583605813,166.67
165.14,166.36,163.33,7171.595010874498,17.75576674952897,167.37
165.51,164.35,162.3,6473.427531068839,17.550922033322855,165.57
173.7,169.0,168.0,7271.474265924346,17.783428694070544,173.75
171.88,171.2,169.24,6398.50240290648,17.527638509264964,173.57
177.04,174.3,172.9,7104.900421540051,17.737080070145353,177.28
178.6,179.5,175.87,7263.995112883818,17.7813705139419,180.0
175.06,176.63,174.99,6055.542502534352,17.417458522806562,178.75
167.82,173.5,166.11,7496.915965915585,17.84449403861649,173.67
173.52,171.39,170.82,5886.561305210369,17.360854602873754,174.0
171.42,174.11,170.91,5726.325523405039,17.305658698687214,175.06
174.55,172.06,170.71,5857.074355000113,17.350811031299905,174.56
174.05,176.59,173.3,5761.456760230003,17.317891293077192,176.9
169.81,175.59,169.39,5864.528455042229,17.353354745142024,175.67
177.43,173.22,171.88,7161.463467755735,17.752939287511975,177.68
179.21,180.0,176.23,7340.017506791111,17.80219303201543,180.4
174.57,175.8,174.01,6274.589548329038,17.488526727871267,178.64
178.84,174.49,173.8,5511.157954550024,17.22906010324057,179.0
180.76,180.62,179.9,6069.527823480175,17.42207221209371,183.65
182.54,182.08,181.63,5669.153287749415,17.285590138322707,184.2
183.6,184.17,182.58,5321.277290275334,17.158937326666127,184.55
184.68,184.98,183.36,5559.913488535591,17.24667568736458,185.0
186.74,183.15,182.85,5558.116587478172,17.246029205567847,187.51
182.51,186.8,182.3,5660.229588983118,17.28243949881101,187.04
179.75,182.55,176.54,6686.664938517557,17.61574105116713,184.05
180.53,177.54,175.68,6471.005408744456,17.550173565682414,180.69
183.16,179.06,177.0,6827.179651949991,17.657333885435953,187.06
184.91,185.75,183.96,5941.937394486751,17.379581068055025,186.2
183.63,185.03,183.49,5176.786261765112,17.1038794971771,186.6
185.66,184.81,183.94,5591.183595626243,17.25789258837969,185.85
183.43,185.4,183.29,5396.2499015520025,17.186919091593047,186.67
183.51,183.19,182.54,4563.6496359821485,16.851755930335155,184.46
181.57,186.34,181.1,6006.130950953368,17.401072131043346,186.5
181.81,180.2,176.6,6286.26645951315,17.492245236942477,181.99
181.4,180.74,180.38,5816.513044771756,17.336912485503444,184.15
183.25,182.73,180.41,6492.050523524906,17.556667445791753,184.27
182.83,182.54,181.46,4761.178530574127,16.936501058186966,183.0
184.91,184.25,181.35,5549.286891123939,17.242849453272047,185.0
185.36,184.82,183.58,5225.994259468718,17.122800731863084,185.94
182.92,184.3,182.3,5363.003729254717,17.17455902346825,185.84
187.2,182.62,182.01,6316.141464533549,17.501727570925166,187.73
188.36,185.94,184.44,5762.949765528067,17.318409499462263,188.55
189.8,188.0,187.26,5457.464246332724,17.209479107799677,190.7
196.84,191.13,191.01,6623.619025880036,17.596794383197725,198.52
186.27,193.13,186.07,7270.12186968004,17.783056686428463,195.76
187.74,190.54,185.18,6585.862661793062,17.585361242387307,191.72
188.94,184.58,184.01,5724.5252204877215,17.30502981864415,190.82
193.57,192.89,191.46,6523.546274841622,17.56634685198028,195.58
194.24,195.03,193.69,5068.3154992561385,17.06152762435092,196.32
196.32,194.0,194.0,4802.254470558594,16.953681579355212,196.49
195.15,198.59,194.37,6666.418903729348,17.609676219975285,199.29
200.57,195.79,195.23,5728.780760336356,17.306516041022853,200.76
201.91,202.09,201.43,5560.345942475162,17.246831242701568,203.95
197.84,201.6,196.56,6061.406354964168,17.419394275048084,203.25
200.34,197.8,195.47,5272.943485378921,17.140688079440526,200.61
196.33,199.73,194.88,7394.307269785318,17.81693140883295,199.89
198.44,195.78,193.55,5167.35773872876,17.100233559806345,198.53
203.51,197.88,197.74,5857.49801536458,17.3509556922705,204.4
204.7,203.14,201.77,5662.261562308827,17.283157352596707,206.35
206.26,205.68,205.0,5414.403198876124,17.193635915672644,208.02
210.7,208.83,208.09,5647.79859768388,17.278042270324242,211.13
208.25,210.45,207.99,5796.613839130566,17.33005844017167,214.67
212.83,210.07,208.69,5796.552854930247,17.330037398742657,213.26
214.32,216.33,211.47,5755.143873093009,17.315698671215973,216.38
213.67,213.62,211.08,5116.408212799288,17.08041594003047,214.08
207.07,214.48,206.5,6175.403306667508,17.45665897059029,215.8
208.35,206.13,202.03,6131.216844966421,17.442297058102035,208.85
208.04,209.56,205.03,5672.689750021589,17.28683736499126,211.33
203.92,205.4,202.31,5471.80527796814,17.214727780404562,205.7
202.88,204.47,201.39,5624.524957718651,17.269783574700725,205.04
211.6,205.0,203.01,6073.288730169183,17.423311103150205,212.3
208.75,213.66,208.03,6172.987688307826,17.455876482142,213.94
211.75,209.2,208.39,7043.130837915764,17.719616163334447,212.3
202.54,207.19,202.15,8213.223179726701,18.027001449484573,210.92
201.3,200.42,197.51,6310.862777782449,17.500055381124678,202.86
203.85,201.47,200.86,5491.891022225404,17.222055880530746,203.97
202.02,203.61,201.74,4821.96930724367,16.961875430148645,204.7
204.06,202.5,202.01,4430.869214950944,16.792702160620053,204.65
203.9,201.0,199.57,5007.953274542405,17.03756520501935,204.46
205.01,204.4,199.01,7158.768679039713,17.75218656544221,205.1
216.54,211.52,210.44,8887.23854749044,18.18474332401073,217.64
213.29,214.17,210.31,7019.975498532741,17.713030033844714,214.77
212.94,214.9,211.57,5372.02205877824,17.17791936242229,215.0
216.35,212.34,211.55,5714.616610062306,17.301565008871716,216.37
212.48,214.85,210.93,5274.506706792588,17.14128091328773,215.7
208.25,211.67,206.35,6059.411027484437,17.418735795547743,211.88
203.38,207.16,203.14,6037.090275952481,17.41135489236099,207.65
209.19,205.29,204.75,5295.409710305709,17.1491912994023,210.28
208.7,209.44,208.15,4752.774978893909,16.932967909328937,211.35
208.9,208.76,207.51,4237.798485062734,16.7035984320043,209.59
210.28,209.6,208.92,4492.744929327727,16.82043832309649,211.19
211.49,210.53,209.21,4619.108896746211,16.875914218828736,212.36
209.7,211.49,209.25,5256.192633456274,17.134324455583357,212.1
214.58,209.54,208.91,5194.369836659688,17.1106612256254,215.0
213.02,213.86,212.85,6020.740735158756,17.405931180468322,216.25
213.69,214.79,212.43,5045.804891194268,17.052624964116703,215.52
216.47,213.1,213.1,4800.384984561134,16.95290284098907,216.61
221.15,217.88,217.36,6292.9188775956745,17.494360610349023,222.09
226.58,222.89,219.4,7589.610991348634,17.86907124993938,231.15
228.91,228.18,226.58,5127.65989511785,17.084809384625263,230.64
225.53,227.0,224.31,5364.1547330404255,17.174988215878958,228.7
227.27,225.51,224.43,5078.5071625429455,17.065545302261675,227.45
231.65,227.97,227.35,5837.879666454252,17.34424590750896,232.86
217.3,229.27,214.96,7642.008113055102,17.882831396416346,229.31
214.25,215.1,205.19,7724.252196814912,17.90424060491836,218.36
202.66,206.5,202.2,7274.910996019126,17.78437373437626,210.03
211.29,207.6,206.7,6758.62308462308,17.63714894705913,214.84
205.37,213.4,204.11,5954.957094723689,17.38395858189396,214.74
204.03,207.2,201.24,5798.281900701276,17.330633887013114,208.63
205.41,204.24,204.03,5511.421595196652,17.22915577617695,209.2
208.78,208.42,206.93,4671.610214904493,16.898518227818396,209.78
205.05,210.62,204.64,5135.4127390113445,17.087831031397208,210.65
202.91,200.05,199.96,5831.917094746804,17.342202145420146,204.33
200.39,202.8,196.25,7431.374435459433,17.82693222848425,203.65
202.54,197.19,196.38,6311.866364238077,17.500373406306476,202.71
207.42,205.06,202.08,5789.392455171786,17.327565299914262,208.1
200.59,207.9,200.03,5550.115314117356,17.243148000149702,208.1
203.19,199.85,199.2,5585.919172347555,17.256008585482444,205.57
207.82,203.55,202.54,5425.616278359537,17.19777357727912,209.04
209.44,210.88,208.06,5657.290517553434,17.281400730113873,212.57
207.26,209.35,206.81,4946.157296326109,17.012732541496444,210.07
210.33,207.73,206.54,5816.277847558523,17.336831611632853,211.98
212.46,213.49,211.32,5211.373907138117,17.117197648356637,213.99
206.19,208.0,205.54,5758.018843317552,17.31669751758629,210.99
210.38,207.22,206.98,4618.610288820653,16.875698317958552,210.41
205.91,208.82,204.82,5343.61871768561,17.167316764886323,210.18
209.83,207.06,206.72,5067.64777781566,17.061264118496688,210.11
210.58,210.51,208.32,4463.836578549891,16.807527839472588,211.19
215.81,211.23,211.23,5143.738620886563,17.0910709421989,215.86
221.4,218.79,216.81,6360.9250899535045,17.51585822501875,223.86
222.86,222.72,220.43,5380.598758502626,17.181109915271616,225.21
220.86,223.0,219.13,4842.696872611376,16.97045414186993,224.22
219.66,217.1,216.01,4767.920301347329,16.939331030556858,220.36
219.66,220.15,219.32,5104.692155262646,17.075830890751053,222.29
214.22,220.42,213.72,5256.029014379582,17.134262196975705,222.3
214.65,215.8,213.09,4770.06404569163,16.940230065073226,217.37
214.8,213.12,213.12,4767.064715314866,16.9389721056102,216.92
214.89,213.93,211.7,4727.732014401831,16.922401798616754,216.06
216.23,215.03,213.16,4345.067088089665,16.753593008721417,216.28
210.08,213.85,208.1,6091.925885957577,17.429439123231546,216.34
213.25,211.59,210.33,6058.079316086906,17.418296195819135,214.67
202.68,207.67,202.1,7155.109572885659,17.751164031619318,208.84
204.72,204.07,203.37,5606.475095815552,17.263354983556525,207.36
202.47,203.5,199.62,6081.12744480824,17.42589081258281,204.29
202.33,204.29,200.12,5553.572093706896,17.244393272809894,205.28
206.43,203.89,203.12,5245.1911309312645,17.130133957874644,208.12
216.39,214.02,212.42,6504.750341096882,17.560576044975676,218.32
223.29,222.04,221.15,6006.674371064241,17.401253077985086,224.12
223.72,222.26,218.03,5023.13597267683,17.043619466426303,224.36
218.39,224.44,217.88,6662.953549290284,17.608636304720058,228.12
211.01,214.5,209.72,6636.649757219376,17.600725143712634,216.5
216.55,212.39,212.2,5425.936601177717,17.197891651737567,218.04
215.44,217.21,214.46,4649.313390168488,16.888949705562982,219.11
216.51,216.36,214.16,4316.28393412667,16.740300274915615,217.42
217.23,214.87,214.52,4995.332221184092,17.032518439311744,217.74
214.46,216.1,214.08,4914.683306175485,16.999965234120666,217.68
211.08,213.65,210.93,5326.611399379534,17.160941145270055,215.17
212.42,211.38,209.93,4979.231466802884,17.02606170868312,213.03
210.39,212.2,210.0,4779.44756221888,16.94416053587466,213.29
210.11,210.95,208.16,5067.889797539011,17.06135963181788,212.29
213.86,209.59,208.86,5829.213583323226,17.34127478718461,214.25
213.87,215.11,212.46,4583.981566280562,16.860646521727816,215.29
215.23,214.85,214.04,3809.4898608606377,16.490501197645084,216.27
214.07,214.1,210.84,5750.1959097060335,17.3139784391721,214.76
216.21,214.51,213.35,5561.593117084349,17.247279788433534,217.32
215.37,214.88,212.8,4870.781148850767,16.9820192489277,215.47
214.24,214.61,213.65,5012.077613126117,17.039211642519813,216.38
214.36,214.22,213.18,4966.491618839198,17.020937956772205,215.38
214.29,214.37,212.99,4961.854189715776,17.01906959748581,215.54
216.01,213.97,212.89,4825.359468474861,16.963281067420414,216.95
211.8,215.16,211.21,5695.665281597928,17.294921406027058,215.23
210.52,211.77,210.36,5144.61048088191,17.091409912020342,213.08
213.26,210.05,209.11,5565.917714088127,17.248834348890913,213.32
214.2,213.1,212.88,5366.412116116317,17.175829693524083,216.21
214.13,215.17,212.24,5197.894381381753,17.11201782882667,215.42
219.28,214.75,214.72,5918.044693984661,17.37152279883772,220.11
219.42,219.87,217.92,5702.261305832976,17.297236221697325,220.89
218.59,218.59,216.02,7959.580516585029,17.96426317284072,219.69
222.59,217.55,217.28,6097.695138328908,17.431332292062738,224.0
223.94,222.69,221.85,4758.507854359389,16.935378888376352,225.63
221.02,223.11,220.8,4324.307805880613,16.74401477682564,223.56
222.75,221.42,221.2,3248.164404706141,16.171690729207672,223.61
224.96,224.45,223.02,4234.795862848645,16.70218086281631,226.03
224.15,226.31,223.58,4171.715834042391,16.672165459771154,227.18
221.68,225.23,221.47,4502.481204846946,16.824767854647945,225.63
222.42,221.7,219.68,4576.257422829271,16.85727362068322,223.0
217.69,222.53,214.81,6093.450500332304,17.429939596682107,223.0
217.9,217.26,215.7,4880.876253297148,16.986160127636488,218.52
212.25,212.17,211.94,5994.218297659838,17.397101360983605,216.49
218.29,214.04,213.71,5262.554512781791,17.136743709429012,219.34
219.62,218.68,217.03,4791.26350767728,16.949098915420127,220.58
217.49,218.47,216.73,4800.73213166492,16.953047468779637,218.91
214.93,216.5,213.32,4821.7565264123405,16.961787173462014,217.1
216.34,214.02,213.93,4481.861220519886,16.81558743006736,216.76
213.02,215.91,212.74,5417.262869752584,17.194691956664784,217.46
212.65,213.52,212.03,5634.404316340814,17.27329345049992,214.51
216.44,213.75,212.63,5520.94729190562,17.232609503607776,216.98
224.34,217.7,217.29,6146.320850720373,17.44721791873293,225.79
224.97,224.7,222.42,5545.227948425565,17.241386048046575,226.3
225.95,227.08,225.8,5492.964864260466,17.22244690687246,230.07
229.53,229.12,224.22,5757.785598648147,17.316616500349994,229.78
232.33,231.86,230.08,7012.103892556071,17.71078614498888,234.18
232.9,238.0,230.14,8358.865832156896,18.062156076042847,240.44
238.93,235.61,235.09,7007.935430638613,17.70959685818037,242.64
231.96,235.99,231.35,6519.443074373761,17.565088489990746,238.02
239.65,235.06,232.43,5771.844852384721,17.321494110379792,242.5
239.51,241.3,238.69,5090.8090712577305,17.070384138603067,242.31
243.0,239.57,239.26,5211.343780638541,17.117186086497487,245.09
242.01,242.66,240.37,5029.522840190707,17.046160831149543,243.24
242.2,242.23,240.42,4249.088372815985,16.70891953217918,243.28
242.47,243.15,240.81,4712.953320371421,16.916140089889,243.68
243.77,241.87,241.38,4854.374625016079,16.975271166290536,244.76
242.82,245.0,240.89,4710.276637311231,16.915003883716118,245.92
244.49,244.78,242.15,3968.7603858131824,16.572418222558568,245.15
244.99,243.93,242.73,4069.530562607928,16.62256592218613,245.3
243.7,245.03,242.92,5169.960348010418,17.101240633098428,246.13
244.2,241.32,240.94,4655.438647431625,16.891582879597145,244.31
243.79,241.8,240.86,4114.068910458355,16.644335699693364,243.93
240.97,243.75,240.18,5026.191401051098,17.044835638706804,243.86
234.51,237.42,232.4,6037.1297816098,17.411367979966165,237.93
233.27,230.33,228.73,5498.063659144008,17.2243025275979,234.83
234.55,230.01,229.0,5132.226222605547,17.086589649070028,235.2
228.99,232.08,227.88,6288.261683486145,17.492879924436615,234.59
232.38,231.53,229.54,6149.733896682034,17.44832820850608,235.37
236.94,235.9,233.15,5033.173650888672,17.04761205675976,237.47
233.87,237.01,233.45,4776.239001557607,16.94281743588079,237.3
227.56,232.16,227.26,5833.483179027775,17.34273914688005,233.58
226.73,226.74,224.26,6687.883446950911,17.616105477202122,232.49
231.6,229.52,226.46,6470.917245646092,17.550146316842,233.27
227.39,231.37,227.13,5938.639574852139,17.37847074500106,233.37
233.78,232.88,231.67,5751.56769933207,17.314455510215357,235.38
232.42,237.0,232.04,5454.063806007407,17.208232558167087,237.0
237.13,234.96,234.31,5468.782862758404,17.213622751992286,239.17
235.75,234.01,233.23,4759.586326562425,16.935832118672053,235.82
234.81,234.96,231.81,5103.201838062061,17.075246904610545,235.19
237.71,236.28,235.94,5300.207165762486,17.151002408909108,240.06
237.04,236.15,233.23,5437.104008569268,17.20200372729659,238.55
230.72,232.56,230.33,5903.579507383634,17.366628312882177,234.19
230.35,231.02,229.35,6814.0098326902935,17.653472104003118,232.47
235.99,230.27,230.14,5488.807247481004,17.220932536769748,236.9
237.58,237.49,237.07,5624.800085336367,17.269881403719985,241.05
235.46,237.85,235.32,5061.6328393118365,17.05888885051718,238.0
232.34,235.3,231.57,5836.25333583113,17.34368866507028,236.94
236.48,231.55,231.55,5047.757224748433,17.05339865866752,236.71
235.24,236.59,231.88,5022.693998244368,17.04344348319087,236.8
231.85,233.53,231.1,4979.15776010361,17.02603210281228,233.85
235.77,232.91,232.39,6604.806658790248,17.59110591208548,239.1
