Sales_sqrt,Sales_log,Profit,Quantity_sqrt,Quantity,Discount,Discount_sqrt,Sales
16.185179,5.572002,41.9136,1.4142135,2,0.0,0.0,261.96
27.05439,6.597064,219.582,1.7320508,3,0.0,0.0,731.94
3.8236108,2.748552,6.8714,1.4142135,2,0.0,0.0,14.62
30.94475,6.8654504,-383.031,2.236068,5,0.45,0.6708204,957.5775
4.729482,3.1513677,2.5164,1.4142135,2,0.2,0.4472136,22.368
6.9899926,3.909219,14.1694,2.6457512,7,0.0,0.0,48.86
2.6981475,2.113843,1.9656,2.0,4,0.0,0.0,7.28
30.118963,6.811412,90.7152,2.4494898,6,0.2,0.4472136,907.152
4.3016276,2.9706197,5.7825,1.7320508,3,0.2,0.4472136,18.504
10.719142,4.752728,34.47,2.236068,5,0.0,0.0,114.9
41.30598,7.4426007,85.3092,3.0,9,0.2,0.4472136,1706.184
30.1898,6.816105,68.3568,2.0,4,0.2,0.4472136,911.424
3.9436023,2.8065069,5.4432,1.7320508,3,0.2,0.4472136,15.552
20.198416,6.0136566,132.5922,1.7320508,3,0.2,0.4472136,407.976
8.295179,4.245777,-123.858,2.236068,5,0.8,0.8944272,68.81
1.5949922,1.265256,-3.816,1.7320508,3,0.8,0.8944272,2.544
25.804651,6.50261,13.3176,2.4494898,6,0.0,0.0,665.88
7.4498324,4.0342407,9.99,1.4142135,2,0.0,0.0,55.5
2.9257479,2.2575877,2.4824,1.4142135,2,0.0,0.0,8.56
14.610955,5.3682165,16.011,1.7320508,3,0.2,0.4472136,213.48
4.76655,3.1663187,7.384,2.0,4,0.2,0.4472136,22.72
4.411349,3.0184717,5.0596,2.6457512,7,0.0,0.0,19.46
7.767883,4.116432,15.6884,2.6457512,7,0.0,0.0,60.34
8.448195,4.2818193,-1.0196,1.4142135,2,0.3,0.5477226,71.372
32.320736,6.952375,240.2649,1.7320508,3,0.0,0.0,1044.63
3.4129167,2.5374992,4.2224,1.4142135,2,0.2,0.4472136,11.648
9.516828,4.5171037,11.7741,1.7320508,3,0.0,0.0,90.57
55.52864,8.034122,-1665.0522,2.6457512,7,0.5,0.70710677,3083.43
3.10129,2.3625507,-7.0532,1.4142135,2,0.7,0.83666,9.618
11.1445055,4.8299127,15.525,1.7320508,3,0.2,0.4472136,124.2
1.8066543,1.4502077,1.1016,1.4142135,2,0.2,0.4472136,3.264
9.289994,4.469396,9.7092,2.4494898,6,0.2,0.4472136,86.304
2.6187782,2.061532,-5.715,2.4494898,6,0.7,0.83666,6.858
3.9698865,2.818995,3.546,1.4142135,2,0.2,0.4472136,15.76
5.428812,3.4168081,9.9468,1.7320508,3,0.2,0.4472136,29.472
33.1292,7.001741,123.4737,2.6457512,7,0.2,0.4472136,1097.544
13.81738,5.2570786,-147.963,2.236068,5,0.6,0.7745967,190.92
10.645562,4.7390714,35.415,3.0,9,0.2,0.4472136,113.328
23.073778,6.27927,-46.9764,1.7320508,3,0.32,0.56568545,532.3992
14.562211,5.3615646,-15.147,1.7320508,3,0.3,0.5477226,212.058
19.26572,5.9193454,41.7564,2.0,4,0.2,0.4472136,371.168
12.131282,4.998347,16.5564,2.0,4,0.2,0.4472136,147.168
8.824965,4.3679276,3.894,1.4142135,2,0.0,0.0,77.88
9.778343,4.5707445,9.5616,1.4142135,2,0.2,0.4472136,95.616
6.780855,3.849722,19.7714,1.4142135,2,0.0,0.0,45.98
4.1785164,2.9156063,8.2062,1.4142135,2,0.0,0.0,17.46
14.558846,5.3611045,8.4784,2.0,4,0.0,0.0,211.96
6.708204,3.8286414,4.95,1.7320508,3,0.0,0.0,45.0
4.669047,3.1267605,6.104,1.4142135,2,0.0,0.0,21.8
6.1822324,3.6691868,17.9634,2.4494898,6,0.0,0.0,38.22
8.67064,4.333099,35.3346,2.4494898,6,0.0,0.0,75.18
2.4819348,1.96851,2.9568,1.4142135,2,0.0,0.0,6.16
9.486306,4.51075,17.0981,1.0,1,0.0,0.0,89.99
3.906405,2.7887082,6.2566,2.6457512,7,0.0,0.0,15.26
32.092834,6.9382358,298.6855,2.236068,5,0.0,0.0,1029.95
14.4416065,5.3450103,52.14,2.4494898,6,0.0,0.0,208.56
5.6920996,3.508556,15.552,2.236068,5,0.0,0.0,32.4
17.872046,5.7696013,7.098,2.236068,5,0.1,0.31622776,319.41
3.8157568,2.7447035,6.9888,1.4142135,2,0.0,0.0,14.56
5.477226,3.4339871,3.3,1.4142135,2,0.0,0.0,30.0
6.962758,3.9015687,16.362,2.0,4,0.2,0.4472136,48.48
1.2961482,0.9858168,0.84,1.0,1,0.0,0.0,1.68
3.7389839,2.706716,6.1512,1.4142135,2,0.0,0.0,13.98
5.081732,3.289297,9.3612,2.4494898,6,0.2,0.4472136,25.824
12.113215,4.995386,68.9631,1.7320508,3,0.0,0.0,146.73
8.930845,4.391482,22.3328,2.0,4,0.0,0.0,79.76
14.598459,5.3665133,-15.2225,2.236068,5,0.3,0.5477226,213.115
33.362015,7.015734,111.3024,2.828427,8,0.2,0.4472136,1113.024
12.960247,5.1297092,62.988,2.0,4,0.2,0.4472136,167.968
8.710913,4.3422456,35.6636,1.4142135,2,0.0,0.0,75.88
2.1484878,1.7256197,1.731,1.0,1,0.2,0.4472136,4.616
4.3646307,2.9982293,8.763,1.7320508,3,0.0,0.0,19.05
28.8433,6.724957,-114.3912,2.828427,8,0.2,0.4472136,831.936
9.850888,4.585376,1.213,1.4142135,2,0.2,0.4472136,97.04
8.531354,4.3011417,-18.196,1.0,1,0.2,0.4472136,72.784
1.1171392,0.81004095,-1.9344,1.7320508,3,0.8,0.8944272,1.248
3.1157663,2.3709912,-5.8248,1.7320508,3,0.6,0.7745967,9.708
5.2191954,3.3407395,2.724,1.7320508,3,0.2,0.4472136,27.24
4.3931766,3.0106208,-14.475,2.236068,5,0.6,0.7745967,19.3
14.427751,5.3430996,56.2032,1.0,1,0.0,0.0,208.16
4.0914545,2.875822,8.0352,1.7320508,3,0.0,0.0,16.74
3.8600519,2.766319,4.172,2.236068,5,0.0,0.0,14.9
4.6249323,3.1086144,6.2031,1.0,1,0.0,0.0,21.39
14.176883,5.3081884,62.8075,2.6457512,7,0.2,0.4472136,200.984
15.178143,5.444044,-48.9549,1.7320508,3,0.2,0.4472136,230.376
17.376997,5.7136006,33.2156,1.4142135,2,0.0,0.0,301.96
4.471018,3.0440462,6.7966,1.0,1,0.0,0.0,19.99
2.4819348,1.96851,2.9568,1.4142135,2,0.0,0.0,6.16
12.5844345,5.071216,13.8572,2.6457512,7,0.2,0.4472136,158.368
4.483302,3.049273,6.633,1.7320508,3,0.0,0.0,20.1
8.578112,4.311926,8.2782,1.4142135,2,0.2,0.4472136,73.584
2.5455844,2.0122328,3.1104,1.0,1,0.0,0.0,6.48
3.6,2.6361961,6.2208,1.4142135,2,0.0,0.0,12.96
7.303424,3.9952607,16.5354,1.7320508,3,0.0,0.0,53.34
5.74108,3.5251834,16.1504,1.4142135,2,0.0,0.0,32.96
2.3836946,1.8994174,-3.788,1.0,1,0.7,0.83666,5.682
9.824968,4.58016,40.5426,2.6457512,7,0.0,0.0,96.53
7.1632395,3.9572258,17.9592,1.7320508,3,0.2,0.4472136,51.312
8.824965,4.3679276,22.5852,2.4494898,6,0.0,0.0,77.88
8.038905,4.1839414,22.6184,2.6457512,7,0.2,0.4472136,64.624
9.796734,4.5744634,-10.7973,1.7320508,3,0.2,0.4472136,95.976
1.3371612,1.0253245,-3.0396,1.7320508,3,0.8,0.8944272,1.788
4.8908076,3.2156706,11.7208,2.0,4,0.0,0.0,23.92
15.456261,5.4802055,-26.8758,2.4494898,6,0.2,0.4472136,238.896
10.1173115,4.638218,-3.8385,1.7320508,3,0.2,0.4472136,102.36
6.0730553,3.634476,-25.8174,1.7320508,3,0.7,0.83666,36.882
8.608832,4.31898,17.6016,2.828427,8,0.2,0.4472136,74.112
5.2907467,3.36702,2.0994,1.0,1,0.2,0.4472136,27.992
1.8176908,1.4595448,1.0738,1.0,1,0.2,0.4472136,3.304
18.438004,5.831765,67.992,2.236068,5,0.2,0.4472136,339.96
6.477654,3.7602694,10.9096,1.4142135,2,0.0,0.0,41.96
8.715504,4.343286,22.788,1.4142135,2,0.0,0.0,75.96
5.2191954,3.3407395,13.3476,2.4494898,6,0.0,0.0,27.24
6.3321404,3.715911,14.5348,3.7416575,14,0.2,0.4472136,40.096
2.1725562,1.7439688,1.652,1.4142135,2,0.2,0.4472136,4.72
4.896529,3.2179153,7.4925,1.7320508,3,0.2,0.4472136,23.976
11.422084,4.878733,44.0316,2.4494898,6,0.2,0.4472136,130.464
28.062965,6.6701703,165.3813,1.7320508,3,0.0,0.0,787.53
12.561608,5.067608,-115.7156,1.0,1,0.7,0.83666,157.794
6.858571,3.872034,18.3456,1.7320508,3,0.0,0.0,47.04
5.553377,3.4607234,13.878,2.0,4,0.0,0.0,30.84
15.05191,5.427414,63.4368,2.4494898,6,0.0,0.0,226.56
10.724738,4.7537627,51.759,3.0,9,0.0,0.0,115.02
8.248636,4.234686,19.7316,2.6457512,7,0.0,0.0,68.04
24.506285,6.399523,-8.5794,1.7320508,3,0.3,0.5477226,600.558
24.85357,6.4276204,-407.682,2.4494898,6,0.5,0.70710677,617.7
1.5453155,1.2202398,-1.8308,1.4142135,2,0.7,0.83666,2.388
15.620243,5.5012255,30.499,2.6457512,7,0.2,0.4472136,243.992
9.023525,4.4118767,-9.1602,1.4142135,2,0.2,0.4472136,81.424
15.445388,5.478804,26.2416,1.7320508,3,0.0,0.0,238.56
7.74403,4.110382,-11.994,2.236068,5,0.4,0.6324555,59.97
8.848955,4.3732886,29.364,1.4142135,2,0.2,0.4472136,78.304
4.632062,3.1115577,6.9732,3.0,9,0.2,0.4472136,21.456
4.476606,3.0464253,9.6192,1.7320508,3,0.0,0.0,20.04
5.9531503,3.5956671,16.6568,1.0,1,0.0,0.0,35.44
3.3941126,2.5273273,3.456,2.0,4,0.0,0.0,11.52
2.0049937,1.6134299,1.9698,1.4142135,2,0.0,0.0,4.02
8.727886,4.3460884,26.6616,1.7320508,3,0.2,0.4472136,76.176
8.11665,4.2029,18.4464,2.4494898,6,0.0,0.0,65.88
6.566582,3.7869132,20.6976,3.7416575,14,0.0,0.0,43.12
9.09945,4.428433,10.35,1.4142135,2,0.2,0.4472136,82.8
2.9698484,2.2844212,2.3814,1.7320508,3,0.0,0.0,8.82
3.2954514,2.4731715,5.1042,1.7320508,3,0.0,0.0,10.86
11.9874935,4.974663,68.976,1.7320508,3,0.0,0.0,143.7
28.972918,6.733914,218.2518,1.7320508,3,0.0,0.0,839.43
25.921612,6.5116415,20.1579,2.6457512,7,0.0,0.0,671.93
9.689582,4.552697,12.9096,2.0,4,0.2,0.4472136,93.888
19.607397,5.9544115,103.8015,3.3166249,11,0.0,0.0,384.45
12.246223,5.0170813,5.9988,1.7320508,3,0.0,0.0,149.97
44.179634,7.57704,585.552,2.828427,8,0.0,0.0,1951.84
13.09771,5.150687,80.6285,2.236068,5,0.0,0.0,171.55
12.566623,5.068401,17.766,2.236068,5,0.2,0.4472136,157.92
14.254263,5.3190217,15.2388,1.4142135,2,0.2,0.4472136,203.184
7.640681,4.0839577,26.271,2.6457512,7,0.0,0.0,58.38
10.272293,4.6683326,48.5392,2.0,4,0.0,0.0,105.52
8.993331,4.405255,21.0288,2.4494898,6,0.0,0.0,80.88
2.5748787,2.0320878,1.7901,1.7320508,3,0.0,0.0,6.63
21.390839,6.1281085,51.4764,1.4142135,2,0.2,0.4472136,457.568
3.8236108,2.748552,6.8714,1.4142135,2,0.0,0.0,14.62
30.739714,6.8521686,236.2325,2.6457512,7,0.0,0.0,944.93
2.4454038,1.943049,2.691,1.0,1,0.0,0.0,5.98
7.374551,4.014291,1.3596,1.4142135,2,0.2,0.4472136,54.384
5.329165,3.3809946,13.348,2.236068,5,0.0,0.0,28.4
5.2611785,3.3562,9.688,1.4142135,2,0.2,0.4472136,27.68
3.152142,2.39206,2.7324,1.7320508,3,0.2,0.4472136,9.936
90.33245,9.007116,-1359.992,2.828427,8,0.4,0.6324555,8159.952
16.61108,5.6237574,-58.6347,1.7320508,3,0.2,0.4472136,275.928
41.714027,7.4622493,-24.858,3.0,9,0.3,0.5477226,1740.06
5.6625085,3.498445,6.8136,2.4494898,6,0.2,0.4472136,32.064
13.340915,5.187274,-453.849,2.236068,5,0.8,0.8944272,177.98
11.999,4.976568,8.9985,1.7320508,3,0.2,0.4472136,143.976
4.5760245,3.0883114,9.8418,1.7320508,3,0.0,0.0,20.94
10.533755,4.7181416,53.2608,1.4142135,2,0.0,0.0,110.96
18.442993,5.8323045,21.259,2.6457512,7,0.2,0.4472136,340.144
7.2420993,3.9787092,-131.12,1.4142135,2,0.8,0.8944272,52.448
4.489989,3.0521126,6.552,2.0,4,0.2,0.4472136,20.16
9.862251,4.587658,-243.16,2.0,4,0.8,0.8944272,97.264
19.91989,5.9859543,-11.3372,2.6457512,7,0.3,0.5477226,396.802
3.9849718,2.8261294,-3.7715,2.236068,5,0.2,0.4472136,15.88
1.811077,1.453953,1.4104,1.0,1,0.0,0.0,3.28
4.981566,3.2509944,1.8612,1.4142135,2,0.2,0.4472136,24.816
20.217419,6.0155325,76.6395,2.6457512,7,0.2,0.4472136,408.744
22.449053,6.224479,131.0296,2.0,4,0.0,0.0,503.96
12.245407,5.0169487,41.986,2.236068,5,0.0,0.0,149.95
5.3851647,3.4011974,7.25,1.4142135,2,0.0,0.0,29.0
2.6758177,2.099244,3.4368,1.4142135,2,0.0,0.0,7.16
13.296617,5.1806593,22.984,2.828427,8,0.0,0.0,176.8
6.1011477,3.6434636,3.7224,1.7320508,3,0.2,0.4472136,37.224
4.4739246,3.045284,6.255,1.7320508,3,0.2,0.4472136,20.016
29.985596,6.802546,112.392,2.0,4,0.2,0.4472136,899.136
8.4711275,4.287166,20.0928,2.4494898,6,0.0,0.0,71.76
7.2,3.9672685,24.8832,2.828427,8,0.0,0.0,51.84
25.027025,6.441508,46.9764,1.7320508,3,0.2,0.4472136,626.352
4.460942,3.0397491,6.567,2.236068,5,0.0,0.0,19.9
3.7788887,2.7265449,6.7116,2.6457512,7,0.0,0.0,14.28
2.721764,2.1291835,1.2038,1.4142135,2,0.2,0.4472136,7.408
2.459268,1.9527439,1.5876,1.7320508,3,0.2,0.4472136,6.048
6.8014703,3.8556643,12.0276,1.7320508,3,0.0,0.0,46.26
1.7163916,1.3727024,-2.2586,1.4142135,2,0.7,0.83666,2.946
4.006994,2.836502,5.8203,1.7320508,3,0.2,0.4472136,16.056
4.6630464,3.1243014,6.795,1.7320508,3,0.2,0.4472136,21.744
14.790199,5.3924904,-161.875,1.4142135,2,0.5,0.70710677,218.75
1.6124516,1.2809339,0.2925,1.0,1,0.2,0.4472136,2.6
8.141499,4.2089224,-178.9668,1.4142135,2,0.8,0.8944272,66.284
5.9302616,3.5881748,9.6712,2.6457512,7,0.2,0.4472136,35.168
21.089523,6.0997987,44.4768,2.0,4,0.2,0.4472136,444.768
9.160786,4.4417095,5.8744,2.0,4,0.0,0.0,83.92
11.488255,4.8901987,35.6346,1.4142135,2,0.0,0.0,131.98
3.9899874,2.8284965,7.4824,2.0,4,0.0,0.0,15.92
7.2311826,3.9757488,16.2099,3.0,9,0.0,0.0,52.29
9.591142,4.532492,3.6796,1.0,1,0.0,0.0,91.99
4.560702,3.08191,6.5,1.4142135,2,0.2,0.4472136,20.8
4.86621,3.2059932,8.88,1.4142135,2,0.2,0.4472136,23.68
21.270872,6.116885,-244.323,2.236068,5,0.5,0.70710677,452.45
7.93612,4.1586018,-14.6958,1.7320508,3,0.4,0.6324555,62.982
34.467377,7.080868,-950.4,3.0,9,0.7,0.83666,1188.0
9.464883,4.5062776,4.4792,1.4142135,2,0.2,0.4472136,89.584
9.646761,4.543933,26.0568,2.4494898,6,0.0,0.0,93.06
17.388962,5.714973,22.6782,1.7320508,3,0.2,0.4472136,302.376
2.3630488,1.8846425,1.8148,1.4142135,2,0.2,0.4472136,5.584
4.7648716,3.1656437,8.2302,2.4494898,6,0.2,0.4472136,22.704
4.4470215,3.0337985,-13.8432,2.0,4,0.7,0.83666,19.776
8.526664,4.300057,19.0848,2.0,4,0.2,0.4472136,72.704
21.908628,6.1758423,-383.9904,2.0,4,0.7,0.83666,479.988
5.212293,3.3381865,2.7168,1.4142135,2,0.2,0.4472136,27.168
1.4832397,1.1631508,0.968,1.0,1,0.0,0.0,2.2
24.948948,6.4352684,136.939,2.236068,5,0.0,0.0,622.45
4.6882834,3.1346242,0.2198,1.0,1,0.0,0.0,21.98
12.71094,5.0910964,-28.2744,1.4142135,2,0.2,0.4472136,161.568
19.740719,5.96793,43.8408,2.828427,8,0.2,0.4472136,389.696
4.318333,2.9779756,-12.432,2.6457512,7,0.7,0.83666,18.648
15.292481,5.4589896,-102.048,1.4142135,2,0.45,0.6708204,233.86
24.912136,6.43232,-248.2458,1.7320508,3,0.45,0.6708204,620.6145
2.3082461,1.8449842,-3.552,1.4142135,2,0.7,0.83666,5.328
16.06462,5.557106,0.0,1.7320508,3,0.2,0.4472136,258.072
24.859123,6.4280667,-7.7247,1.7320508,3,0.2,0.4472136,617.976
3.2496154,2.4475508,4.752,1.4142135,2,0.0,0.0,10.56
5.091169,3.2928696,9.396,2.236068,5,0.2,0.4472136,25.92
20.486094,6.0418725,-356.728,2.236068,5,0.6,0.7745967,419.68
3.4187717,2.5406566,-4.6752,1.7320508,3,0.6,0.7745967,11.688
5.65544,3.4960227,11.1944,1.4142135,2,0.2,0.4472136,31.984
13.312588,5.183047,-120.513,2.236068,5,0.5,0.70710677,177.225
2.0109699,1.6181995,-2.8308,1.7320508,3,0.6,0.7745967,4.044
2.721764,2.1291835,1.2038,1.4142135,2,0.2,0.4472136,7.408
44.74215,7.6023316,580.5394,2.6457512,7,0.0,0.0,2001.86
12.91201,5.122296,41.68,1.4142135,2,0.0,0.0,166.72
6.9195375,3.8893683,23.94,2.4494898,6,0.0,0.0,47.88
38.771767,7.3160496,496.0725,2.236068,5,0.0,0.0,1503.25
5.091169,3.2928696,12.4416,2.0,4,0.0,0.0,25.92
17.932318,5.776314,28.1372,1.4142135,2,0.2,0.4472136,321.568
2.758623,2.1529243,3.5767,1.0,1,0.0,0.0,7.61
57.85646,8.116229,636.0003,3.6055512,13,0.0,0.0,3347.37
8.976636,4.401584,22.5624,2.4494898,6,0.0,0.0,80.58
19.024195,5.894182,162.864,2.0,4,0.0,0.0,361.92
3.483102,2.575052,-8.4924,3.0,9,0.6,0.7745967,12.132
9.075682,4.4232645,-19.5624,1.4142135,2,0.2,0.4472136,82.368
7.343024,4.0058775,4.044,2.236068,5,0.2,0.4472136,53.92
25.453959,6.4752846,56.6916,2.4494898,6,0.2,0.4472136,647.904
4.513314,3.061988,6.9258,1.7320508,3,0.0,0.0,20.37
14.884556,5.405152,6.6465,1.7320508,3,0.0,0.0,221.55
4.18569,2.9188511,6.132,2.236068,5,0.2,0.4472136,17.52
1.2743626,0.96469986,-4.466,1.4142135,2,0.8,0.8944272,1.624
55.317104,8.026491,-509.997,1.7320508,3,0.4,0.6324555,3059.982
50.199184,7.832394,-251.9958,2.6457512,7,0.4,0.6324555,2519.958
18.116953,5.796738,28.7196,2.0,4,0.2,0.4472136,328.224
8.93868,4.3932137,35.156,1.4142135,2,0.0,0.0,79.9
3.743795,2.7091162,4.7304,1.7320508,3,0.2,0.4472136,14.016
2.7495453,2.1471002,0.3024,2.4494898,6,0.0,0.0,7.56
6.099836,3.643045,-7.4416,1.0,1,0.2,0.4472136,37.208
7.587885,4.070325,21.591,1.7320508,3,0.2,0.4472136,57.576
26.941418,6.5887065,210.4936,2.0,4,0.0,0.0,725.84
14.488961,5.3515263,92.3692,2.6457512,7,0.0,0.0,209.93
2.297825,1.83737,2.3232,1.7320508,3,0.0,0.0,5.28
3.3045423,2.4782176,4.095,1.7320508,3,0.2,0.4472136,10.92
2.9698484,2.2844212,4.0572,1.4142135,2,0.0,0.0,8.82
2.4454038,1.943049,1.5548,1.0,1,0.0,0.0,5.98
3.4129167,2.5374992,4.0768,1.4142135,2,0.2,0.4472136,11.648
4.263332,2.9536595,5.9072,2.0,4,0.2,0.4472136,18.176
7.727354,4.1061416,5.9712,2.4494898,6,0.2,0.4472136,59.712
4.9839745,3.2519236,8.694,1.7320508,3,0.2,0.4472136,24.84
1.4422206,1.1249295,-3.432,2.236068,5,0.8,0.8944272,2.08
33.38263,7.0169683,376.11,2.6457512,7,0.2,0.4472136,1114.4
32.23104,6.946822,51.942,2.236068,5,0.2,0.4472136,1038.84
11.906301,4.961165,47.844,2.236068,5,0.2,0.4472136,141.76
15.485477,5.483967,47.96,2.236068,5,0.2,0.4472136,239.8
5.577096,3.4689806,10.8864,2.4494898,6,0.2,0.4472136,31.104
15.939197,5.541491,-169.372,2.6457512,7,0.7,0.83666,254.058
13.9473295,5.2757034,24.316,1.4142135,2,0.2,0.4472136,194.528
31.00774,6.8695135,-204.3145,2.236068,5,0.2,0.4472136,961.48
4.369897,3.0005207,6.6836,2.6457512,7,0.2,0.4472136,19.096
4.300698,2.9702094,6.2424,2.828427,8,0.2,0.4472136,18.496
15.9995,5.5490136,54.3966,1.4142135,2,0.2,0.4472136,255.984
9.32577,4.476996,-48.7032,1.7320508,3,0.5,0.70710677,86.97
17.332512,5.7084913,78.8592,2.828427,8,0.2,0.4472136,300.416
15.177352,5.44394,20.1558,1.7320508,3,0.2,0.4472136,230.352
14.776738,5.390678,-24.5646,1.7320508,3,0.2,0.4472136,218.352
8.8656645,4.377014,-62.88,2.236068,5,0.7,0.83666,78.6
5.249,3.351727,9.2988,1.7320508,3,0.2,0.4472136,27.552
5.6920996,3.508556,15.552,2.236068,5,0.0,0.0,32.4
32.901062,6.987933,10.8248,2.828427,8,0.0,0.0,1082.48
7.543872,4.05889,27.3168,1.7320508,3,0.0,0.0,56.91
8.809086,4.364372,38.024,2.0,4,0.0,0.0,77.6
3.7788887,2.7265449,6.5688,1.0,1,0.0,0.0,14.28
14.801183,5.3939686,-131.445,1.7320508,3,0.5,0.70710677,219.075
5.176872,3.325036,12.864,1.4142135,2,0.0,0.0,26.8
3.1368775,2.383243,2.8536,1.7320508,3,0.0,0.0,9.84
6.743886,3.8390222,20.9208,1.7320508,3,0.0,0.0,45.48
17.005882,5.6705704,83.868,2.4494898,6,0.0,0.0,289.2
2.2113345,1.773256,2.0049,1.0,1,0.0,0.0,4.89
3.8905013,2.7810528,3.5948,2.0,4,0.2,0.4472136,15.136
21.604815,6.1479726,52.5114,1.4142135,2,0.2,0.4472136,466.768
3.9028194,2.7869847,1.7136,1.0,1,0.2,0.4472136,15.232
2.5027983,1.9829307,2.0358,1.7320508,3,0.2,0.4472136,6.264
9.356281,4.483454,37.6422,1.7320508,3,0.0,0.0,87.54
13.356048,5.189529,22.298,1.4142135,2,0.2,0.4472136,178.384
3.9436023,2.8065069,5.4432,1.7320508,3,0.2,0.4472136,15.552
9.956706,4.606529,8.6744,2.0,4,0.2,0.4472136,99.136
11.656843,4.9191194,24.1568,1.0,1,0.1,0.31622776,135.882
63.182117,8.292294,1995.99,1.4142135,2,0.0,0.0,3991.98
16.611443,5.6238008,80.0226,2.4494898,6,0.0,0.0,275.94
18.973665,5.888878,129.6,2.0,4,0.0,0.0,360.0
6.6007576,3.797061,13.071,1.0,1,0.0,0.0,43.57
2.6758177,2.099244,3.58,1.4142135,2,0.0,0.0,7.16
15.859382,5.5314903,81.744,2.4494898,6,0.2,0.4472136,251.52
9.9995,4.6150217,34.9965,1.0,1,0.0,0.0,99.99
3.9989998,2.8327427,0.9995,1.0,1,0.2,0.4472136,15.992
17.055733,5.6764045,-67.8762,1.7320508,3,0.4,0.6324555,290.898
7.3636947,4.011398,3.389,1.4142135,2,0.2,0.4472136,54.224
28.048958,6.6691732,-258.5016,2.0,4,0.3,0.5477226,786.744
10.011992,4.617494,33.831,3.1622777,10,0.2,0.4472136,100.24
6.145242,3.657492,-27.6936,2.4494898,6,0.7,0.83666,37.764
9.09945,4.428433,-20.7,1.4142135,2,0.4,0.6324555,82.8
4.552362,3.0784175,-13.816,1.4142135,2,0.7,0.83666,20.724
2.2126906,1.7742741,-3.4272,1.7320508,3,0.7,0.83666,4.896
2.1799083,1.7495476,1.6038,1.0,1,0.2,0.4472136,4.752
30.983608,6.8679576,335.9944,1.4142135,2,0.2,0.4472136,959.984
3.7905145,2.7322874,4.49,2.0,4,0.2,0.4472136,14.368
2.7770488,2.1647015,2.7956,1.4142135,2,0.2,0.4472136,7.712
26.42635,6.550154,-17.4588,1.7320508,3,0.2,0.4472136,698.352
2.2271059,1.7850705,2.3312,2.0,4,0.0,0.0,4.96
4.225636,2.9368312,1.116,2.0,4,0.2,0.4472136,17.856
22.582516,6.236311,-407.976,3.1622777,10,0.7,0.83666,509.97
5.5670457,3.4654858,10.0724,3.6055512,13,0.2,0.4472136,30.992
8.481038,4.2894726,8.3916,3.4641016,12,0.4,0.6324555,71.928
9.423375,4.497585,-2.22,2.0,4,0.2,0.4472136,88.8
6.9264708,3.8913305,4.7976,1.7320508,3,0.2,0.4472136,47.976
2.7495453,2.1471002,3.0996,1.7320508,3,0.0,0.0,7.56
4.955805,3.2410285,11.5432,1.4142135,2,0.0,0.0,24.56
3.6,2.6361961,4.1472,1.4142135,2,0.0,0.0,12.96
2.605763,2.052841,2.3086,1.0,1,0.0,0.0,6.79
4.955805,3.2410285,11.5432,1.4142135,2,0.0,0.0,24.56
1.7458522,1.3982229,1.0668,1.0,1,0.2,0.4472136,3.048
7.0085664,3.9144201,23.0864,2.0,4,0.0,0.0,49.12
65.9937,8.379348,1415.4296,2.0,4,0.2,0.4472136,4355.168
19.715578,5.9653873,-4.8588,2.4494898,6,0.2,0.4472136,388.704
2.8740215,2.225704,3.7996,1.4142135,2,0.0,0.0,8.26
4.1279535,2.8925915,6.9864,2.0,4,0.0,0.0,17.04
5.8651514,3.566712,15.824,2.236068,5,0.0,0.0,34.4
6.0199666,3.6173835,11.325,2.236068,5,0.2,0.4472136,36.24
25.452702,6.4751863,168.4384,2.828427,8,0.0,0.0,647.84
4.549725,3.0773122,9.936,1.4142135,2,0.0,0.0,20.7
4.549725,3.0773122,9.936,1.4142135,2,0.0,0.0,20.7
22.10534,6.1936827,86.8704,1.7320508,3,0.1,0.31622776,488.646
2.3579652,1.8809906,1.4456,1.4142135,2,0.0,0.0,5.56
6.864401,3.873698,20.7328,2.828427,8,0.0,0.0,47.12
14.558846,5.3611045,8.4784,2.0,4,0.0,0.0,211.96
4.816638,3.1863527,10.44,2.0,4,0.0,0.0,23.2
2.712932,2.1234584,0.1472,1.4142135,2,0.0,0.0,7.36
10.236699,4.661456,29.3412,2.6457512,7,0.0,0.0,104.79
32.30975,6.9516954,271.4192,2.0,4,0.0,0.0,1043.92
5.091169,3.2928696,9.396,2.236068,5,0.2,0.4472136,25.92
7.309172,3.9968052,4.6746,1.7320508,3,0.2,0.4472136,53.424
2.8565714,2.2148461,-5.712,2.236068,5,0.7,0.83666,8.16
31.999,6.9323854,179.1888,2.828427,8,0.2,0.4472136,1023.936
3.0397367,2.3263016,0.924,1.0,1,0.2,0.4472136,9.24
21.886982,6.1738696,-29.94,3.1622777,10,0.2,0.4472136,479.04
9.956706,4.606529,30.98,2.0,4,0.2,0.4472136,99.136
38.580097,7.3061447,-297.6848,2.6457512,7,0.3,0.5477226,1488.424
2.9414282,2.2671652,-20.3322,1.7320508,3,0.8,0.8944272,8.652
4.881803,3.2121332,2.6811,1.7320508,3,0.2,0.4472136,23.832
3.4894125,2.578397,-18.8728,2.0,4,0.8,0.8944272,12.176
7.1386275,3.9504743,25.48,2.6457512,7,0.0,0.0,50.96
7.038182,3.9226859,17.3376,1.7320508,3,0.2,0.4472136,49.536
6.473021,3.7588718,8.799,1.4142135,2,0.0,0.0,41.9
19.376726,5.930805,-157.0095,1.7320508,3,0.45,0.6708204,375.4575
9.163842,4.442369,-1.0497,1.7320508,3,0.2,0.4472136,83.976
21.96224,6.1807203,-337.638,2.0,4,0.7,0.83666,482.34
1.7204651,1.3762441,0.777,1.0,1,0.2,0.4472136,2.96
1.6198765,1.2875783,0.4264,1.0,1,0.2,0.4472136,2.624
4.8332186,3.1929424,7.884,2.0,4,0.2,0.4472136,23.36
6.322974,3.7130842,13.5932,1.4142135,2,0.0,0.0,39.98
15.696624,5.510942,27.7182,1.4142135,2,0.2,0.4472136,246.384
42.426052,7.496081,701.9883,1.7320508,3,0.0,0.0,1799.97
3.530156,2.599871,-20.5623,1.7320508,3,0.8,0.8944272,12.462
8.70586,4.3411007,25.5798,1.7320508,3,0.2,0.4472136,75.792
7.0682387,3.931041,9.4924,1.4142135,2,0.0,0.0,49.96
3.6,2.6361961,6.2208,1.4142135,2,0.0,0.0,12.96
8.373769,4.2643685,21.036,2.0,4,0.0,0.0,70.12
5.995999,3.6096199,3.5952,1.7320508,3,0.2,0.4472136,35.952
48.951668,7.782084,-317.1528,2.0,4,0.32,0.56568545,2396.2656
11.451463,4.8838315,-32.784,2.0,4,0.2,0.4472136,131.136
7.5884123,4.0704618,0.7198,1.4142135,2,0.2,0.4472136,57.584
3.0932183,2.3578305,3.4684,1.4142135,2,0.2,0.4472136,9.568
6.25076,3.690678,9.768,2.4494898,6,0.2,0.4472136,39.072
5.9924955,3.6084826,9.6957,1.7320508,3,0.0,0.0,35.91
13.414544,5.1982207,37.7895,2.236068,5,0.0,0.0,179.95
34.64067,7.09089,434.9913,1.7320508,3,0.2,0.4472136,1199.976
5.210566,3.3375473,13.3035,2.236068,5,0.0,0.0,27.15
31.686338,6.912767,-112.9527,2.6457512,7,0.2,0.4472136,1004.024
3.11127,2.368373,4.6464,1.0,1,0.0,0.0,9.68
5.324472,3.3792925,13.608,3.0,9,0.0,0.0,28.35
7.4819784,4.0427003,27.4302,1.0,1,0.0,0.0,55.98
36.56267,7.1988034,31.4548,3.6055512,13,0.15,0.38729835,1336.829
10.656829,4.7411685,-18.4548,1.4142135,2,0.2,0.4472136,113.568
11.826242,4.9477663,65.7342,2.6457512,7,0.0,0.0,139.86
17.525295,5.730541,26.8744,2.0,4,0.2,0.4472136,307.136
9.793876,4.573886,25.8984,2.828427,8,0.0,0.0,95.92
19.590815,5.9527235,38.38,2.236068,5,0.2,0.4472136,383.8
2.4041631,1.9139771,2.8322,1.0,1,0.0,0.0,5.78
3.0528674,2.3340838,2.7028,2.0,4,0.0,0.0,9.32
3.905125,2.7880929,7.015,1.0,1,0.0,0.0,15.25
14.026832,5.2870135,56.5662,2.4494898,6,0.2,0.4472136,196.752
7.5206385,4.052828,14.7056,2.0,4,0.0,0.0,56.56
5.7183914,3.5174978,8.502,1.7320508,3,0.0,0.0,32.7
29.434673,6.7655,225.264,2.0,4,0.0,0.0,866.4
5.329165,3.3809946,11.076,1.4142135,2,0.0,0.0,28.4
16.968206,5.6661496,138.2016,2.828427,8,0.0,0.0,287.92
8.366003,4.262539,30.0957,1.0,1,0.0,0.0,69.99
2.5830214,2.0375774,0.5004,2.4494898,6,0.2,0.4472136,6.672
13.769095,5.250114,-145.3508,1.4142135,2,0.7,0.83666,189.588
20.217419,6.0155325,76.6395,2.6457512,7,0.2,0.4472136,408.744
17.086838,5.680036,54.7425,2.236068,5,0.2,0.4472136,291.96
2.1835752,1.7523254,-0.7748,1.4142135,2,0.2,0.4472136,4.768
26.72639,6.572702,207.147,2.236068,5,0.0,0.0,714.3
2.193627,1.7599248,-3.6892,1.4142135,2,0.7,0.83666,4.812
15.741665,5.5166492,-18.585,2.236068,5,0.2,0.4472136,247.8
31.748686,6.916694,43.1991,1.7320508,3,0.3,0.5477226,1007.979
17.705593,5.750946,113.6394,2.6457512,7,0.2,0.4472136,313.488
5.6455293,3.4926212,11.5536,2.828427,8,0.2,0.4472136,31.872
14.416865,5.341597,2.3094,1.7320508,3,0.1,0.31622776,207.846
3.4957116,2.5817308,3.666,1.0,1,0.0,0.0,12.22
13.962091,5.2778087,23.3928,1.7320508,3,0.0,0.0,194.94
8.4231825,4.2759714,20.5755,1.7320508,3,0.0,0.0,70.95
9.558243,4.525694,42.0256,2.0,4,0.0,0.0,91.36
15.586533,5.4969225,29.1528,1.7320508,3,0.0,0.0,242.94
4.6957426,3.1376657,10.584,2.6457512,7,0.0,0.0,22.05
1.7058722,1.3635374,1.3677,1.0,1,0.0,0.0,2.91
7.7149205,4.102974,15.4752,1.7320508,3,0.0,0.0,59.52
12.725565,5.093382,9.7164,1.7320508,3,0.0,0.0,161.94
16.244383,5.579277,71.2476,2.4494898,6,0.0,0.0,263.88
5.5208697,3.4493525,7.9248,1.7320508,3,0.0,0.0,30.48
3.1368775,2.383243,2.8536,1.7320508,3,0.0,0.0,9.84
5.926213,3.5868468,9.1312,2.0,4,0.0,0.0,35.12
16.863096,5.6537657,-75.8304,1.4142135,2,0.4,0.6324555,284.364
25.795504,6.501902,66.5408,1.4142135,2,0.2,0.4472136,665.408
7.9924965,4.172539,24.9132,2.0,4,0.0,0.0,63.88
11.382794,4.8718944,-24.294,1.4142135,2,0.2,0.4472136,129.568
27.341507,6.618149,-96.1146,1.7320508,3,0.3,0.5477226,747.558
2.9879758,2.2953591,3.348,1.4142135,2,0.2,0.4472136,8.928
10.194116,4.6531982,36.372,2.0,4,0.0,0.0,103.92
29.9985,6.8034053,377.9622,3.0,9,0.0,0.0,899.91
7.1632395,3.9572258,18.6006,1.7320508,3,0.2,0.4472136,51.312
4.8538647,3.2011192,7.068,2.236068,5,0.2,0.4472136,23.56
35.67394,7.1496263,-814.4832,2.4494898,6,0.5,0.70710677,1272.63
5.337134,3.3838816,-20.889,2.236068,5,0.7,0.83666,28.485
13.615286,5.227766,-34.758,1.4142135,2,0.2,0.4472136,185.376
8.847146,4.3728848,5.8704,1.4142135,2,0.2,0.4472136,78.272
15.960702,5.544177,-312.0614,2.6457512,7,0.6,0.7745967,254.744
14.329438,5.32949,-36.2352,1.4142135,2,0.32,0.56568545,205.3328
2.18815,1.7557868,-7.9002,1.7320508,3,0.8,0.8944272,4.788
7.4484897,4.0338864,26.6304,1.0,1,0.0,0.0,55.48
18.46402,5.8345766,3.4092,1.7320508,3,0.0,0.0,340.92
14.921997,5.410154,10.4784,1.4142135,2,0.15,0.38729835,222.666
26.532394,6.558152,87.996,2.0,4,0.2,0.4472136,703.968
9.6187315,4.538175,24.9804,2.4494898,6,0.0,0.0,92.52
7.9151754,4.1533995,28.819,2.6457512,7,0.0,0.0,62.65
9.739097,4.5627847,45.528,2.236068,5,0.0,0.0,94.85
9.785704,4.5722337,7.182,2.4494898,6,0.2,0.4472136,95.76
6.340347,3.7184381,19.296,1.7320508,3,0.0,0.0,40.2
3.8340578,2.7536607,6.615,2.236068,5,0.0,0.0,14.7
26.537708,6.5585523,84.51,2.236068,5,0.0,0.0,704.25
3.0149627,2.311545,1.9089,1.7320508,3,0.0,0.0,9.09
2.4413111,1.9401795,1.6688,1.4142135,2,0.0,0.0,5.96
12.64832,5.08128,57.5928,1.4142135,2,0.0,0.0,159.98
5.440588,3.421,14.8,1.4142135,2,0.0,0.0,29.6
22.675207,6.2444873,-30.245,2.236068,5,0.15,0.38729835,514.165
16.732006,5.638212,17.4975,2.236068,5,0.2,0.4472136,279.96
52.306328,7.9146004,341.994,2.4494898,6,0.2,0.4472136,2735.952
2.8270125,2.1963353,0.5994,1.0,1,0.2,0.4472136,7.992
7.999,4.174141,10.3974,1.4142135,2,0.2,0.4472136,63.984
8.388564,4.2678494,6.1572,1.4142135,2,0.2,0.4472136,70.368
21.19316,6.109581,8.983,2.236068,5,0.0,0.0,449.15
3.3271608,2.4907231,5.0922,1.7320508,3,0.0,0.0,11.07
9.694328,4.553666,13.1572,1.4142135,2,0.0,0.0,93.98
13.779768,5.2516556,-94.941,1.7320508,3,0.4,0.6324555,189.882
10.267425,4.6673937,51.6558,1.4142135,2,0.0,0.0,105.42
10.93691,4.792612,40.3704,2.828427,8,0.2,0.4472136,119.616
15.992498,5.548142,81.8432,2.0,4,0.0,0.0,255.76
15.542458,5.491282,18.1176,1.4142135,2,0.2,0.4472136,241.568
8.324662,4.252772,22.869,3.0,9,0.0,0.0,69.3
4.7560487,3.1620939,-15.08,1.4142135,2,0.7,0.83666,22.62
3.8667817,2.7695842,-11.9616,1.4142135,2,0.7,0.83666,14.952
28.311975,6.6878166,50.098,1.4142135,2,0.2,0.4472136,801.568
1.5414279,1.2166916,-1.9008,1.7320508,3,0.7,0.83666,2.376
5.72643,3.520224,11.8871,1.0,1,0.2,0.4472136,32.792
3.9899874,2.8284965,5.373,2.236068,5,0.2,0.4472136,15.92
1.6552945,1.3190856,0.7398,1.0,1,0.0,0.0,2.74
2.8879058,2.2343063,2.1684,1.7320508,3,0.0,0.0,8.34
6.8366656,3.8657696,11.685,1.7320508,3,0.0,0.0,46.74
79.71794,8.757147,3177.475,2.236068,5,0.0,0.0,6354.95
11.238327,4.8465466,40.416,1.7320508,3,0.0,0.0,126.3
6.1676574,3.6645868,12.1728,1.4142135,2,0.0,0.0,38.04
2.6743224,2.0982633,0.7152,1.7320508,3,0.2,0.4472136,7.152
2.5748787,2.0320878,1.7901,1.7320508,3,0.0,0.0,6.63
2.4248712,1.9286187,1.7052,1.4142135,2,0.0,0.0,5.88
54.7718,8.006684,1379.977,2.236068,5,0.0,0.0,2999.95
7.1728654,3.9598603,13.8915,1.7320508,3,0.0,0.0,51.45
3.4583232,2.5618677,5.382,1.4142135,2,0.0,0.0,11.96
33.55622,7.0273323,56.301,1.7320508,3,0.0,0.0,1126.02
4.2885895,2.9648607,5.2877,1.0,1,0.2,0.4472136,18.392
11.382794,4.8718944,-25.9136,1.4142135,2,0.2,0.4472136,129.568
3.7565942,2.7154891,-21.168,3.0,9,0.8,0.8944272,14.112
14.52515,5.356492,21.098,1.4142135,2,0.0,0.0,210.98
7.428055,4.0284896,-12.4146,1.7320508,3,0.2,0.4472136,55.176
8.140024,4.2085657,27.1666,1.4142135,2,0.0,0.0,66.26
4.7116876,3.1441522,10.434,2.236068,5,0.0,0.0,22.2
26.152475,6.529349,42.747,1.7320508,3,0.2,0.4472136,683.952
6.7598815,3.8436584,5.1408,1.7320508,3,0.2,0.4472136,45.696
6.027935,3.619958,-7.2672,1.7320508,3,0.2,0.4472136,36.336
25.81178,6.503162,-149.9058,1.0,1,0.2,0.4472136,666.248
7.246516,3.9799058,19.692,2.4494898,6,0.2,0.4472136,52.512
13.810142,5.256036,11.92,1.0,1,0.2,0.4472136,190.72
6.9238715,3.890595,2.397,1.7320508,3,0.0,0.0,47.94
31.304153,6.8885217,274.386,2.236068,5,0.0,0.0,979.95
4.769696,3.1675825,11.375,2.236068,5,0.0,0.0,22.75
4.094875,2.877399,1.4672,1.4142135,2,0.2,0.4472136,16.768
6.5280933,3.775424,-68.1856,2.6457512,7,0.8,0.8944272,42.616
3.2790244,2.4640234,3.36,2.0,4,0.2,0.4472136,10.752
12.366891,5.036563,41.2938,1.7320508,3,0.0,0.0,152.94
16.849926,5.6522083,70.98,2.0,4,0.0,0.0,283.92
21.654099,6.1525197,206.316,2.4494898,6,0.0,0.0,468.9
19.515738,5.9450645,38.0864,2.828427,8,0.2,0.4472136,380.864
25.431791,6.473545,-145.5246,3.0,9,0.2,0.4472136,646.776
7.6231227,4.079434,7.264,1.4142135,2,0.2,0.4472136,58.112
10.039522,4.6229315,6.2995,1.0,1,0.2,0.4472136,100.792
8.130929,4.2063627,-84.2928,2.0,4,0.6,0.7745967,66.112
6.4249516,3.7443142,13.932,2.4494898,6,0.2,0.4472136,41.28
3.6551335,2.6644466,6.4128,1.4142135,2,0.0,0.0,13.36
15.819987,5.526536,15.642,3.0,9,0.2,0.4472136,250.272
3.3710532,2.514789,-17.046,1.7320508,3,0.8,0.8944272,11.364
2.9529645,2.2741857,-1.744,2.236068,5,0.2,0.4472136,8.72
33.48982,7.023374,0.0,1.4142135,2,0.2,0.4472136,1121.568
5.8740106,3.5696454,6.0382,1.0,1,0.2,0.4472136,34.504
3.2899847,2.4701314,2.5707,1.7320508,3,0.2,0.4472136,10.824
35.996944,7.1676397,310.9872,1.4142135,2,0.0,0.0,1295.78
4.410896,3.0182762,3.4048,2.0,4,0.2,0.4472136,19.456
4.549725,3.0773122,9.936,1.4142135,2,0.0,0.0,20.7
36.546955,7.197944,-217.048,2.0,4,0.2,0.4472136,1335.68
5.6920996,3.508556,15.552,2.236068,5,0.0,0.0,32.4
6.5268674,3.775057,16.614,1.7320508,3,0.0,0.0,42.6
9.168206,4.44331,27.3182,2.6457512,7,0.2,0.4472136,84.056
3.6055512,2.6390574,1.3,2.236068,5,0.2,0.4472136,13.0
3.623258,2.6481586,3.7743,1.7320508,3,0.2,0.4472136,13.128
1.9899749,1.6014057,0.0,1.4142135,2,0.0,0.0,3.96
1.6155494,1.2837077,1.2006,1.0,1,0.0,0.0,2.61
19.348799,5.927928,46.797,1.7320508,3,0.2,0.4472136,374.376
9.583319,4.5308776,45.0016,2.828427,8,0.0,0.0,91.84
9.004888,4.4077916,27.3672,2.6457512,7,0.2,0.4472136,81.088
4.4090815,3.0174937,9.3312,1.7320508,3,0.0,0.0,19.44
21.24034,6.1140184,0.0,1.7320508,3,0.2,0.4472136,451.152
8.511757,4.296605,34.776,2.6457512,7,0.0,0.0,72.45
3.7363083,2.70538,6.4216,2.0,4,0.0,0.0,13.96
5.767495,3.5340953,11.2266,2.6457512,7,0.2,0.4472136,33.264
3.8535697,2.7631695,4.0095,1.7320508,3,0.0,0.0,14.85
2.9698484,2.2844212,2.3814,1.7320508,3,0.0,0.0,8.82
12.677539,5.0858665,78.7528,3.7416575,14,0.0,0.0,160.72
4.463183,3.0407057,9.7608,2.0,4,0.0,0.0,19.92
2.7018511,2.1162555,2.19,1.4142135,2,0.0,0.0,7.3
8.349371,4.2586155,8.714,1.4142135,2,0.2,0.4472136,69.712
2.9651308,2.2815657,-5.7148,1.0,1,0.6,0.7745967,8.792
7.1777434,3.961194,1.5456,2.0,4,0.0,0.0,51.52
21.688154,6.155656,52.9173,1.7320508,3,0.2,0.4472136,470.376
10.275408,4.6689334,9.2386,1.4142135,2,0.2,0.4472136,105.584
5.5813975,3.4704747,3.5046,1.7320508,3,0.2,0.4472136,31.152
2.6044192,2.0519419,-4.7481,2.6457512,7,0.7,0.83666,6.783
20.158571,6.009717,30.4776,2.0,4,0.2,0.4472136,406.368
8.424963,4.276388,4.9686,1.0,1,0.0,0.0,70.98
17.173527,5.690123,144.5157,1.7320508,3,0.0,0.0,294.93
9.207823,4.4518323,-20.1362,1.4142135,2,0.2,0.4472136,84.784
4.55368,3.07897,7.2576,2.0,4,0.2,0.4472136,20.736
4.1013412,2.8803775,-12.8961,1.7320508,3,0.7,0.83666,16.821
3.2199378,2.4308023,3.6288,1.4142135,2,0.2,0.4472136,10.368
3.0567956,2.3364067,1.168,1.4142135,2,0.2,0.4472136,9.344
5.585696,3.4719665,9.75,1.7320508,3,0.2,0.4472136,31.2
8.724678,4.3453627,22.0748,1.4142135,2,0.0,0.0,76.12
34.64067,7.09089,434.9913,1.7320508,3,0.2,0.4472136,1199.976
21.117765,6.102469,55.745,2.236068,5,0.2,0.4472136,445.96
18.104143,5.795328,91.7728,2.828427,8,0.0,0.0,327.76
3.4105718,2.5362332,1.0178,1.4142135,2,0.2,0.4472136,11.632
11.99925,4.9766097,-28.7964,1.7320508,3,0.4,0.6324555,143.982
22.234568,6.205317,-115.3544,2.0,4,0.4,0.6324555,494.376
2.4166093,1.9227878,0.73,1.4142135,2,0.2,0.4472136,5.84
11.948891,4.9682565,17.847,1.0,1,0.2,0.4472136,142.776
6.7598815,3.8436584,5.1408,1.7320508,3,0.2,0.4472136,45.696
2.6866336,2.1063268,-5.5338,1.7320508,3,0.7,0.83666,7.218
6.571758,3.7884533,-31.6712,2.0,4,0.7,0.83666,43.188
11.484946,4.889627,47.8152,1.7320508,3,0.2,0.4472136,131.904
1.811629,1.4544202,-2.6256,1.4142135,2,0.7,0.83666,3.282
4.6008697,3.0986497,2.3814,3.0,9,0.2,0.4472136,21.168
7.4288626,4.028703,-10.1178,1.4142135,2,0.4,0.6324555,55.188
19.22436,5.9150586,41.5773,1.7320508,3,0.2,0.4472136,369.576
3.9638364,2.816127,5.6956,2.0,4,0.2,0.4472136,15.712
2.9065444,2.245803,2.64,1.4142135,2,0.2,0.4472136,8.448
26.999,6.5929704,-157.9383,3.0,9,0.4,0.6324555,728.946
10.951713,4.795295,15.992,3.1622777,10,0.4,0.6324555,119.94
1.9099739,1.536437,-2.7968,1.4142135,2,0.7,0.83666,3.648
6.3623896,3.7252114,15.7872,1.4142135,2,0.0,0.0,40.48
3.1527765,2.3924258,3.0814,1.4142135,2,0.0,0.0,9.94
10.364555,4.6860495,33.57,3.0,9,0.2,0.4472136,107.424
6.1571097,3.6612513,10.9939,1.0,1,0.0,0.0,37.91
9.381898,4.488861,27.2862,1.7320508,3,0.0,0.0,88.02
2.9478805,2.2710943,-14.773,2.236068,5,0.8,0.8944272,8.69
17.376997,5.7136006,87.5684,1.4142135,2,0.0,0.0,301.96
23.562895,6.321146,178.901,2.236068,5,0.1,0.31622776,555.21
22.879684,6.2624073,130.87,2.0,4,0.0,0.0,523.48
12.720849,5.092645,46.9278,3.0,9,0.0,0.0,161.82
5.9632206,3.5989547,12.0904,2.6457512,7,0.0,0.0,35.56
9.856977,4.586599,28.1764,1.4142135,2,0.0,0.0,97.16
3.9038444,2.7874773,5.1435,2.236068,5,0.2,0.4472136,15.24
3.6373067,2.6553524,6.0858,1.7320508,3,0.0,0.0,13.23
15.600769,5.4987407,-51.7191,1.7320508,3,0.2,0.4472136,243.384
10.945318,4.794136,29.95,2.236068,5,0.2,0.4472136,119.8
17.342665,5.7096586,30.0768,2.0,4,0.2,0.4472136,300.768
4.228475,2.9381032,2.4585,1.7320508,3,0.2,0.4472136,17.88
15.360469,5.467824,85.5297,1.7320508,3,0.2,0.4472136,235.944
19.822714,5.9761987,43.2234,1.7320508,3,0.0,0.0,392.94
4.345342,2.9898148,-13.8468,1.7320508,3,0.7,0.83666,18.882
11.060199,4.8148475,12.2328,1.7320508,3,0.2,0.4472136,122.328
32.391357,6.956736,272.792,2.236068,5,0.0,0.0,1049.2
3.92734,2.7987437,5.0128,2.0,4,0.2,0.4472136,15.424
4.340507,2.9877,6.0288,1.7320508,3,0.0,0.0,18.84
18.176908,5.803326,85.904,1.4142135,2,0.0,0.0,330.4
5.1234756,3.3050535,12.6,2.6457512,7,0.0,0.0,26.25
11.511733,4.8942513,54.3332,2.0,4,0.0,0.0,132.52
2.5455844,2.0122328,3.1752,1.0,1,0.0,0.0,6.48
14.467204,5.348535,56.511,1.4142135,2,0.0,0.0,209.3
5.617829,3.4830844,9.8625,2.236068,5,0.2,0.4472136,31.56
5.490355,3.4386215,3.0144,1.4142135,2,0.2,0.4472136,30.144
3.847077,2.76001,6.068,2.0,4,0.0,0.0,14.8
17.388962,5.714973,22.6782,1.7320508,3,0.2,0.4472136,302.376
17.776388,5.7589016,31.6,2.0,4,0.0,0.0,316.0
19.478193,5.941223,178.318,3.1622777,10,0.0,0.0,379.4
9.890399,4.5933,45.9754,1.4142135,2,0.0,0.0,97.82
10.154801,4.645544,10.312,2.828427,8,0.0,0.0,103.12
10.656078,4.741029,8.5164,1.4142135,2,0.2,0.4472136,113.552
1.8215379,1.4627923,-2.6544,1.4142135,2,0.7,0.83666,3.318
11.58827,4.907406,45.3222,1.4142135,2,0.2,0.4472136,134.288
26.483429,6.5544634,-50.098,1.4142135,2,0.3,0.5477226,701.372
1.5192103,1.1963438,-3.462,1.4142135,2,0.8,0.8944272,2.308
31.613794,6.9081874,124.929,2.6457512,7,0.2,0.4472136,999.432
26.908735,6.586282,-135.765,3.7416575,14,0.2,0.4472136,724.08
30.311466,6.82414,-118.1295,2.236068,5,0.3,0.5477226,918.785
1.6504545,1.3147984,-4.2222,1.7320508,3,0.8,0.8944272,2.724
21.446445,6.13329,18.398,2.236068,5,0.0,0.0,459.95
3.277194,2.4630017,5.2626,1.7320508,3,0.0,0.0,10.74
4.874423,3.2092295,2.079,1.7320508,3,0.2,0.4472136,23.76
9.222581,4.454998,28.7064,1.7320508,3,0.2,0.4472136,85.056
19.53397,5.9469275,28.6182,1.7320508,3,0.2,0.4472136,381.576
5.5099907,3.4455333,8.7285,2.236068,5,0.2,0.4472136,30.36
4.896529,3.2179153,-14.3856,1.7320508,3,0.6,0.7745967,23.976
10.436714,4.699798,-71.8905,1.0,1,0.5,0.70710677,108.925
6.029262,3.6203864,11.36,2.828427,8,0.2,0.4472136,36.352
4.422669,3.0233474,1.7115,2.236068,5,0.2,0.4472136,19.56
7.838367,4.1342063,16.5888,1.7320508,3,0.0,0.0,61.44
6.2369866,3.6863763,17.505,2.236068,5,0.0,0.0,38.9
9.969454,4.6090627,40.7499,1.7320508,3,0.0,0.0,99.39
1.6395122,1.3050843,-7.392,1.7320508,3,0.8,0.8944272,2.688
5.2740874,3.3609307,4.5201,1.7320508,3,0.2,0.4472136,27.816
9.084272,4.425134,-41.262,1.7320508,3,0.6,0.7745967,82.524
13.527528,5.2149034,-320.2395,1.7320508,3,0.8,0.8944272,182.994
3.7884033,2.7312458,4.6644,1.7320508,3,0.2,0.4472136,14.352
8.059776,4.1890483,2.5984,1.4142135,2,0.0,0.0,64.96
8.282512,4.2427645,18.522,2.0,4,0.0,0.0,68.6
89.442604,8.987319,-3839.9905,2.0,4,0.5,0.70710677,7999.98
12.939861,5.1265798,14.651,1.4142135,2,0.2,0.4472136,167.44
21.908218,6.175805,163.1898,1.7320508,3,0.0,0.0,479.97
3.8236108,2.748552,6.8714,1.4142135,2,0.0,0.0,14.62
4.4090815,3.0174937,9.3312,1.7320508,3,0.0,0.0,19.44
13.855829,5.262607,4.7996,1.4142135,2,0.2,0.4472136,191.984
10.198529,4.6540556,14.5614,1.0,1,0.0,0.0,104.01
16.876612,5.655362,74.0532,1.0,1,0.0,0.0,284.82
6.0695963,3.6333668,10.3152,1.7320508,3,0.0,0.0,36.84
12.893409,5.11943,24.936,1.0,1,0.0,0.0,166.24
5.7792735,3.5380566,16.032,2.236068,5,0.0,0.0,33.4
14.080909,5.2946706,17.3488,2.828427,8,0.2,0.4472136,198.272
6.8818603,3.878673,17.76,2.0,4,0.2,0.4472136,47.36
14.176883,5.3081884,62.8075,2.6457512,7,0.2,0.4472136,200.984
9.884129,4.5920444,31.7512,2.0,4,0.2,0.4472136,97.696
1.64195,1.3072511,0.8088,1.0,1,0.2,0.4472136,2.696
4.3113804,2.9749172,-13.6312,1.4142135,2,0.7,0.83666,18.588
2.2126906,1.7742741,-3.4272,1.7320508,3,0.7,0.83666,4.896
3.8822675,2.7770786,4.1448,1.7320508,3,0.2,0.4472136,15.072
14.487236,5.3512893,35.6796,1.7320508,3,0.0,0.0,209.88
19.233097,5.9159646,-13.8717,1.7320508,3,0.2,0.4472136,369.912
3.2199378,2.4308023,3.6288,1.4142135,2,0.2,0.4472136,10.368
12.916656,5.123011,18.7695,2.236068,5,0.2,0.4472136,166.84
3.9007692,2.7859983,2.2824,1.0,1,0.2,0.4472136,15.216
10.952625,4.7954597,52.7824,2.0,4,0.0,0.0,119.96
29.730793,6.785497,-110.49,2.236068,5,0.2,0.4472136,883.92
6.835203,3.8653505,15.768,2.828427,8,0.2,0.4472136,46.72
7.4484897,4.0338864,26.6304,1.0,1,0.0,0.0,55.48
4.944492,3.236637,8.8624,2.0,4,0.2,0.4472136,24.448
16.773193,5.643112,109.7226,2.4494898,6,0.0,0.0,281.34
17.549358,5.7332764,89.3142,1.4142135,2,0.0,0.0,307.98
17.319641,5.7070107,113.9886,1.7320508,3,0.0,0.0,299.97
4.463183,3.0407057,6.972,2.236068,5,0.2,0.4472136,19.92
3.1527765,2.3924258,3.0814,1.4142135,2,0.0,0.0,9.94
10.15165,4.6449294,24.4758,1.7320508,3,0.2,0.4472136,103.056
7.7335634,4.1077213,19.4376,1.7320508,3,0.2,0.4472136,59.808
8.56271,4.30838,21.996,2.4494898,6,0.0,0.0,73.32
12.11693,4.9959955,73.41,1.7320508,3,0.0,0.0,146.82
40.656364,7.4109154,231.4116,1.7320508,3,0.0,0.0,1652.94
17.2154,5.6949773,80.0199,1.7320508,3,0.0,0.0,296.37
11.398246,4.8745866,21.112,2.236068,5,0.2,0.4472136,129.92
6.7515926,3.841257,5.1282,2.6457512,7,0.2,0.4472136,45.584
4.1914196,2.9214396,6.3684,1.4142135,2,0.2,0.4472136,17.568
7.4827805,4.042911,5.5992,1.0,1,0.2,0.4472136,55.992
13.517396,5.213413,84.0512,2.828427,8,0.0,0.0,182.72
20.0008,5.9940414,-153.3456,1.4142135,2,0.4,0.6324555,400.032
5.799138,3.5447204,10.089,1.7320508,3,0.0,0.0,33.63
23.294764,6.2982984,102.4998,1.7320508,3,0.1,0.31622776,542.646
2.50998,1.9878744,3.024,1.4142135,2,0.0,0.0,6.3
15.586533,5.4969225,9.7176,1.7320508,3,0.0,0.0,242.94
13.41529,5.1983314,86.3856,1.7320508,3,0.0,0.0,179.97
9.984789,4.612106,33.6474,2.4494898,6,0.2,0.4472136,99.696
5.285452,3.3650866,9.4284,2.0,4,0.2,0.4472136,27.936
9.21846,4.454115,18.6956,1.0,1,0.0,0.0,84.98
4.3266616,2.9816334,6.552,2.236068,5,0.2,0.4472136,18.72
7.0696535,3.9314334,8.4966,1.4142135,2,0.0,0.0,49.98
3.4327831,2.5481944,4.2717,1.7320508,3,0.2,0.4472136,11.784
16.51472,5.612164,-64.7748,1.7320508,3,0.2,0.4472136,272.736
1.8814888,1.512927,-5.487,1.4142135,2,0.8,0.8944272,3.54
7.1777434,3.961194,-10.948,2.236068,5,0.2,0.4472136,51.52
1.8782971,1.5102804,1.1466,1.0,1,0.2,0.4472136,3.528
2.150349,1.7270432,1.6762,1.0,1,0.2,0.4472136,4.624
7.4275165,4.028347,6.2064,2.0,4,0.2,0.4472136,55.168
23.814281,6.342333,-28.356,3.1622777,10,0.2,0.4472136,567.12
18.955738,5.8869925,7.1864,2.0,4,0.0,0.0,359.32
3.4629467,2.5643337,0.8994,1.0,1,0.2,0.4472136,11.992
7.6190553,4.0783844,26.703,1.7320508,3,0.0,0.0,58.05
12.559459,5.0672674,56.7864,3.3166249,11,0.0,0.0,157.74
7.5485096,4.060098,22.792,2.6457512,7,0.0,0.0,56.98
1.6970563,1.3558352,1.4112,1.0,1,0.0,0.0,2.88
34.64067,7.09089,374.9925,1.7320508,3,0.2,0.4472136,1199.976
8.939798,4.393461,28.7712,2.0,4,0.0,0.0,79.92
19.581573,5.9517827,-167.3184,2.0,4,0.45,0.6708204,383.438
4.955805,3.2410285,6.8768,1.4142135,2,0.0,0.0,24.56
10.945318,4.794136,47.92,2.0,4,0.0,0.0,119.8
3.623258,2.6481586,4.2666,1.7320508,3,0.2,0.4472136,13.128
4.76655,3.1663187,10.224,2.0,4,0.0,0.0,22.72
7.636753,4.0829463,27.9936,3.0,9,0.0,0.0,58.32
3.5199432,2.5945082,5.6994,1.7320508,3,0.0,0.0,12.39
10.3914385,4.6911826,-26.9955,1.7320508,3,0.4,0.6324555,107.982
3.3704598,2.5144656,5.3392,1.4142135,2,0.0,0.0,11.36
7.1372266,3.9500892,25.47,1.7320508,3,0.0,0.0,50.94
25.431084,6.4734893,258.696,2.4494898,6,0.0,0.0,646.74
2.3748684,1.893112,2.7072,1.7320508,3,0.0,0.0,5.64
23.928644,6.3518972,34.3548,2.4494898,6,0.0,0.0,572.58
17.63179,5.7426186,23.316,1.4142135,2,0.2,0.4472136,310.88
25.33693,6.4660826,179.7488,1.4142135,2,0.0,0.0,641.96
4.2755117,2.9590683,9.14,1.4142135,2,0.0,0.0,18.28
14.387495,5.3375382,51.75,1.7320508,3,0.0,0.0,207.0
5.687706,3.5070577,16.175,2.236068,5,0.0,0.0,32.35
2.7766886,2.1644719,3.4695,1.0,1,0.0,0.0,7.71
6.348228,3.7208624,10.881,1.4142135,2,0.0,0.0,40.3
5.880476,3.5717838,14.5236,2.6457512,7,0.0,0.0,34.58
5.723635,3.5192766,3.6855,2.6457512,7,0.2,0.4472136,32.76
23.323978,6.3008003,40.8006,1.7320508,3,0.2,0.4472136,544.008
7.7420926,4.10989,28.1718,1.7320508,3,0.0,0.0,59.94
4.8908076,3.2156706,11.7208,2.0,4,0.0,0.0,23.92
2.0688162,1.6639261,1.926,1.0,1,0.0,0.0,4.28
5.6630383,3.4986265,-22.449,2.236068,5,0.7,0.83666,32.07
4.8989797,3.218876,-2.7,1.4142135,2,0.2,0.4472136,24.0
5.9573483,3.5970383,-15.6156,1.0,1,0.5,0.70710677,35.49
6.927048,3.8914938,0.5998,1.4142135,2,0.2,0.4472136,47.984
13.663455,5.2347918,87.7443,1.7320508,3,0.0,0.0,186.69
4.1780376,2.9153895,5.8914,1.4142135,2,0.2,0.4472136,17.456
18.679615,5.8577275,34.8928,1.4142135,2,0.2,0.4472136,348.928
11.998333,4.976458,69.1008,2.0,4,0.0,0.0,143.96
3.9268308,2.7985,4.1634,1.0,1,0.0,0.0,15.42
6.5604877,3.7850983,21.0896,2.828427,8,0.0,0.0,43.04
18.246643,5.8109612,79.9056,1.7320508,3,0.0,0.0,332.94
36.931828,7.21888,85.2475,2.236068,5,0.2,0.4472136,1363.96
3.1559467,2.3942523,4.5816,1.4142135,2,0.0,0.0,9.96
4.660472,3.1232455,10.6428,2.0,4,0.0,0.0,21.72
4.489989,3.0521126,9.8784,2.6457512,7,0.0,0.0,20.16
11.523455,4.896271,63.7392,2.6457512,7,0.0,0.0,132.79
3.6,2.6361961,6.2208,1.4142135,2,0.0,0.0,12.96
4.643275,3.1161785,10.3488,2.6457512,7,0.0,0.0,21.56
16.849926,5.6522083,17.745,2.236068,5,0.2,0.4472136,283.92
4.71487,3.1454446,7.3359,1.0,1,0.0,0.0,22.23
14.695849,5.37975,18.8972,1.4142135,2,0.2,0.4472136,215.968
18.849934,5.875829,99.4896,3.0,9,0.0,0.0,355.32
3.6,2.6361961,6.2208,1.4142135,2,0.0,0.0,12.96
4.2755117,2.9590683,6.2152,1.4142135,2,0.0,0.0,18.28
6.5708447,3.7881815,4.3176,1.7320508,3,0.2,0.4472136,43.176
44.541756,7.593358,247.996,2.0,4,0.2,0.4472136,1983.968
5.329165,3.3809946,11.076,1.4142135,2,0.0,0.0,28.4
12.246223,5.0170813,50.9898,1.7320508,3,0.0,0.0,149.97
3.3941126,2.5273273,3.2256,2.0,4,0.0,0.0,11.52
36.0354,7.169773,311.652,2.236068,5,0.0,0.0,1298.55
14.626004,5.370266,62.0368,2.0,4,0.0,0.0,213.92
5.0774007,3.2876554,2.578,1.4142135,2,0.0,0.0,25.78
4.2755117,2.9590683,6.2152,1.4142135,2,0.0,0.0,18.28
37.415638,7.2448916,601.9699,2.6457512,7,0.0,0.0,1399.93
7.2,3.9672685,24.8832,2.828427,8,0.0,0.0,51.84
2.3117094,1.8475095,1.8704,1.0,1,0.2,0.4472136,5.344
6.4398756,3.748845,14.5152,2.828427,8,0.2,0.4472136,41.472
1.7798877,1.4274364,-2.4288,1.7320508,3,0.7,0.83666,3.168
35.049465,7.1143346,0.0,2.236068,5,0.3,0.5477226,1228.465
5.575482,3.4684198,-22.7964,1.7320508,3,0.7,0.83666,31.086
18.317205,5.8186574,117.432,2.0,4,0.2,0.4472136,335.52
15.490965,5.4846725,71.991,1.7320508,3,0.0,0.0,239.97
3.133688,2.3813963,4.8118,1.4142135,2,0.0,0.0,9.82
8.234076,4.2312036,4.068,2.0,4,0.0,0.0,67.8
12.960324,5.129721,40.3128,1.7320508,3,0.0,0.0,167.97
5.91608,3.583519,16.8,2.6457512,7,0.0,0.0,35.0
6.1024585,3.643882,10.7996,2.0,4,0.0,0.0,37.24
3.9089642,2.7899373,7.4872,1.4142135,2,0.0,0.0,15.28
17.376997,5.7136006,90.588,1.4142135,2,0.0,0.0,301.96
13.440982,5.202137,50.5848,1.7320508,3,0.0,0.0,180.66
13.855684,5.2625866,51.8346,1.4142135,2,0.0,0.0,191.98
8.123423,4.2045436,17.1574,1.0,1,0.0,0.0,65.99
5.934307,3.589501,2.6412,1.4142135,2,0.2,0.4472136,35.216
4.8678536,3.2066412,6.5164,1.4142135,2,0.2,0.4472136,23.696
16.293404,5.5852804,-111.4995,1.0,1,0.5,0.70710677,265.475
7.1542993,3.954776,-79.3352,2.0,4,0.8,0.8944272,51.184
3.1086974,2.3668735,3.2616,1.4142135,2,0.2,0.4472136,9.664
4.590425,3.0943098,1.5804,1.7320508,3,0.2,0.4472136,21.072
7.77496,4.1182237,16.3215,1.7320508,3,0.0,0.0,60.45
3.3941126,2.5273273,3.3408,2.0,4,0.0,0.0,11.52
13.639941,5.231365,9.3024,2.0,4,0.2,0.4472136,186.048
6.1188235,3.6490986,11.7,2.0,4,0.2,0.4472136,37.44
5.1938424,3.331347,8.7672,2.0,4,0.2,0.4472136,26.976
3.3704598,2.5144656,3.2944,1.4142135,2,0.0,0.0,11.36
3.8236108,2.748552,6.8714,1.4142135,2,0.0,0.0,14.62
9.149863,4.4393516,23.4416,2.6457512,7,0.0,0.0,83.72
16.968796,5.666219,77.7438,1.7320508,3,0.0,0.0,287.94
6.9925675,3.909941,8.5568,2.0,4,0.2,0.4472136,48.896
10.740578,4.756689,49.6048,2.6457512,7,0.0,0.0,115.36
2.2715633,1.8180767,1.3416,1.4142135,2,0.0,0.0,5.16
6.235383,3.685875,18.6624,2.4494898,6,0.0,0.0,38.88
13.633781,5.230467,50.1876,2.4494898,6,0.0,0.0,185.88
6.6678333,3.8168328,14.6718,1.4142135,2,0.0,0.0,44.46
15.586533,5.4969225,9.7176,1.7320508,3,0.0,0.0,242.94
6.321392,3.712596,18.7812,1.4142135,2,0.0,0.0,39.96
10.1143465,4.637637,26.598,3.1622777,10,0.0,0.0,102.3
4.621688,3.1072736,5.7672,1.4142135,2,0.0,0.0,21.36
2.758623,2.1529243,3.5767,1.0,1,0.0,0.0,7.61
2.6758177,2.099244,3.58,1.4142135,2,0.0,0.0,7.16
2.712932,2.1234584,0.1472,1.4142135,2,0.0,0.0,7.36
4.806246,3.1822119,10.626,1.4142135,2,0.0,0.0,23.1
13.83734,5.2599506,40.6878,2.4494898,6,0.2,0.4472136,191.472
2.2908514,1.8322614,0.5904,1.4142135,2,0.2,0.4472136,5.248
7.693114,4.0974064,5.1786,1.4142135,2,0.2,0.4472136,59.184
1.7,1.3584092,1.3583,1.0,1,0.0,0.0,2.89
7.206941,3.9691591,21.2954,1.0,1,0.0,0.0,51.94
3.991992,2.8294415,5.1792,2.0,4,0.2,0.4472136,15.936
6.7014923,3.826683,-35.928,2.4494898,6,0.7,0.83666,44.91
33.78565,7.040948,-760.98,2.236068,5,0.7,0.83666,1141.47
16.756552,5.641134,-46.797,1.7320508,3,0.4,0.6324555,280.782
5.8685603,3.567841,17.22,1.7320508,3,0.0,0.0,34.44
3.3704598,2.5144656,5.2256,1.4142135,2,0.0,0.0,11.36
10.312323,4.6760387,37.2204,2.6457512,7,0.2,0.4472136,106.344
13.862179,5.263519,67.256,2.236068,5,0.2,0.4472136,192.16
17.96079,5.779477,64.518,1.7320508,3,0.0,0.0,322.59
5.4763126,3.4336646,13.1956,1.0,1,0.0,0.0,29.99
19.286524,5.921498,66.9546,1.7320508,3,0.0,0.0,371.97
2.4273443,1.9303613,-4.1244,2.0,4,0.7,0.83666,5.892
8.274781,4.240924,23.1093,1.7320508,3,0.2,0.4472136,68.472
35.254787,7.126007,262.39,2.236068,5,0.1,0.31622776,1242.9
5.553377,3.4607234,8.3268,1.4142135,2,0.0,0.0,30.84
3.671512,2.6727684,5.9312,2.0,4,0.0,0.0,13.48
5.6035705,3.4781585,10.048,2.236068,5,0.0,0.0,31.4
4.1785164,2.9156063,5.9364,1.4142135,2,0.0,0.0,17.46
3.7341666,2.70431,4.5318,1.7320508,3,0.2,0.4472136,13.944
9.152049,4.4398236,1.6752,3.4641016,12,0.0,0.0,83.76
6.1367745,3.6548054,18.4534,2.6457512,7,0.0,0.0,37.66
5.8889728,3.5745902,16.9932,2.4494898,6,0.0,0.0,34.68
12.245407,5.0169487,14.995,2.236068,5,0.0,0.0,149.95
7.1632395,3.9572258,18.6006,1.7320508,3,0.2,0.4472136,51.312
2.1307275,1.7119945,2.043,1.0,1,0.0,0.0,4.54
3.9899874,2.8284965,5.4128,2.0,4,0.0,0.0,15.92
23.322092,6.300639,135.98,2.828427,8,0.0,0.0,543.92
12.482788,5.0550985,42.0714,2.6457512,7,0.0,0.0,155.82
8.367079,4.2627926,24.5028,1.7320508,3,0.2,0.4472136,70.008
3.9557552,2.8122902,5.0856,1.4142135,2,0.2,0.4472136,15.648
10.178409,4.6501436,51.8,2.6457512,7,0.0,0.0,103.6
6.8527365,3.8703673,22.5408,2.828427,8,0.0,0.0,46.96
2.983957,2.2929387,-6.5296,1.4142135,2,0.7,0.83666,8.904
3.231099,2.437116,3.393,2.236068,5,0.2,0.4472136,10.44
4.2820554,2.9619687,-32.088,2.0,4,0.8,0.8944272,18.336
17.999332,5.7837515,20.2485,1.7320508,3,0.2,0.4472136,323.976
4.476606,3.0464253,9.6192,1.7320508,3,0.0,0.0,20.04
8.059776,4.1890483,2.5984,1.4142135,2,0.0,0.0,64.96
3.6,2.6361961,6.2208,1.4142135,2,0.0,0.0,12.96
17.975985,5.781163,12.1176,2.0,4,0.2,0.4472136,323.136
9.535723,4.5210276,2.7279,2.6457512,7,0.0,0.0,90.93
7.264709,3.9848273,19.791,1.7320508,3,0.2,0.4472136,52.776
34.63813,7.090743,323.946,2.0,4,0.0,0.0,1199.8
43.917877,7.565161,829.3754,2.6457512,7,0.0,0.0,1928.78
18.771788,5.867544,81.0474,1.4142135,2,0.0,0.0,352.38
4.7116876,3.1441522,9.102,2.4494898,6,0.0,0.0,22.2
6.8512774,3.8699503,19.2454,1.0,1,0.0,0.0,46.94
11.988745,4.9748697,56.0547,3.0,9,0.0,0.0,143.73
9.995899,4.6143084,-18.5562,1.4142135,2,0.3,0.5477226,99.918
28.247902,6.683291,-56.996,2.0,4,0.3,0.5477226,797.944
2.9271147,2.2584243,-14.5656,1.7320508,3,0.8,0.8944272,8.568
12.220965,5.012979,50.4063,1.7320508,3,0.2,0.4472136,149.352
3.6044416,2.6384857,-0.812,1.0,1,0.2,0.4472136,12.992
4.955805,3.2410285,6.8768,1.4142135,2,0.0,0.0,24.56
9.227134,4.455974,34.9074,1.7320508,3,0.0,0.0,85.14
4.6893497,3.1350594,10.5552,1.0,1,0.0,0.0,21.99
20.164326,6.0102863,113.848,2.236068,5,0.0,0.0,406.6
29.009792,6.7364545,294.5488,1.4142135,2,0.2,0.4472136,841.568
3.9436023,2.8065069,5.4432,1.7320508,3,0.2,0.4472136,15.552
15.874508,5.5333896,53.55,2.236068,5,0.2,0.4472136,252.0
6.797058,3.854394,12.936,2.0,4,0.0,0.0,46.2
5.370289,3.3958497,9.5172,1.4142135,2,0.0,0.0,28.84
3.8199477,2.746758,2.5536,1.7320508,3,0.2,0.4472136,14.592
9.47924,4.509276,21.3408,1.7320508,3,0.2,0.4472136,89.856
3.7245133,2.6994803,5.0286,1.7320508,3,0.2,0.4472136,13.872
3.4917045,2.5796106,4.1148,1.7320508,3,0.2,0.4472136,12.192
6.7123766,3.829858,15.2064,2.828427,8,0.2,0.4472136,45.056
5.4514217,3.4248488,-21.7932,2.4494898,6,0.7,0.83666,29.718
3.9436023,2.8065069,5.4432,1.7320508,3,0.2,0.4472136,15.552
21.158829,6.1063457,33.5772,1.4142135,2,0.2,0.4472136,447.696
12.648715,5.081342,54.3966,1.0,1,0.0,0.0,159.99
3.6,2.6361961,6.2208,1.4142135,2,0.0,0.0,12.96
11.596551,4.908824,34.9648,2.0,4,0.0,0.0,134.48
4.1376324,2.8970163,8.0464,1.4142135,2,0.0,0.0,17.12
2.469008,1.9595312,2.2098,1.4142135,2,0.2,0.4472136,6.096
33.380714,7.016854,41.7852,2.0,4,0.2,0.4472136,1114.272
5.6920996,3.508556,15.552,2.236068,5,0.0,0.0,32.4
23.250162,6.294472,140.5482,1.7320508,3,0.0,0.0,540.57
12.95222,5.1284776,62.91,2.236068,5,0.2,0.4472136,167.76
19.828388,5.9767694,-204.4458,1.7320508,3,0.5,0.70710677,393.165
22.726372,6.2489862,-12.9122,2.6457512,7,0.2,0.4472136,516.488
31.73692,6.9159536,75.5424,2.4494898,6,0.2,0.4472136,1007.232
45.445793,7.6335244,-619.596,3.4641016,12,0.4,0.6324555,2065.32
3.9436023,2.8065069,5.4432,1.7320508,3,0.2,0.4472136,15.552
5.0342827,3.2712405,7.92,2.4494898,6,0.2,0.4472136,25.344
5.0469794,3.2760875,7.6416,2.0,4,0.2,0.4472136,25.472
5.212293,3.3381865,2.7168,1.4142135,2,0.2,0.4472136,27.168
8.8799095,4.380185,-11.596,1.4142135,2,0.32,0.56568545,78.8528
13.183323,5.1636424,43.45,2.236068,5,0.0,0.0,173.8
5.4398527,3.4207385,2.5893,1.0,1,0.2,0.4472136,29.592
2.1799083,1.7495476,-3.168,1.4142135,2,0.7,0.83666,4.752
3.9436023,2.8065069,5.6376,1.7320508,3,0.2,0.4472136,15.552
14.303845,5.3259325,53.196,1.4142135,2,0.0,0.0,204.6
17.932318,5.776314,28.1372,1.4142135,2,0.2,0.4472136,321.568
2.4979992,1.9796212,3.0576,1.4142135,2,0.0,0.0,6.24
4.677606,3.130263,10.94,1.4142135,2,0.0,0.0,21.88
2.1466253,1.7241942,1.6704,1.4142135,2,0.2,0.4472136,4.608
3.133688,2.3813963,4.8118,1.4142135,2,0.0,0.0,9.82
5.9974995,3.6101067,9.7119,1.7320508,3,0.0,0.0,35.97
3.6,2.6361961,6.2208,1.4142135,2,0.0,0.0,12.96
13.841965,5.2606153,91.968,2.0,4,0.0,0.0,191.6
2.9393878,2.265921,4.2336,1.7320508,3,0.0,0.0,8.64
22.401115,6.2202125,0.0,1.7320508,3,0.0,0.0,501.81
11.274041,4.8528423,28.5984,2.4494898,6,0.2,0.4472136,127.104
11.1445055,4.8299127,-31.05,1.7320508,3,0.4,0.6324555,124.2
4.3113804,2.9749172,-13.6312,1.4142135,2,0.7,0.83666,18.588
5.483794,3.4363072,10.1493,1.7320508,3,0.2,0.4472136,30.072
12.685819,5.087164,3.2186,2.6457512,7,0.0,0.0,160.93
8.70586,4.3411007,25.5798,1.7320508,3,0.2,0.4472136,75.792
1.0392305,0.7323679,-0.792,1.4142135,2,0.7,0.83666,1.08
55.317104,8.026491,679.996,1.4142135,2,0.1,0.31622776,3059.982
1.811629,1.4544202,-2.6256,1.4142135,2,0.7,0.83666,3.282
5.8326664,3.5559194,16.6698,1.7320508,3,0.0,0.0,34.02
24.480442,6.397416,93.2232,2.4494898,6,0.1,0.31622776,599.292
1.8417383,1.4797847,0.8056,1.0,1,0.2,0.4472136,3.392
23.66398,6.3296924,55.9984,1.4142135,2,0.2,0.4472136,559.984
24.574783,6.405096,75.49,2.236068,5,0.2,0.4472136,603.92
2.8227646,2.1936626,2.5896,1.4142135,2,0.2,0.4472136,7.968
5.288478,3.3661919,9.4392,2.0,4,0.2,0.4472136,27.968
18.34421,5.821595,44.868,1.7320508,3,0.4,0.6324555,336.51
1.054514,0.74763536,-1.8904,1.4142135,2,0.8,0.8944272,1.112
22.804605,6.255846,72.807,2.236068,5,0.0,0.0,520.05
4.239104,2.9428587,5.2113,1.7320508,3,0.0,0.0,17.97
34.16021,7.0629797,131.2785,2.236068,5,0.2,0.4472136,1166.92
3.8241339,2.7488081,5.484,1.4142135,2,0.2,0.4472136,14.624
3.1984372,2.4185889,4.9104,1.7320508,3,0.0,0.0,10.23
12.445883,5.049215,69.705,2.236068,5,0.0,0.0,154.9
52.114586,7.907258,1276.487,2.6457512,7,0.0,0.0,2715.93
24.859003,6.4280567,173.0316,1.7320508,3,0.0,0.0,617.97
3.2664967,2.4570215,4.9082,1.0,1,0.0,0.0,10.67
6.0522723,3.6278017,9.8901,1.7320508,3,0.0,0.0,36.63
4.909175,3.2228677,9.158,2.236068,5,0.0,0.0,24.1
