Sales_log,Sales,Sales_sqrt,Discount_sqrt,Discount,Profit,Category
5.572001929355964,261.96,16.18517840494815,0.0,0.0,41.9136,Furniture
6.597063843147503,731.94,27.05438966230804,0.0,0.0,219.582,Furniture
2.74855214441154,14.62,3.823610858861032,0.0,0.0,6.8714,Office Supplies
6.86545041472046,957.5775,30.944749150704062,0.6708203932499369,0.45,-383.031,Furniture
3.15136756508544,22.368,4.729482001234384,0.4472135954999579,0.2,2.5164,Office Supplies
3.909219078095412,48.86,6.989992846920518,0.0,0.0,14.1694,Furniture
2.1138429683971687,7.28,2.6981475126464085,0.0,0.0,1.9656,Office Supplies
6.8114117654723865,907.152,30.118964125613616,0.4472135954999579,0.2,90.7152,Technology
2.970619572738916,18.504,4.301627598944381,0.4472135954999579,0.2,5.7825,Office Supplies
4.752727750345706,114.9,10.719141756689291,0.0,0.0,34.47,Office Supplies
7.442600508432343,1706.184,41.30598019657686,0.4472135954999579,0.2,85.3092,Furniture
6.816104794316803,911.424,30.18979960185228,0.4472135954999579,0.2,68.3568,Technology
2.8065069404432417,15.552,3.943602414037196,0.4472135954999579,0.2,5.4432,Office Supplies
6.013656474614479,407.976,20.19841577946152,0.4472135954999579,0.2,132.5922,Office Supplies
4.24577726598231,68.81,8.295179322956196,0.8944271909999159,0.8,-123.858,Office Supplies
1.2652560327428346,2.544,1.594992162990151,0.8944271909999159,0.8,-3.816,Office Supplies
6.502610119684893,665.88,25.80465074361597,0.0,0.0,13.3176,Office Supplies
4.034240638152395,55.5,7.44983221287567,0.0,0.0,9.99,Office Supplies
2.25758772706331,8.56,2.925747767665559,0.0,0.0,2.4824,Office Supplies
5.368216493927704,213.48,14.610954794263105,0.4472135954999579,0.2,16.011,Technology
3.1663185741295248,22.72,4.766550115125193,0.4472135954999579,0.2,7.384,Office Supplies
3.0184717605234805,19.46,4.411349000022556,0.0,0.0,5.0596,Office Supplies
4.116432158686106,60.34,7.767882594375381,0.0,0.0,15.6884,Office Supplies
4.28181948425685,71.372,8.448195073505346,0.5477225575051661,0.3,-1.0196,Furniture
6.952374853558705,1044.63,32.32073637774981,0.0,0.0,240.2649,Furniture
2.537499099907171,11.648,3.4129166412322465,0.4472135954999579,0.2,4.2224,Office Supplies
4.517103707119641,90.57,9.516827202382103,0.0,0.0,11.7741,Technology
8.034122154276439,3083.43,55.52864125836324,0.7071067811865476,0.5,-1665.0522,Furniture
2.36255067416148,9.618,3.101290054154884,0.8366600265340756,0.7,-7.0532,Office Supplies
4.829912458665998,124.2,11.144505372604026,0.4472135954999579,0.2,15.525,Furniture
1.4502076868635432,3.264,1.8066543665017945,0.4472135954999579,0.2,1.1016,Office Supplies
4.4693962808107885,86.304,9.289994617867118,0.4472135954999579,0.2,9.7092,Office Supplies
2.061532121136268,6.858,2.6187783411354237,0.8366600265340756,0.7,-5.715,Office Supplies
2.818995095053937,15.76,3.9698866482558417,0.4472135954999579,0.2,3.546,Office Supplies
3.416808229176303,29.472,5.428812024743535,0.4472135954999579,0.2,9.9468,Office Supplies
7.001740945642436,1097.544,33.12920162032282,0.4472135954999579,0.2,123.4737,Technology
5.257078618531439,190.92,13.8173803595327,0.7745966692414834,0.6,-147.963,Furniture
4.739071510179493,113.328,10.6455624557841,0.4472135954999579,0.2,35.415,Office Supplies
6.279270111934266,532.3992,23.07377732405338,0.565685424949238,0.32,-46.9764,Furniture
5.361564429111865,212.058,14.562211370530232,0.5477225575051661,0.3,-15.147,Furniture
5.919345365229957,371.168,19.26572085337063,0.4472135954999579,0.2,41.7564,Technology
4.998346765120501,147.168,12.131281877856107,0.4472135954999579,0.2,16.5564,Technology
4.36792771029438,77.88,8.824964589164082,0.0,0.0,3.894,Office Supplies
4.570744358973074,95.616,9.778343417982414,0.4472135954999579,0.2,9.5616,Office Supplies
3.849721979230767,45.98,6.780855403265874,0.0,0.0,19.7714,Technology
2.9156062290747062,17.46,4.178516483155236,0.0,0.0,8.2062,Office Supplies
5.361104354646802,211.96,14.558846108122715,0.0,0.0,8.4784,Office Supplies
3.828641396489095,45.0,6.708203932499369,0.0,0.0,4.95,Technology
3.126760535960395,21.8,4.669047011971501,0.0,0.0,6.104,Technology
3.6691868207682,38.22,6.182232606429492,0.0,0.0,17.9634,Office Supplies
4.333098961050458,75.18,8.670640114778147,0.0,0.0,35.3346,Office Supplies
1.9685099809725544,6.16,2.4819347291981715,0.0,0.0,2.9568,Furniture
4.5107496103686,89.99,9.486305919587457,0.0,0.0,17.0981,Furniture
2.7887081041196646,15.26,3.906404996924922,0.0,0.0,6.2566,Office Supplies
6.938235986235724,1029.95,32.0928340911176,0.0,0.0,298.6855,Technology
5.345010094540019,208.56,14.441606558828555,0.0,0.0,52.14,Office Supplies
3.5085558999826545,32.4,5.692099788303083,0.0,0.0,15.552,Office Supplies
5.769601425693419,319.41,17.872045210327776,0.3162277660168379,0.1,7.098,Furniture
2.7447035187502458,14.56,3.815756805667783,0.0,0.0,6.9888,Office Supplies
3.4339872044851463,30.0,5.477225575051661,0.0,0.0,3.3,Technology
3.901568547524287,48.48,6.962758074211684,0.4472135954999579,0.2,16.362,Office Supplies
0.9858167945227652,1.68,1.296148139681572,0.0,0.0,0.84,Office Supplies
2.7067159780890733,13.98,3.738983819167984,0.0,0.0,6.1512,Technology
3.2892970091639278,25.824,5.081731988210319,0.4472135954999579,0.2,9.3612,Office Supplies
4.9953862833335165,146.73,12.11321592311472,0.0,0.0,68.9631,Office Supplies
4.391481793444637,79.76,8.930845424706442,0.0,0.0,22.3328,Furniture
5.36651325386079,213.115,14.59845882276619,0.5477225575051661,0.3,-15.2225,Furniture
7.015733964240798,1113.024,33.36201432767512,0.4472135954999579,0.2,111.3024,Office Supplies
5.129709347881841,167.968,12.960246911228197,0.4472135954999579,0.2,62.988,Technology
4.342245764662037,75.88,8.710912696153027,0.0,0.0,35.6636,Office Supplies
1.72561966672351,4.616,2.148487840319325,0.4472135954999579,0.2,1.731,Office Supplies
2.998229153752578,19.05,4.364630568559039,0.0,0.0,8.763,Office Supplies
6.724956808482918,831.936,28.84330078198402,0.4472135954999579,0.2,-114.3912,Furniture
4.585375558659912,97.04,9.8508882848198,0.4472135954999579,0.2,1.213,Furniture
4.3011419059334175,72.784,8.5313539370958,0.4472135954999579,0.2,-18.196,Office Supplies
0.8100409320314447,1.248,1.1171392035015153,0.8944271909999159,0.8,-1.9344,Office Supplies
2.370991125658106,9.708,3.1157663583779835,0.7745966692414834,0.6,-5.8248,Furniture
3.3407394126250414,27.24,5.219195340279955,0.4472135954999579,0.2,2.724,Office Supplies
3.0106208860477417,19.3,4.39317652729776,0.7745966692414834,0.6,-14.475,Furniture
5.34309950931993,208.16,14.427751037497147,0.0,0.0,56.2032,Office Supplies
2.8758219768814333,16.74,4.091454509095756,0.0,0.0,8.0352,Office Supplies
2.766319109226186,14.9,3.8600518131237567,0.0,0.0,4.172,Office Supplies
3.108614430610664,21.39,4.624932431938871,0.0,0.0,6.2031,Office Supplies
5.308188486343299,200.984,14.176882591035309,0.4472135954999579,0.2,62.8075,Office Supplies
5.444044092872437,230.376,15.17814217880436,0.4472135954999579,0.2,-48.9549,Office Supplies
5.713600783593539,301.96,17.376996288196644,0.0,0.0,33.2156,Furniture
3.0440461338325417,19.99,4.471017781221631,0.0,0.0,6.7966,Technology
1.9685099809725544,6.16,2.4819347291981715,0.0,0.0,2.9568,Office Supplies
5.071215993379483,158.368,12.58443483037677,0.4472135954999579,0.2,13.8572,Office Supplies
3.0492730404820207,20.1,4.483302354291979,0.0,0.0,6.633,Office Supplies
4.311926006994392,73.584,8.578111680317528,0.4472135954999579,0.2,8.2782,Technology
2.012232791986386,6.48,2.545584412271571,0.0,0.0,3.1104,Office Supplies
2.6361960973342264,12.96,3.6,0.0,0.0,6.2208,Office Supplies
3.9952606039982017,53.34,7.303423854604086,0.0,0.0,16.5354,Furniture
3.5251833614431467,32.96,5.74108003776293,0.0,0.0,16.1504,Office Supplies
1.8994173439345647,5.682,2.3836946113124475,0.8366600265340756,0.7,-3.788,Office Supplies
4.580160022983923,96.53,9.82496819333274,0.0,0.0,40.5426,Furniture
3.957225790258975,51.312,7.163239490621544,0.4472135954999579,0.2,17.9592,Office Supplies
4.36792771029438,77.88,8.824964589164082,0.0,0.0,22.5852,Office Supplies
4.183941482700448,64.624,8.038905398124797,0.4472135954999579,0.2,22.6184,Office Supplies
4.574463525208929,95.976,9.796734149705197,0.4472135954999579,0.2,-10.7973,Technology
1.0253244928982777,1.788,1.3371611720357424,0.8944271909999159,0.8,-3.0396,Office Supplies
3.2156706939192525,23.92,4.890807704254994,0.0,0.0,11.7208,Office Supplies
5.480205496092637,238.896,15.45626086736375,0.4472135954999579,0.2,-26.8758,Technology
4.638218040034292,102.36,10.11731189595339,0.4472135954999579,0.2,-3.8385,Furniture
3.6344760652345496,36.882,6.073055244273676,0.8366600265340756,0.7,-25.8174,Office Supplies
4.318980332956246,74.112,8.608832673481347,0.4472135954999579,0.2,17.6016,Technology
3.367019929860569,27.992,5.290746639180523,0.4472135954999579,0.2,2.0994,Technology
1.4595448228594834,3.304,1.817690842800282,0.4472135954999579,0.2,1.0738,Office Supplies
5.831765168350307,339.96,18.438004230393265,0.4472135954999579,0.2,67.992,Technology
3.760269450200609,41.96,6.477653896280659,0.0,0.0,10.9096,Furniture
4.343285806357451,75.96,8.71550342780037,0.0,0.0,22.788,Office Supplies
3.3407394126250414,27.24,5.219195340279955,0.0,0.0,13.3476,Office Supplies
3.715910793164967,40.096,6.332140238497565,0.4472135954999579,0.2,14.5348,Office Supplies
1.7439688053917064,4.72,2.172556098240043,0.4472135954999579,0.2,1.652,Office Supplies
3.217915363773076,23.976,4.89652938314476,0.4472135954999579,0.2,7.4925,Office Supplies
4.8787330498789885,130.464,11.422083872919162,0.4472135954999579,0.2,44.0316,Office Supplies
6.670170452603868,787.53,28.062964918197792,0.0,0.0,165.3813,Furniture
5.067607764723911,157.794,12.561608177299592,0.8366600265340756,0.7,-115.7156,Office Supplies
3.872033997211783,47.04,6.858571279792899,0.0,0.0,18.3456,Furniture
3.460723360976182,30.84,5.5533773507659285,0.0,0.0,13.878,Office Supplies
5.427413939882447,226.56,15.051910177781425,0.0,0.0,63.4368,Office Supplies
4.753762590037918,115.02,10.724737759031688,0.0,0.0,51.759,Office Supplies
4.234686046775173,68.04,8.248636250920512,0.0,0.0,19.7316,Technology
6.399522956368744,600.558,24.506284908161824,0.5477225575051661,0.3,-8.5794,Furniture
6.427620502536943,617.7,24.85357117196641,0.7071067811865476,0.5,-407.682,Furniture
1.220239776789808,2.388,1.5453155017665483,0.8366600265340756,0.7,-1.8308,Office Supplies
5.50122555695038,243.992,15.620243275954444,0.4472135954999579,0.2,30.499,Office Supplies
4.411876656642767,81.424,9.023524810183655,0.4472135954999579,0.2,-9.1602,Furniture
5.478803907396261,238.56,15.445387661046258,0.0,0.0,26.2416,Furniture
4.110381939919725,59.97,7.744029958619737,0.6324555320336759,0.4,-11.994,Technology
4.3732885687305965,78.304,8.848954740532918,0.4472135954999579,0.2,29.364,Office Supplies
3.1115578390595813,21.456,4.632062175748508,0.4472135954999579,0.2,6.9732,Office Supplies
3.046425387869509,20.04,4.476605857119878,0.0,0.0,9.6192,Office Supplies
3.5956670723917576,35.44,5.953150426454887,0.0,0.0,16.6568,Office Supplies
2.5273273656719524,11.52,3.394112549695428,0.0,0.0,3.456,Office Supplies
1.6134299337036375,4.02,2.004993765576342,0.0,0.0,1.9698,Office Supplies
4.346088527868252,76.176,8.727886342064727,0.4472135954999579,0.2,26.6616,Office Supplies
4.202899968776446,65.88,8.11664955508121,0.0,0.0,18.4464,Office Supplies
3.786913194385302,43.12,6.566582063752802,0.0,0.0,20.6976,Furniture
4.428433007488037,82.8,9.09945053286186,0.4472135954999579,0.2,10.35,Furniture
2.2844211223663744,8.82,2.9698484809834995,0.0,0.0,2.3814,Office Supplies
2.4731713935695794,10.86,3.295451410656816,0.0,0.0,5.1042,Office Supplies
4.974662633637438,143.7,11.987493482792804,0.0,0.0,68.976,Office Supplies
6.733913665620719,839.43,28.972918389420144,0.0,0.0,218.2518,Office Supplies
6.511641312348043,671.93,25.92161260415717,0.0,0.0,20.1579,Office Supplies
4.552697248726974,93.888,9.689582034329447,0.4472135954999579,0.2,12.9096,Furniture
5.954411482905271,384.45,19.60739656354204,0.0,0.0,103.8015,Technology
5.017081141579645,149.97,12.24622390780113,0.0,0.0,5.9988,Technology
7.577040002277407,1951.84,44.179633316721855,0.0,0.0,585.552,Furniture
5.150687049544013,171.55,13.097709723459287,0.0,0.0,80.6285,Office Supplies
5.068400930946398,157.92,12.566622457924009,0.4472135954999579,0.2,17.766,Office Supplies
5.3190215481063285,203.184,14.254262520383158,0.4472135954999579,0.2,15.2388,Technology
4.083957469335614,58.38,7.640680597957226,0.0,0.0,26.271,Office Supplies
4.668332760945732,105.52,10.272292830717006,0.0,0.0,48.5392,Office Supplies
4.405254760793088,80.88,8.993330862366847,0.0,0.0,21.0288,Office Supplies
2.032087845296365,6.63,2.5748786379167465,0.0,0.0,1.7901,Office Supplies
6.128108590405284,457.568,21.390839160724852,0.4472135954999579,0.2,51.4764,Furniture
2.74855214441154,14.62,3.823610858861032,0.0,0.0,6.8714,Office Supplies
6.852168570542386,944.93,30.739713726708647,0.0,0.0,236.2325,Technology
1.9430489167742813,5.98,2.445403852127497,0.0,0.0,2.691,Office Supplies
4.0142907433757244,54.384,7.374550833779641,0.4472135954999579,0.2,1.3596,Technology
3.380994674344636,28.4,5.329165037789691,0.0,0.0,13.348,Office Supplies
3.35620001573142,27.68,5.261178575186362,0.4472135954999579,0.2,9.688,Office Supplies
2.3920600994216485,9.936,3.1521421287752878,0.4472135954999579,0.2,2.7324,Office Supplies
9.007116107819794,8159.952,90.33245264023334,0.6324555320336759,0.4,-1359.992,Technology
5.62375754460242,275.928,16.611080639139647,0.4472135954999579,0.2,-58.6347,Office Supplies
7.462249402126681,1740.06,41.7140264179808,0.5477225575051661,0.3,-24.858,Furniture
3.498445077209431,32.064,5.6625082781396445,0.4472135954999579,0.2,6.8136,Office Supplies
5.187274067754712,177.98,13.340914511381891,0.8944271909999159,0.8,-453.849,Office Supplies
4.976568211479705,143.976,11.99899995832986,0.4472135954999579,0.2,8.9985,Technology
3.088311454847084,20.94,4.57602447545902,0.0,0.0,9.8418,Office Supplies
4.718141664647253,110.96,10.533755265810951,0.0,0.0,53.2608,Office Supplies
5.83230467553532,340.144,18.44299324947011,0.4472135954999579,0.2,21.259,Furniture
3.978709218623176,52.448,7.2420991432042685,0.8944271909999159,0.8,-131.12,Office Supplies
3.052112606990099,20.16,4.48998886412873,0.4472135954999579,0.2,6.552,Office Supplies
4.587657734236793,97.264,9.862251264290522,0.8944271909999159,0.8,-243.16,Office Supplies
5.98595439405932,396.802,19.919889557926773,0.5477225575051661,0.3,-11.3372,Furniture
2.826129489167811,15.88,3.984971769034255,0.4472135954999579,0.2,-3.7715,Office Supplies
1.4539530095937052,3.28,1.8110770276274832,0.0,0.0,1.4104,Office Supplies
3.2509944547496605,24.816,4.981566018833837,0.4472135954999579,0.2,1.8612,Office Supplies
6.015532574441682,408.744,20.21741823280114,0.4472135954999579,0.2,76.6395,Technology
6.224479218217454,503.96,22.449053432160564,0.0,0.0,131.0296,Technology
5.016948656152848,149.95,12.24540730233176,0.0,0.0,41.986,Technology
3.4011973816621555,29.0,5.385164807134504,0.0,0.0,7.25,Technology
2.0992441689760155,7.16,2.6758176320519302,0.0,0.0,3.4368,Office Supplies
5.180659323079804,176.8,13.29661611087573,0.0,0.0,22.984,Technology
3.643463590583454,37.224,6.101147433065357,0.4472135954999579,0.2,3.7224,Office Supplies
3.0452840523832387,20.016,4.47392445175374,0.4472135954999579,0.2,6.255,Office Supplies
6.802545863019288,899.136,29.98559654234012,0.4472135954999579,0.2,112.392,Furniture
4.287166353649922,71.76,8.471127433818948,0.0,0.0,20.0928,Technology
3.9672684796541247,51.84,7.2,0.0,0.0,24.8832,Office Supplies
6.441507786613698,626.352,25.027025392563136,0.4472135954999579,0.2,46.9764,Furniture
3.039749158970765,19.9,4.460941604639093,0.0,0.0,6.567,Office Supplies
2.7265447837383743,14.28,3.778888725538237,0.0,0.0,6.7116,Office Supplies
2.1291836335746503,7.408,2.72176413379264,0.4472135954999579,0.2,1.2038,Office Supplies
1.9527438886338784,6.048,2.459268183830304,0.4472135954999579,0.2,1.5876,Office Supplies
3.8556642717587617,46.26,6.80147042925278,0.0,0.0,12.0276,Office Supplies
1.3727024076004235,2.946,1.716391563717324,0.8366600265340756,0.7,-2.2586,Office Supplies
2.836502047983434,16.056,4.00699388569536,0.4472135954999579,0.2,5.8203,Office Supplies
3.1243013743486987,21.744,4.663046214654107,0.4472135954999579,0.2,6.795,Office Supplies
5.392490536565286,218.75,14.79019945774904,0.7071067811865476,0.5,-161.875,Furniture
1.2809338454620642,2.6,1.61245154965971,0.4472135954999579,0.2,0.2925,Office Supplies
4.208922466929536,66.284,8.141498633544073,0.8944271909999159,0.8,-178.9668,Office Supplies
3.588174749992304,35.168,5.930261377038958,0.4472135954999579,0.2,9.6712,Furniture
6.099798637307641,444.768,21.089523465455542,0.4472135954999579,0.2,44.4768,Technology
4.441709636835055,83.92,9.16078599247903,0.0,0.0,5.8744,Office Supplies
4.890198740974308,131.98,11.488254871824529,0.0,0.0,35.6346,Technology
2.828496354178077,15.92,3.989987468652001,0.0,0.0,7.4824,Office Supplies
3.975748696308691,52.29,7.23118247591637,0.0,0.0,16.2099,Office Supplies
4.5324919604901055,91.99,9.591141746424144,0.0,0.0,3.6796,Office Supplies
3.0819099697950434,20.8,4.560701700396552,0.4472135954999579,0.2,6.5,Technology
3.205993199037187,23.68,4.866210024238575,0.4472135954999579,0.2,8.88,Office Supplies
6.1168850098935765,452.45,21.270872102478545,0.7071067811865476,0.5,-244.323,Furniture
4.158601793801473,62.982,7.936119958770784,0.6324555320336759,0.4,-14.6958,Technology
7.080867896690782,1188.0,34.46737587922817,0.8366600265340756,0.7,-950.4,Technology
4.506277597011739,89.584,9.464882460971188,0.4472135954999579,0.2,4.4792,Technology
4.543932876516902,93.06,9.646761114488116,0.0,0.0,26.0568,Office Supplies
5.714972960291848,302.376,17.388962016175665,0.4472135954999579,0.2,22.6782,Technology
1.8846424633747687,5.584,2.3630488780387084,0.4472135954999579,0.2,1.8148,Office Supplies
3.165643810271264,22.704,4.764871456818117,0.4472135954999579,0.2,8.2302,Office Supplies
3.033798474360448,19.776,4.447021475099935,0.8366600265340756,0.7,-13.8432,Office Supplies
4.300057071806631,72.704,8.526664060463505,0.4472135954999579,0.2,19.0848,Furniture
6.175842321769606,479.988,21.90862843721624,0.8366600265340756,0.7,-383.9904,Technology
3.338186581852751,27.168,5.212293161363816,0.4472135954999579,0.2,2.7168,Office Supplies
1.1631508098056809,2.2,1.4832396974191326,0.0,0.0,0.968,Office Supplies
6.435268569442595,622.45,24.948947873607818,0.0,0.0,136.939,Furniture
3.1346242724206097,21.98,4.688283267892417,0.0,0.0,0.2198,Office Supplies
5.091096375777642,161.568,12.710940169790746,0.4472135954999579,0.2,-28.2744,Furniture
5.967929763974318,389.696,19.740719338463837,0.4472135954999579,0.2,43.8408,Furniture
2.977975551964732,18.648,4.318333011707179,0.8366600265340756,0.7,-12.432,Office Supplies
5.458989591936935,233.86,15.292481812969404,0.6708203932499369,0.45,-102.048,Furniture
6.432320125679697,620.6145,24.912135596933474,0.6708203932499369,0.45,-248.2458,Furniture
1.8449842304653528,5.328,2.308246087400561,0.8366600265340756,0.7,-3.552,Office Supplies
5.557106015344837,258.072,16.064619509966615,0.4472135954999579,0.2,0.0,Furniture
6.428066499719687,617.976,24.85912307383348,0.4472135954999579,0.2,-7.7247,Technology
2.4475508632442318,10.56,3.249615361854384,0.0,0.0,4.752,Office Supplies
3.2928695047765277,25.92,5.091168824543142,0.4472135954999579,0.2,9.396,Office Supplies
6.041872449651828,419.68,20.486092843683004,0.7745966692414834,0.6,-356.728,Furniture
2.5406566648924924,11.688,3.418771709254656,0.7745966692414834,0.6,-4.6752,Furniture
3.496022595404599,31.984,5.655439859109104,0.4472135954999579,0.2,11.1944,Technology
5.183046797003692,177.225,13.312588027877975,0.7071067811865476,0.5,-120.513,Furniture
1.618199418102673,4.044,2.010969915239907,0.7745966692414834,0.6,-2.8308,Furniture
2.1291836335746503,7.408,2.72176413379264,0.4472135954999579,0.2,1.2038,Office Supplies
7.602331438065773,2001.86,44.74215014949549,0.0,0.0,580.5394,Furniture
5.122295922302562,166.72,12.912009913255178,0.0,0.0,41.68,Office Supplies
3.88936831486334,47.88,6.919537556802478,0.0,0.0,23.94,Office Supplies
7.316049714100461,1503.25,38.771768079364136,0.0,0.0,496.0725,Office Supplies
3.2928695047765277,25.92,5.091168824543142,0.0,0.0,12.4416,Office Supplies
5.776313966722697,321.568,17.9323171954993,0.4472135954999579,0.2,28.1372,Furniture
2.152924318439639,7.61,2.7586228448267445,0.0,0.0,3.5767,Office Supplies
8.116228939242719,3347.37,57.85646031343431,0.0,0.0,636.0003,Technology
4.401584133889412,80.58,8.976636341080104,0.0,0.0,22.5624,Office Supplies
5.8941824243014285,361.92,19.024195120950584,0.0,0.0,162.864,Office Supplies
2.575051999639346,12.132,3.4831020656879983,0.7745966692414834,0.6,-8.4924,Furniture
4.423264542690126,82.368,9.075681792570736,0.4472135954999579,0.2,-19.5624,Office Supplies
4.00587758089977,53.92,7.343023900274328,0.4472135954999579,0.2,4.044,Office Supplies
6.475284785886132,647.904,25.453958434789666,0.4472135954999579,0.2,56.6916,Technology
3.0619880693310564,20.37,4.513313638558703,0.0,0.0,6.9258,Technology
5.405151795461864,221.55,14.88455575420375,0.0,0.0,6.6465,Office Supplies
2.918851229218033,17.52,4.18568990729127,0.4472135954999579,0.2,6.132,Office Supplies
0.9646998710818426,1.624,1.274362585765919,0.8944271909999159,0.8,-4.466,Office Supplies
8.026491058496891,3059.982,55.3171040456747,0.6324555320336759,0.4,-509.997,Technology
7.832394266993606,2519.958,50.19918326028821,0.6324555320336759,0.4,-251.9958,Technology
5.796738370155267,328.224,18.11695338626227,0.4472135954999579,0.2,28.7196,Technology
4.393213824064446,79.9,8.938679992034618,0.0,0.0,35.156,Technology
2.7091162992842075,14.016,3.7437948661752287,0.4472135954999579,0.2,4.7304,Office Supplies
2.1471001901536506,7.56,2.749545416973504,0.0,0.0,0.3024,Office Supplies
3.643044917770137,37.208,6.099836063370884,0.4472135954999579,0.2,-7.4416,Office Supplies
4.070325056377881,57.576,7.587885080837743,0.4472135954999579,0.2,21.591,Office Supplies
6.588706370780856,725.84,26.94141792853524,0.0,0.0,210.4936,Office Supplies
5.351526324879179,209.93,14.488961315429068,0.0,0.0,92.3692,Technology
1.8373699804801076,5.28,2.297825058615212,0.0,0.0,2.3232,Furniture
2.478217661637204,10.92,3.304542328371661,0.4472135954999579,0.2,4.095,Office Supplies
2.2844211223663744,8.82,2.9698484809834995,0.0,0.0,4.0572,Office Supplies
1.9430489167742813,5.98,2.445403852127497,0.0,0.0,1.5548,Office Supplies
2.537499099907171,11.648,3.4129166412322465,0.4472135954999579,0.2,4.0768,Office Supplies
2.953659497132083,18.176,4.263332030231752,0.4472135954999579,0.2,5.9072,Office Supplies
4.106141372101612,59.712,7.72735401026768,0.4472135954999579,0.2,5.9712,Office Supplies
3.2519236789144013,24.84,4.983974317750845,0.4472135954999579,0.2,8.694,Office Supplies
1.1249295969854831,2.08,1.4422205101855958,0.8944271909999159,0.8,-3.432,Office Supplies
7.016968363955454,1114.4,33.38263021393012,0.4472135954999579,0.2,376.11,Technology
6.946822134146038,1038.84,32.23104093882169,0.4472135954999579,0.2,51.942,Furniture
4.961164898621959,141.76,11.906300852909771,0.4472135954999579,0.2,47.844,Office Supplies
5.483966713434666,239.8,15.485477067239485,0.4472135954999579,0.2,47.96,Technology
3.468980632964616,31.104,5.57709601853868,0.4472135954999579,0.2,10.8864,Office Supplies
5.541490970275766,254.058,15.939196968479935,0.8366600265340756,0.7,-169.372,Office Supplies
5.27570359167645,194.528,13.94732949349086,0.4472135954999579,0.2,24.316,Office Supplies
6.869513286725269,961.48,31.00774096899031,0.4472135954999579,0.2,-204.3145,Office Supplies
3.000520790285788,19.096,4.369897023958345,0.4472135954999579,0.2,6.6836,Office Supplies
2.970209316322905,18.496,4.300697617828996,0.4472135954999579,0.2,6.2424,Office Supplies
5.549013826147846,255.984,15.999499992187255,0.4472135954999579,0.2,54.3966,Technology
4.476995847264583,86.97,9.325770745627407,0.7071067811865476,0.5,-48.7032,Furniture
5.708491370383936,300.416,17.33251280109148,0.4472135954999579,0.2,78.8592,Furniture
5.443940360225951,230.352,15.177351547618576,0.4472135954999579,0.2,20.1558,Furniture
5.390677745418843,218.352,14.7767384764027,0.4472135954999579,0.2,-24.5646,Furniture
4.377014092850337,78.6,8.8656641037206,0.8366600265340756,0.7,-62.88,Office Supplies
3.351726986187859,27.552,5.248999904743759,0.4472135954999579,0.2,9.2988,Office Supplies
3.5085558999826545,32.4,5.692099788303083,0.0,0.0,15.552,Office Supplies
6.9879333621073885,1082.48,32.90106381258819,0.0,0.0,10.8248,Office Supplies
4.058890081237698,56.91,7.543871685016918,0.0,0.0,27.3168,Office Supplies
4.364371699435161,77.6,8.809086218218097,0.0,0.0,38.024,Furniture
2.7265447837383743,14.28,3.778888725538237,0.0,0.0,6.5688,Office Supplies
5.39396839734697,219.075,14.801182385201528,0.7071067811865476,0.5,-131.445,Furniture
3.3250360206965914,26.8,5.176871642217914,0.0,0.0,12.864,Furniture
2.3832429960115,9.84,3.1368774282716245,0.0,0.0,2.8536,Office Supplies
3.839022112543656,45.48,6.743886120034946,0.0,0.0,20.9208,Office Supplies
5.670570340450087,289.2,17.00588133558505,0.0,0.0,83.868,Office Supplies
1.7732559976634952,4.89,2.211334438749598,0.0,0.0,2.0049,Office Supplies
2.7810528006519104,15.136,3.890501253052105,0.4472135954999579,0.2,3.5948,Furniture
6.147972446508918,466.768,21.60481427830381,0.4472135954999579,0.2,52.5114,Furniture
2.7869846025235137,15.232,3.9028194936481495,0.4472135954999579,0.2,1.7136,Furniture
1.982930641298992,6.264,2.5027984337537053,0.4472135954999579,0.2,2.0358,Office Supplies
4.483454427303995,87.54,9.356281312572854,0.0,0.0,37.6422,Furniture
5.189528759471229,178.384,13.356047319472928,0.4472135954999579,0.2,22.298,Technology
2.8065069404432417,15.552,3.943602414037196,0.4472135954999579,0.2,5.4432,Office Supplies
4.606529262025722,99.136,9.956706282702129,0.4472135954999579,0.2,8.6744,Office Supplies
4.919119240815592,135.882,11.656843483550768,0.3162277660168379,0.1,24.1568,Furniture
8.292293098285338,3991.98,63.18211772329256,0.0,0.0,1995.99,Technology
5.623800876226568,275.94,16.611441839888553,0.0,0.0,80.0226,Technology
5.8888779583328805,360.0,18.97366596101028,0.0,0.0,129.6,Technology
3.797060986958464,43.57,6.6007575322837,0.0,0.0,13.071,Office Supplies
2.0992441689760155,7.16,2.6758176320519302,0.0,0.0,3.58,Office Supplies
5.5314904534994245,251.52,15.859382081279207,0.4472135954999579,0.2,81.744,Office Supplies
4.6150215020384655,99.99,9.999499987499377,0.0,0.0,34.9965,Technology
2.832742645059529,15.992,3.998999874968741,0.4472135954999579,0.2,0.9995,Furniture
5.676404426175068,290.898,17.05573217425743,0.6324555320336759,0.4,-67.8762,Technology
4.011397641401175,54.224,7.363694724796785,0.4472135954999579,0.2,3.389,Office Supplies
6.669173163978736,786.744,28.04895719986752,0.5477225575051661,0.3,-258.5016,Furniture
4.617493935676923,100.24,10.011992808627062,0.4472135954999579,0.2,33.831,Office Supplies
3.657491980872304,37.764,6.145242061953296,0.8366600265340756,0.7,-27.6936,Office Supplies
4.428433007488037,82.8,9.09945053286186,0.6324555320336759,0.4,-20.7,Technology
3.078417640172599,20.724,4.552362024268281,0.8366600265340756,0.7,-13.816,Office Supplies
1.7742741548870355,4.896,2.212690669750293,0.8366600265340756,0.7,-3.4272,Office Supplies
1.7495476204187457,4.752,2.179908254950194,0.4472135954999579,0.2,1.6038,Office Supplies
6.867957759508069,959.984,30.98360856969375,0.4472135954999579,0.2,335.9944,Technology
2.7322874254662555,14.368,3.7905144769542822,0.4472135954999579,0.2,4.49,Office Supplies
2.1647013856306594,7.712,2.777048793233565,0.4472135954999579,0.2,2.7956,Office Supplies
6.550154192019608,698.352,26.42635048583137,0.4472135954999579,0.2,-17.4588,Furniture
1.7850704810772584,4.96,2.227105745132009,0.0,0.0,2.3312,Office Supplies
2.93683116563383,17.856,4.225636046798162,0.4472135954999579,0.2,1.116,Office Supplies
6.236310880065425,509.97,22.582515360340174,0.8366600265340756,0.7,-407.976,Office Supplies
3.465485871544517,30.992,5.567045895266178,0.4472135954999579,0.2,10.0724,Office Supplies
4.289472653063274,71.928,8.481037672360618,0.6324555320336759,0.4,8.3916,Technology
4.497584975308154,88.8,9.423375191511797,0.4472135954999579,0.2,-2.22,Office Supplies
3.8913303822030567,47.976,6.9264709629074455,0.4472135954999579,0.2,4.7976,Technology
2.1471001901536506,7.56,2.749545416973504,0.0,0.0,3.0996,Office Supplies
3.241028629509334,24.56,4.955804677345546,0.0,0.0,11.5432,Office Supplies
2.6361960973342264,12.96,3.6,0.0,0.0,4.1472,Office Supplies
2.052840859882657,6.79,2.6057628441590768,0.0,0.0,2.3086,Technology
3.241028629509334,24.56,4.955804677345546,0.0,0.0,11.5432,Office Supplies
1.3982229319851645,3.048,1.7458522274236157,0.4472135954999579,0.2,1.0668,Office Supplies
3.9144201300278674,49.12,7.008566187174092,0.0,0.0,23.0864,Office Supplies
8.379348050802257,4355.168,65.99369666869708,0.4472135954999579,0.2,1415.4296,Office Supplies
5.965387476597862,388.704,19.715577597422804,0.4472135954999579,0.2,-4.8588,Furniture
2.225704048658088,8.26,2.874021572639983,0.0,0.0,3.7996,Office Supplies
2.8925915146344776,17.04,4.127953488110059,0.0,0.0,6.9864,Office Supplies
3.5667118201397288,34.4,5.865151319446072,0.0,0.0,15.824,Office Supplies
3.617383452408866,36.24,6.019966777316965,0.4472135954999579,0.2,11.325,Office Supplies
6.475186153181914,647.84,25.452701231892853,0.0,0.0,168.4384,Office Supplies
3.077312260546414,20.7,4.54972526643093,0.0,0.0,9.936,Office Supplies
3.077312260546414,20.7,4.54972526643093,0.0,0.0,9.936,Office Supplies
6.193682681033058,488.646,22.10533872167536,0.3162277660168379,0.1,86.8704,Furniture
1.8809906029559973,5.56,2.3579652245103198,0.0,0.0,1.4456,Office Supplies
3.873697891106478,47.12,6.864400920692205,0.0,0.0,20.7328,Furniture
5.361104354646802,211.96,14.558846108122715,0.0,0.0,8.4784,Office Supplies
3.186352633162641,23.2,4.816637831516919,0.0,0.0,10.44,Office Supplies
2.1234584270966104,7.36,2.7129319932501077,0.0,0.0,0.1472,Office Supplies
4.661455996998683,104.79,10.236698686588367,0.0,0.0,29.3412,Office Supplies
6.951695606444503,1043.92,32.30975085016906,0.0,0.0,271.4192,Furniture
3.2928695047765277,25.92,5.091168824543142,0.4472135954999579,0.2,9.396,Office Supplies
3.99680523304276,53.424,7.309172319763709,0.4472135954999579,0.2,4.6746,Office Supplies
2.214846178686039,8.16,2.85657137141714,0.8366600265340756,0.7,-5.712,Office Supplies
6.932385450598721,1023.936,31.998999984374517,0.4472135954999579,0.2,179.1888,Technology
2.3263016196113617,9.24,3.0397368307141326,0.4472135954999579,0.2,0.924,Office Supplies
6.17386943376324,479.04,21.886982432487123,0.4472135954999579,0.2,-29.94,Technology
4.606529262025722,99.136,9.956706282702129,0.4472135954999579,0.2,30.98,Office Supplies
7.306144747018076,1488.424,38.58009849650465,0.5477225575051661,0.3,-297.6848,Furniture
2.267165147762785,8.652,2.9414282245195102,0.8944271909999159,0.8,-20.3322,Office Supplies
3.2121331440008083,23.832,4.881802945633918,0.4472135954999579,0.2,2.6811,Office Supplies
2.5783969928753394,12.176,3.489412558010302,0.8944271909999159,0.8,-18.8728,Office Supplies
3.950474191802399,50.96,7.138627319029899,0.0,0.0,25.48,Office Supplies
3.922685953596399,49.536,7.038181583335287,0.4472135954999579,0.2,17.3376,Office Supplies
3.758871825933971,41.9,6.473020933072903,0.0,0.0,8.799,Technology
5.930805159062209,375.4575,19.37672572959632,0.6708203932499369,0.45,-157.0095,Furniture
4.442368863680043,83.976,9.163841989034948,0.4472135954999579,0.2,-1.0497,Technology
6.180720339754835,482.34,21.962240322881453,0.8366600265340756,0.7,-337.638,Technology
1.3762440252663892,2.96,1.7204650534085253,0.4472135954999579,0.2,0.777,Furniture
1.287578388180733,2.624,1.619876538505327,0.4472135954999579,0.2,0.4264,Office Supplies
3.192942442841696,23.36,4.833218389437829,0.4472135954999579,0.2,7.884,Office Supplies
3.7130841428107537,39.98,6.322973983814895,0.0,0.0,13.5932,Technology
5.5109417852720375,246.384,15.696623840813666,0.4472135954999579,0.2,27.7182,Technology
7.496080687624671,1799.97,42.42605331632911,0.0,0.0,701.9883,Technology
2.5998709015885213,12.462,3.530155803927073,0.8944271909999159,0.8,-20.5623,Office Supplies
4.341100468061236,75.792,8.705860095361055,0.4472135954999579,0.2,25.5798,Office Supplies
3.931041011263908,49.96,7.068238818828917,0.0,0.0,9.4924,Office Supplies
2.6361960973342264,12.96,3.6,0.0,0.0,6.2208,Office Supplies
4.264368591205649,70.12,8.37376856618333,0.0,0.0,21.036,Office Supplies
3.609619773128304,35.952,5.995998665777036,0.4472135954999579,0.2,3.5952,Office Supplies
7.782084033469077,2396.2656,48.951665957350215,0.565685424949238,0.32,-317.1528,Furniture
4.883831695218789,131.136,11.451462788657176,0.4472135954999579,0.2,-32.784,Office Supplies
4.070461621758769,57.584,7.58841221863968,0.4472135954999579,0.2,0.7198,Technology
2.357830567220024,9.568,3.093218388668993,0.4472135954999579,0.2,3.4684,Office Supplies
3.690677836055316,39.072,6.250759953797618,0.4472135954999579,0.2,9.768,Office Supplies
3.608482517041907,35.91,5.9924953066314535,0.0,0.0,9.6957,Office Supplies
5.198220750009751,179.95,13.414544345597433,0.0,0.0,37.7895,Technology
7.090889838533103,1199.976,34.64066973948397,0.4472135954999579,0.2,434.9913,Technology
3.3375473545856997,27.15,5.2105661880452105,0.0,0.0,13.3035,Office Supplies
6.912766700805054,1004.024,31.68633774988836,0.4472135954999579,0.2,-112.9527,Furniture
2.3683728335320486,9.68,3.111269837220809,0.0,0.0,4.6464,Office Supplies
3.379292546274105,28.35,5.324471804789654,0.0,0.0,13.608,Office Supplies
4.0427003290697625,55.98,7.481978348003955,0.0,0.0,27.4302,Office Supplies
7.198803429830131,1336.829,36.56267222181661,0.3872983346207417,0.15,31.4548,Furniture
4.741168533176402,113.568,10.656828796597985,0.4472135954999579,0.2,-18.4548,Furniture
4.947766489317265,139.86,11.826242006656214,0.0,0.0,65.7342,Office Supplies
5.730541243956893,307.136,17.525296003206336,0.4472135954999579,0.2,26.8744,Furniture
4.573885895948325,95.92,9.793875637356235,0.0,0.0,25.8984,Office Supplies
5.952723718791551,383.8,19.590814173994914,0.4472135954999579,0.2,38.38,Furniture
1.913977101952304,5.78,2.4041630560342617,0.0,0.0,2.8322,Office Supplies
2.334083760053417,9.32,3.052867504494749,0.0,0.0,2.7028,Office Supplies
2.7880929087757464,15.25,3.905124837953327,0.0,0.0,7.015,Office Supplies
5.2870137203766445,196.752,14.026831431224943,0.4472135954999579,0.2,56.5662,Technology
4.052827882019167,56.56,7.520638270785266,0.0,0.0,14.7056,Furniture
3.517497837358316,32.7,5.718391382198319,0.0,0.0,8.502,Office Supplies
6.7655002314012656,866.4,29.434673431176368,0.0,0.0,225.264,Furniture
3.380994674344636,28.4,5.329165037789691,0.0,0.0,11.076,Furniture
5.666149833182646,287.92,16.968205562168322,0.0,0.0,138.2016,Office Supplies
4.262539022051294,69.99,8.366002629691195,0.0,0.0,30.0957,Technology
2.037577337581137,6.672,2.5830214865540704,0.4472135954999579,0.2,0.5004,Office Supplies
5.250114030161496,189.588,13.76909583088156,0.8366600265340756,0.7,-145.3508,Office Supplies
6.015532574441682,408.744,20.21741823280114,0.4472135954999579,0.2,76.6395,Technology
5.6800360809262,291.96,17.08683703907777,0.4472135954999579,0.2,54.7425,Technology
1.752325399982648,4.768,2.1835750502329887,0.4472135954999579,0.2,-0.7748,Office Supplies
6.572702035114338,714.3,26.726391451148057,0.0,0.0,207.147,Office Supplies
1.7599247457080365,4.812,2.193627133311402,0.8366600265340756,0.7,-3.6892,Office Supplies
5.516649360865024,247.8,15.74166446091391,0.4472135954999579,0.2,-18.585,Technology
6.916694207451195,1007.979,31.748685012138694,0.5477225575051661,0.3,43.1991,Technology
5.750945919609682,313.488,17.705592336886106,0.4472135954999579,0.2,113.6394,Office Supplies
3.4926212315811087,31.872,5.645529204600752,0.4472135954999579,0.2,11.5536,Office Supplies
5.341597138257978,207.846,14.416865123874883,0.3162277660168379,0.1,2.3094,Furniture
2.5817308344235403,12.22,3.4957116585897072,0.0,0.0,3.666,Furniture
5.277808489916496,194.94,13.962091533864116,0.0,0.0,23.3928,Office Supplies
4.2759714333333765,70.95,8.423182296495785,0.0,0.0,20.5755,Office Supplies
4.525693984486295,91.36,9.558242516278815,0.0,0.0,42.0256,Office Supplies
5.496922293415092,242.94,15.586532648411575,0.0,0.0,29.1528,Furniture
3.1376657694426577,22.05,4.695742752749559,0.0,0.0,10.584,Office Supplies
1.3635373739972745,2.91,1.705872210923198,0.0,0.0,1.3677,Furniture
4.102973888920155,59.52,7.7149206087943645,0.0,0.0,15.4752,Office Supplies
5.093382034882496,161.94,12.72556482047064,0.0,0.0,9.7164,Office Supplies
5.579276893238991,263.88,16.24438364481706,0.0,0.0,71.2476,Office Supplies
3.4493524235492026,30.48,5.520869496736904,0.0,0.0,7.9248,Office Supplies
2.3832429960115,9.84,3.1368774282716245,0.0,0.0,2.8536,Office Supplies
3.5868467285487844,35.12,5.9262129560116215,0.0,0.0,9.1312,Technology
5.653765558333946,284.364,16.863095801186684,0.6324555320336759,0.4,-75.8304,Furniture
6.501902095582497,665.408,25.7955034841346,0.4472135954999579,0.2,66.5408,Office Supplies
4.1725394098071575,63.88,7.992496481075234,0.0,0.0,24.9132,Technology
4.871894163848395,129.568,11.382794033101012,0.4472135954999579,0.2,-24.294,Furniture
6.6181486891675725,747.558,27.341506907996127,0.5477225575051661,0.3,-96.1146,Furniture
2.295359047902306,8.928,2.987975903517296,0.4472135954999579,0.2,3.348,Office Supplies
4.653198154998673,103.92,10.194115949899729,0.0,0.0,36.372,Office Supplies
6.803405363606889,899.91,29.998499962498123,0.0,0.0,377.9622,Technology
3.957225790258975,51.312,7.163239490621544,0.4472135954999579,0.2,18.6006,Office Supplies
3.2011191032789417,23.56,4.853864439804639,0.4472135954999579,0.2,7.068,Furniture
7.149626370089079,1272.63,35.67394006834681,0.7071067811865476,0.5,-814.4832,Furniture
3.3838816594524674,28.485,5.337134062397158,0.8366600265340756,0.7,-20.889,Office Supplies
5.2277661385970005,185.376,13.615285527670729,0.4472135954999579,0.2,-34.758,Office Supplies
4.372884976756598,78.272,8.847146432607522,0.4472135954999579,0.2,5.8704,Office Supplies
5.5441769441459785,254.744,15.960701738958722,0.7745966692414834,0.6,-312.0614,Furniture
5.329490399198929,205.3328,14.32943823044016,0.565685424949238,0.32,-36.2352,Furniture
1.7557868087692374,4.788,2.188149903457256,0.8944271909999159,0.8,-7.9002,Office Supplies
4.033886593184986,55.48,7.4484897798144285,0.0,0.0,26.6304,Office Supplies
5.8345767915708375,340.92,18.464019064114943,0.0,0.0,3.4092,Office Supplies
5.410153867673198,222.666,14.921997185363626,0.3872983346207417,0.15,10.4784,Furniture
6.558152411711186,703.968,26.53239529330136,0.4472135954999579,0.2,87.996,Technology
4.538175317163813,92.52,9.618731725128836,0.0,0.0,24.9804,Office Supplies
4.153399325003416,62.65,7.915175298121956,0.0,0.0,28.819,Office Supplies
4.562784469491653,94.85,9.73909646733207,0.0,0.0,45.528,Office Supplies
4.572233685741827,95.76,9.785703858180057,0.4472135954999579,0.2,7.182,Technology
3.7184382563554808,40.2,6.340346993658944,0.0,0.0,19.296,Furniture
2.7536607123542622,14.7,3.8340579025361623,0.0,0.0,6.615,Office Supplies
6.558552349882105,704.25,26.5377090194312,0.0,0.0,84.51,Office Supplies
2.3115448343655176,9.09,3.014962686336267,0.0,0.0,1.9089,Technology
1.9401794743463283,5.96,2.4413111231467406,0.0,0.0,1.6688,Office Supplies
5.081280133665588,159.98,12.648320046551635,0.0,0.0,57.5928,Technology
3.4210000089583352,29.6,5.440588203494177,0.0,0.0,14.8,Office Supplies
6.244487237699863,514.165,22.67520672452624,0.3872983346207417,0.15,-30.245,Furniture
5.638212310446752,279.96,16.73200525938239,0.4472135954999579,0.2,17.4975,Technology
7.914600171437134,2735.952,52.30632848900791,0.4472135954999579,0.2,341.994,Technology
2.196335293151336,7.992,2.827012557453539,0.4472135954999579,0.2,0.5994,Technology
4.174141085748653,63.984,7.998999937492186,0.4472135954999579,0.2,10.3974,Technology
4.267849589611482,70.368,8.388563643437415,0.4472135954999579,0.2,6.1572,Office Supplies
6.109580860554486,449.15,21.193159273690178,0.0,0.0,8.983,Office Supplies
2.4907230351094403,11.07,3.327160951922825,0.0,0.0,5.0922,Office Supplies
4.553666343120976,93.98,9.69432823871773,0.0,0.0,13.1572,Technology
5.251655436081806,189.882,13.779767777433698,0.6324555320336759,0.4,-94.941,Furniture
4.667393529168224,105.42,10.267424214475604,0.0,0.0,51.6558,Office Supplies
4.792611945476617,119.616,10.936909984085998,0.4472135954999579,0.2,40.3704,Office Supplies
5.548141796443577,255.76,15.992498241363045,0.0,0.0,81.8432,Furniture
5.491282083440471,241.568,15.542457978067691,0.4472135954999579,0.2,18.1176,Furniture
4.252771798816619,69.3,8.324662155306964,0.0,0.0,22.869,Furniture
3.1620938107692163,22.62,4.756048780237646,0.8366600265340756,0.7,-15.08,Office Supplies
2.7695842132194826,14.952,3.8667816074870327,0.8366600265340756,0.7,-11.9616,Office Supplies
6.687816586616838,801.568,28.311976264471543,0.4472135954999579,0.2,50.098,Furniture
1.2166915767337108,2.376,1.5414279094398151,0.8366600265340756,0.7,-1.9008,Office Supplies
3.5202240880837965,32.792,5.7264299524223645,0.4472135954999579,0.2,11.8871,Office Supplies
2.828496354178077,15.92,3.989987468652001,0.4472135954999579,0.2,5.373,Office Supplies
1.3190856114264409,2.74,1.6552945357246849,0.0,0.0,0.7398,Office Supplies
2.234306252240751,8.34,2.8879058156387303,0.0,0.0,2.1684,Office Supplies
3.865769620910684,46.74,6.836665854054885,0.0,0.0,11.685,Office Supplies
8.757146661042908,6354.95,79.71794026440975,0.0,0.0,3177.475,Office Supplies
4.846546505563361,126.3,11.23832727766904,0.0,0.0,40.416,Furniture
3.664586761544892,38.04,6.16765757804371,0.0,0.0,12.1728,Technology
2.098263295920424,7.152,2.6743223440714847,0.4472135954999579,0.2,0.7152,Office Supplies
2.032087845296365,6.63,2.5748786379167465,0.0,0.0,1.7901,Office Supplies
1.928618651945252,5.88,2.4248711305964283,0.0,0.0,1.7052,Office Supplies
8.006684184188607,2999.95,54.77179931315019,0.0,0.0,1379.977,Technology
3.959860334842306,51.45,7.172865536171719,0.0,0.0,13.8915,Office Supplies
2.561867690924129,11.96,3.4583232931581165,0.0,0.0,5.382,Office Supplies
7.0273322601112405,1126.02,33.556221479779275,0.0,0.0,56.301,Office Supplies
2.964860609886904,18.392,4.288589511715944,0.4472135954999579,0.2,5.2877,Technology
4.871894163848395,129.568,11.382794033101012,0.4472135954999579,0.2,-25.9136,Office Supplies
2.715489130199209,14.112,3.756594202199647,0.8944271909999159,0.8,-21.168,Office Supplies
5.356491930599109,210.98,14.525150601628884,0.0,0.0,21.098,Furniture
4.028489619426076,55.176,7.428054927099018,0.4472135954999579,0.2,-12.4146,Technology
4.208565706312124,66.26,8.140024569987489,0.0,0.0,27.1666,Technology
3.1441522786722644,22.2,4.711687595755898,0.0,0.0,10.434,Office Supplies
6.529348762814298,683.952,26.15247598220865,0.4472135954999579,0.2,42.747,Furniture
3.8436585079014898,45.696,6.759881655768835,0.4472135954999579,0.2,5.1408,Furniture
3.6199580086475134,36.336,6.027934969788576,0.4472135954999579,0.2,-7.2672,Office Supplies
6.503161790902847,666.248,25.81178025630933,0.4472135954999579,0.2,-149.9058,Office Supplies
3.979905927816107,52.512,7.246516404452556,0.4472135954999579,0.2,19.692,Office Supplies
5.25603597429143,190.72,13.810141201305656,0.4472135954999579,0.2,11.92,Furniture
3.890595058014525,47.94,6.923871749245504,0.0,0.0,2.397,Furniture
6.888521489866838,979.95,31.304153079104378,0.0,0.0,274.386,Technology
3.1675825304806504,22.75,4.769696007084728,0.0,0.0,11.375,Office Supplies
2.8773990865921264,16.768,4.0948748454623125,0.4472135954999579,0.2,1.4672,Office Supplies
3.7754240555141214,42.616,6.528093136590501,0.8944271909999159,0.8,-68.1856,Office Supplies
2.464023438871576,10.752,3.279024245107072,0.4472135954999579,0.2,3.36,Office Supplies
5.036562916106171,152.94,12.366891282775958,0.0,0.0,41.2938,Office Supplies
5.6522084391101535,283.92,16.849925815860438,0.0,0.0,70.98,Furniture
6.15251990610877,468.9,21.654098919142307,0.0,0.0,206.316,Technology
5.945064524273665,380.864,19.515737239469072,0.4472135954999579,0.2,38.0864,Technology
6.473544957579167,646.776,25.431791128428213,0.4472135954999579,0.2,-145.5246,Office Supplies
4.079433949486346,58.112,7.623122719725822,0.4472135954999579,0.2,7.264,Technology
4.622931515566734,100.792,10.039521900967197,0.4472135954999579,0.2,6.2995,Technology
4.206362865543993,66.112,8.130928606254024,0.7745966692414834,0.6,-84.2928,Furniture
3.7443141610020367,41.28,6.424951361683604,0.4472135954999579,0.2,13.932,Office Supplies
2.664446563620078,13.36,3.655133376499413,0.0,0.0,6.4128,Office Supplies
5.526536017728995,250.272,15.819987357769916,0.4472135954999579,0.2,15.642,Office Supplies
2.51478902426987,11.364,3.3710532478737267,0.8944271909999159,0.8,-17.046,Office Supplies
2.274185618472348,8.72,2.95296461204668,0.4472135954999579,0.2,-1.744,Office Supplies
7.02337419684616,1121.568,33.48981934857218,0.4472135954999579,0.2,0.0,Furniture
3.569645366190238,34.504,5.8740105549786,0.4472135954999579,0.2,6.0382,Furniture
2.470131364205846,10.824,3.2899848023965097,0.4472135954999579,0.2,2.5707,Office Supplies
7.167639547723882,1295.78,35.99694431476094,0.0,0.0,310.9872,Office Supplies
3.0182762379888857,19.456,4.410895600668871,0.4472135954999579,0.2,3.4048,Office Supplies
3.077312260546414,20.7,4.54972526643093,0.0,0.0,9.936,Office Supplies
7.197944206645099,1335.68,36.54695609760135,0.4472135954999579,0.2,-217.048,Furniture
3.5085558999826545,32.4,5.692099788303083,0.0,0.0,15.552,Office Supplies
3.775057150354989,42.6,6.526867548832288,0.0,0.0,16.614,Furniture
4.44330986309078,84.056,9.16820593136956,0.4472135954999579,0.2,27.3182,Office Supplies
2.6390573296152584,13.0,3.605551275463989,0.4472135954999579,0.2,1.3,Office Supplies
2.648158643861604,13.128,3.623258202226278,0.4472135954999579,0.2,3.7743,Furniture
1.601405740736836,3.96,1.98997487421324,0.0,0.0,0.0,Office Supplies
1.2837077723447896,2.61,1.6155494421403511,0.0,0.0,1.2006,Office Supplies
5.92792819030261,374.376,19.34879841230457,0.4472135954999579,0.2,46.797,Technology
4.530877581406236,91.84,9.58331884056875,0.0,0.0,45.0016,Office Supplies
4.407791842559908,81.088,9.004887561763333,0.4472135954999579,0.2,27.3672,Office Supplies
3.017493765335504,19.44,4.409081537009721,0.0,0.0,9.3312,Office Supplies
6.1140184064875545,451.152,21.240338980345864,0.4472135954999579,0.2,0.0,Furniture
4.296604902619887,72.45,8.511756575466665,0.0,0.0,34.776,Office Supplies
2.7053799725463312,13.96,3.736308338453881,0.0,0.0,6.4216,Office Supplies
3.53409524031307,33.264,5.767495123535,0.4472135954999579,0.2,11.2266,Office Supplies
2.763169500323289,14.85,3.8535697735995385,0.0,0.0,4.0095,Technology
2.2844211223663744,8.82,2.9698484809834995,0.0,0.0,2.3814,Office Supplies
5.08586644477257,160.72,12.677539193392382,0.0,0.0,78.7528,Office Supplies
3.040705639196722,19.92,4.46318272088428,0.0,0.0,9.7608,Office Supplies
2.1162555148025524,7.3,2.701851217221259,0.0,0.0,2.19,Office Supplies
4.258615289758647,69.712,8.349371233811562,0.4472135954999579,0.2,8.714,Office Supplies
2.2815657257699704,8.792,2.965130688519479,0.7745966692414834,0.6,-5.7148,Furniture
3.9611940494345954,51.52,7.177743377970544,0.0,0.0,1.5456,Office Supplies
6.155656077029466,470.376,21.688153448369,0.4472135954999579,0.2,52.9173,Technology
4.668933406657911,105.584,10.275407534497113,0.4472135954999579,0.2,9.2386,Technology
3.4704746571469,31.152,5.58139767441812,0.4472135954999579,0.2,3.5046,Office Supplies
2.051941867977251,6.783,2.6044193210771573,0.8366600265340756,0.7,-4.7481,Office Supplies
6.009716953825067,406.368,20.15857137795236,0.4472135954999579,0.2,30.4776,Technology
4.276388302650885,70.98,8.424962907930219,0.0,0.0,4.9686,Furniture
5.690122939870236,294.93,17.173526137634052,0.0,0.0,144.5157,Office Supplies
4.451832508917844,84.784,9.207822761109163,0.4472135954999579,0.2,-20.1362,Technology
3.0789698721240466,20.736,4.553679830642467,0.4472135954999579,0.2,7.2576,Office Supplies
2.880377537190962,16.821,4.10134124403225,0.8366600265340756,0.7,-12.8961,Office Supplies
2.4308023907947995,10.368,3.219937887599697,0.4472135954999579,0.2,3.6288,Office Supplies
2.3364066414695563,9.344,3.056795707926848,0.4472135954999579,0.2,1.168,Office Supplies
3.471966452550362,31.2,5.585696017507576,0.4472135954999579,0.2,9.75,Technology
4.34536265030229,76.12,8.724677644474895,0.0,0.0,22.0748,Office Supplies
7.090889838533103,1199.976,34.64066973948397,0.4472135954999579,0.2,434.9913,Technology
6.1024691051508935,445.96,21.117765033260504,0.4472135954999579,0.2,55.745,Technology
5.795328001280299,327.76,18.10414317221337,0.0,0.0,91.7728,Furniture
2.536233276953341,11.632,3.410571799566753,0.4472135954999579,0.2,1.0178,Office Supplies
4.976609596783789,143.982,11.999249976561035,0.6324555320336759,0.4,-28.7964,Technology
6.205317070181284,494.376,22.23456768187769,0.6324555320336759,0.4,-115.3544,Technology
1.922787731634459,5.84,2.4166091947189146,0.4472135954999579,0.2,0.73,Office Supplies
4.968256532887749,142.776,11.948891161944694,0.4472135954999579,0.2,17.847,Office Supplies
3.8436585079014898,45.696,6.759881655768835,0.4472135954999579,0.2,5.1408,Furniture
2.106326870461218,7.218,2.6866335812685733,0.8366600265340756,0.7,-5.5338,Office Supplies
3.7884532590100286,43.188,6.571757755730197,0.8366600265340756,0.7,-31.6712,Office Supplies
4.889627063084178,131.904,11.484946669445184,0.4472135954999579,0.2,47.8152,Office Supplies
1.4544201901674911,3.282,1.811629101113139,0.8366600265340756,0.7,-2.6256,Office Supplies
3.098649807560677,21.168,4.600869483043395,0.4472135954999579,0.2,2.3814,Office Supplies
4.028703210968663,55.188,7.428862631654996,0.6324555320336759,0.4,-10.1178,Technology
5.915058551905356,369.576,19.224359547199487,0.4472135954999579,0.2,41.5773,Technology
2.8161270242542646,15.712,3.963836525387999,0.4472135954999579,0.2,5.6956,Office Supplies
2.245803078895061,8.448,2.906544339933592,0.4472135954999579,0.2,2.64,Office Supplies
6.592970558803589,728.946,26.9989999814808,0.6324555320336759,0.4,-157.9383,Technology
4.795294554845067,119.94,10.951712194903587,0.6324555320336759,0.4,15.992,Technology
1.53643701954961,3.648,1.909973821810132,0.8366600265340756,0.7,-2.7968,Office Supplies
3.7252113833613274,40.48,6.362389488234746,0.0,0.0,15.7872,Furniture
2.392425796993835,9.94,3.152776554086889,0.0,0.0,3.0814,Furniture
4.6860494667137145,107.424,10.364554983210809,0.4472135954999579,0.2,33.57,Office Supplies
3.661251286996462,37.91,6.157109711544857,0.0,0.0,10.9939,Technology
4.488861063587708,88.02,9.381897462667132,0.0,0.0,27.2862,Furniture
2.271094425902674,8.69,2.947880594596735,0.8944271909999159,0.8,-14.773,Office Supplies
5.713600783593539,301.96,17.376996288196644,0.0,0.0,87.5684,Furniture
6.321145920782435,555.21,23.56289455903073,0.3162277660168379,0.1,178.901,Office Supplies
6.262407295555465,523.48,22.87968531252124,0.0,0.0,130.87,Office Supplies
5.092645296145832,161.82,12.720849028268514,0.0,0.0,46.9278,Office Supplies
3.598954746585949,35.56,5.96322060635023,0.0,0.0,12.0904,Furniture
4.586598800402656,97.16,9.856977224281286,0.0,0.0,28.1764,Office Supplies
2.787477334733532,15.24,3.903844259188627,0.4472135954999579,0.2,5.1435,Office Supplies
2.655352412101761,13.23,3.6373066958946425,0.0,0.0,6.0858,Office Supplies
5.498740758705973,243.384,15.60076921180491,0.4472135954999579,0.2,-51.7191,Office Supplies
4.794136285500715,119.8,10.945318634009702,0.4472135954999579,0.2,29.95,Technology
5.709658510228355,300.768,17.3426641551983,0.4472135954999579,0.2,30.0768,Technology
2.9381031607173544,17.88,4.228474902373195,0.4472135954999579,0.2,2.4585,Technology
5.467823826295147,235.944,15.36046874284766,0.4472135954999579,0.2,85.5297,Office Supplies
5.976198613437549,392.94,19.822714244018147,0.0,0.0,43.2234,Furniture
2.9898147997899533,18.882,4.3453423340399775,0.8366600265340756,0.7,-13.8468,Office Supplies
4.814847472791901,122.328,11.060198913220322,0.4472135954999579,0.2,12.2328,Office Supplies
6.956735901203759,1049.2,32.391356871857035,0.0,0.0,272.792,Furniture
2.7987436797166323,15.424,3.9273400667627447,0.4472135954999579,0.2,5.0128,Office Supplies
2.987700101856727,18.84,4.340506882842141,0.0,0.0,6.0288,Furniture
5.803326104992462,330.4,18.17690842800282,0.0,0.0,85.904,Office Supplies
3.305053521109253,26.25,5.123475382979799,0.0,0.0,12.6,Office Supplies
4.89425127935358,132.52,11.511733144926527,0.0,0.0,54.3332,Technology
2.012232791986386,6.48,2.545584412271571,0.0,0.0,3.1752,Office Supplies
5.348535082708654,209.3,14.467204291085409,0.0,0.0,56.511,Office Supplies
3.4830845411343394,31.56,5.617828762075256,0.4472135954999579,0.2,9.8625,Office Supplies
3.4386216103081546,30.144,5.4903551797675165,0.4472135954999579,0.2,3.0144,Office Supplies
2.760009940032921,14.8,3.847076812334269,0.0,0.0,6.068,Furniture
5.714972960291848,302.376,17.388962016175665,0.4472135954999579,0.2,22.6782,Technology
5.75890177387728,316.0,17.776388834631177,0.0,0.0,31.6,Technology
5.941223330671235,379.4,19.47819293466414,0.0,0.0,178.318,Office Supplies
4.593300013417604,97.82,9.890399385262455,0.0,0.0,45.9754,Office Supplies
4.645544080126364,103.12,10.154801819828885,0.0,0.0,10.312,Technology
4.741028868371705,113.552,10.656078077792037,0.4472135954999579,0.2,8.5164,Office Supplies
1.4627923320926155,3.318,1.821537811850196,0.8366600265340756,0.7,-2.6544,Office Supplies
4.907405839447383,134.288,11.588269931271018,0.4472135954999579,0.2,45.3222,Office Supplies
6.554463178200603,701.372,26.48342878103211,0.5477225575051661,0.3,-50.098,Furniture
1.196343777161445,2.308,1.5192103211866357,0.8944271909999159,0.8,-3.462,Office Supplies
6.9081871856970025,999.432,31.613794457483277,0.4472135954999579,0.2,124.929,Office Supplies
6.586281993594718,724.08,26.90873464137621,0.4472135954999579,0.2,-135.765,Office Supplies
6.824139947079828,918.785,30.311466477226077,0.5477225575051661,0.3,-118.1295,Furniture
1.3147983594148207,2.724,1.6504544828622207,0.8944271909999159,0.8,-4.2222,Office Supplies
6.133289577244604,459.95,21.44644492684044,0.0,0.0,18.398,Office Supplies
2.4630018143999504,10.74,3.277193921634788,0.0,0.0,5.2626,Office Supplies
3.209229447816396,23.76,4.874423042781577,0.4472135954999579,0.2,2.079,Office Supplies
4.454998247129704,85.056,9.222580983650944,0.4472135954999579,0.2,28.7064,Office Supplies
5.946927326340246,381.576,19.533970410543784,0.4472135954999579,0.2,28.6182,Technology
3.445533195482207,30.36,5.509990925582365,0.4472135954999579,0.2,8.7285,Furniture
3.217915363773076,23.976,4.89652938314476,0.7745966692414834,0.6,-14.3856,Furniture
4.699798315066873,108.925,10.436714042264452,0.7071067811865476,0.5,-71.8905,Furniture
3.620386457668636,36.352,6.029261978053367,0.4472135954999579,0.2,11.36,Office Supplies
3.0233474405869645,19.56,4.422668877499196,0.4472135954999579,0.2,1.7115,Office Supplies
4.134206095647231,61.44,7.83836717690617,0.0,0.0,16.5888,Office Supplies
3.686376323895818,38.9,6.23698645180507,0.0,0.0,17.505,Office Supplies
4.609062600703435,99.39,9.969453345093704,0.0,0.0,40.7499,Technology
1.3050843056943475,2.688,1.6395121225535358,0.8944271909999159,0.8,-7.392,Office Supplies
3.3609307884336004,27.816,5.274087598817449,0.4472135954999579,0.2,4.5201,Technology
4.425134015707815,82.524,9.08427212274049,0.7745966692414834,0.6,-41.262,Furniture
5.214903148381659,182.994,13.527527490269607,0.8944271909999159,0.8,-320.2395,Office Supplies
2.731245758705399,14.352,3.788403357616504,0.4472135954999579,0.2,4.6644,Office Supplies
4.189048497691398,64.96,8.059776671843954,0.0,0.0,2.5984,Office Supplies
4.242764567340374,68.6,8.282511696339462,0.0,0.0,18.522,Office Supplies
8.98731931315946,7999.98,89.44260729652284,0.7071067811865476,0.5,-3839.9904,Technology
5.126579603293727,167.44,12.93986089569745,0.4472135954999579,0.2,14.651,Office Supplies
6.175804898098298,479.97,21.90821763631172,0.0,0.0,163.1898,Technology
2.74855214441154,14.62,3.823610858861032,0.0,0.0,6.8714,Office Supplies
3.017493765335504,19.44,4.409081537009721,0.0,0.0,9.3312,Office Supplies
5.262607283913957,191.984,13.855829098253198,0.4472135954999579,0.2,4.7996,Furniture
4.654055583717902,104.01,10.198529305738155,0.0,0.0,14.5614,Furniture
5.6553622420536485,284.82,16.876611034209446,0.0,0.0,74.0532,Technology
3.633366744183677,36.84,6.069596362197408,0.0,0.0,10.3152,Office Supplies
5.119429906488365,166.24,12.893409169028958,0.0,0.0,24.936,Technology
3.5380565643793527,33.4,5.779273310719955,0.0,0.0,16.032,Office Supplies
5.294670725627839,198.272,14.080909061562751,0.4472135954999579,0.2,17.3488,Office Supplies
3.878673025746592,47.36,6.881860213634101,0.4472135954999579,0.2,17.76,Office Supplies
5.308188486343299,200.984,14.176882591035309,0.4472135954999579,0.2,62.8075,Office Supplies
4.592044418769164,97.696,9.884128691999107,0.4472135954999579,0.2,31.7512,Office Supplies
1.3072511537794378,2.696,1.6419500601419037,0.4472135954999579,0.2,0.8088,Office Supplies
2.974917133840071,18.588,4.311380289420083,0.8366600265340756,0.7,-13.6312,Office Supplies
1.7742741548870355,4.896,2.212690669750293,0.8366600265340756,0.7,-3.4272,Office Supplies
2.7770786275126333,15.072,3.882267378736297,0.4472135954999579,0.2,4.1448,Furniture
5.351289251314142,209.88,14.487235761179564,0.0,0.0,35.6796,Furniture
5.915964837706334,369.912,19.23309647456696,0.4472135954999579,0.2,-13.8717,Furniture
2.4308023907947995,10.368,3.219937887599697,0.4472135954999579,0.2,3.6288,Office Supplies
5.123011144647987,166.84,12.91665591397402,0.4472135954999579,0.2,18.7695,Office Supplies
2.7859984091496988,15.216,3.900769154923167,0.4472135954999579,0.2,2.2824,Technology
4.795459912431223,119.96,10.952625256074452,0.0,0.0,52.7824,Technology
6.7854972454417855,883.92,29.73079211860996,0.4472135954999579,0.2,-110.49,Furniture
3.8653505972297153,46.72,6.835202996254025,0.4472135954999579,0.2,15.768,Office Supplies
4.033886593184986,55.48,7.4484897798144285,0.0,0.0,26.6304,Office Supplies
3.236637154446843,24.448,4.944491884915982,0.4472135954999579,0.2,8.8624,Office Supplies
5.643112018456053,281.34,16.773192898193233,0.0,0.0,109.7226,Office Supplies
5.733276549883904,307.98,17.5493589626516,0.0,0.0,89.3142,Technology
5.707010592007626,299.97,17.31964202863327,0.0,0.0,113.9886,Technology
3.040705639196722,19.92,4.46318272088428,0.4472135954999579,0.2,6.972,Office Supplies
2.392425796993835,9.94,3.152776554086889,0.0,0.0,3.0814,Furniture
4.644929215761439,103.056,10.151650112173884,0.4472135954999579,0.2,24.4758,Furniture
4.107721359263739,59.808,7.733563214974065,0.4472135954999579,0.2,19.4376,Office Supplies
4.308380094505583,73.32,8.562709851443058,0.0,0.0,21.996,Furniture
4.995995317356741,146.82,12.116930304330385,0.0,0.0,73.41,Office Supplies
7.410915599230374,1652.94,40.6563648153644,0.0,0.0,231.4116,Furniture
5.694977154694463,296.37,17.215400082484287,0.0,0.0,80.0199,Office Supplies
4.87458644963298,129.92,11.398245479020003,0.4472135954999579,0.2,21.112,Furniture
3.841257134534819,45.584,6.751592404759044,0.4472135954999579,0.2,5.1282,Office Supplies
2.921439668972136,17.568,4.191419807177516,0.4472135954999579,0.2,6.3684,Office Supplies
4.042910907107252,55.992,7.482780231972605,0.4472135954999579,0.2,5.5992,Technology
5.213412859457593,182.72,13.51739619897264,0.0,0.0,84.0512,Office Supplies
5.994041224621432,400.032,20.00079998400064,0.6324555320336759,0.4,-153.3456,Furniture
3.5447203584143305,33.63,5.799137866959192,0.0,0.0,10.089,Office Supplies
6.298298299741716,542.646,23.294763360034374,0.3162277660168379,0.1,102.4998,Furniture
1.9878743481543453,6.3,2.5099800796022267,0.0,0.0,3.024,Office Supplies
5.496922293415092,242.94,15.586532648411575,0.0,0.0,9.7176,Office Supplies
5.19833127167211,179.97,13.415289784421356,0.0,0.0,86.3856,Technology
4.612106076989204,99.696,9.984788430407528,0.4472135954999579,0.2,33.6474,Office Supplies
3.365086494649797,27.936,5.285451730930857,0.4472135954999579,0.2,9.4284,Office Supplies
4.454114711068136,84.98,9.218459741193213,0.0,0.0,18.6956,Furniture
2.9816333491744893,18.72,4.326661530556787,0.4472135954999579,0.2,6.552,Office Supplies
3.9314333989479695,49.98,7.069653456853454,0.0,0.0,8.4966,Technology
2.548194389023919,11.784,3.432783127434648,0.4472135954999579,0.2,4.2717,Office Supplies
5.612164138270425,272.736,16.51472070608522,0.4472135954999579,0.2,-64.7748,Office Supplies
1.5129270120532563,3.54,1.8814887722226776,0.8944271909999159,0.8,-5.487,Office Supplies
3.9611940494345954,51.52,7.177743377970544,0.4472135954999579,0.2,-10.948,Office Supplies
1.5102803409008818,3.528,1.8782971010998235,0.4472135954999579,0.2,1.1466,Office Supplies
1.7270431545083638,4.624,2.1503488089144978,0.4472135954999579,0.2,1.6762,Office Supplies
4.028347199714948,55.168,7.427516408598502,0.4472135954999579,0.2,6.2064,Office Supplies
6.342332664012927,567.12,23.81428142942801,0.4472135954999579,0.2,-28.356,Furniture
5.886992525511271,359.32,18.955737917580525,0.0,0.0,7.1864,Office Supplies
2.5643337834193223,11.992,3.462946722085109,0.4472135954999579,0.2,0.8994,Technology
4.078384542643371,58.05,7.619055059520177,0.0,0.0,26.703,Office Supplies
5.0672676436627295,157.74,12.559458587057009,0.0,0.0,56.7864,Furniture
4.06009812349351,56.98,7.548509786706248,0.0,0.0,22.792,Office Supplies
1.355835153635182,2.88,1.697056274847714,0.0,0.0,1.4112,Office Supplies
7.090889838533103,1199.976,34.64066973948397,0.4472135954999579,0.2,374.9925,Technology
4.393461012299545,79.92,8.939798655450804,0.0,0.0,28.7712,Furniture
5.95178252756927,383.438,19.58157297052512,0.6708203932499369,0.45,-167.3184,Furniture
3.241028629509334,24.56,4.955804677345546,0.0,0.0,6.8768,Office Supplies
4.794136285500715,119.8,10.945318634009702,0.0,0.0,47.92,Technology
2.648158643861604,13.128,3.623258202226278,0.4472135954999579,0.2,4.2666,Office Supplies
3.1663185741295248,22.72,4.766550115125193,0.0,0.0,10.224,Office Supplies
4.082946517269732,58.32,7.636753236814713,0.0,0.0,27.9936,Office Supplies
2.594508159703081,12.39,3.5199431813596083,0.0,0.0,5.6994,Office Supplies
4.691182730977747,107.982,10.39143878392208,0.6324555320336759,0.4,-26.9955,Technology
2.514465452029545,11.36,3.370459909270543,0.0,0.0,5.3392,Office Supplies
3.9500892062346025,50.94,7.137226352022191,0.0,0.0,25.47,Office Supplies
6.473489381268246,646.74,25.43108334302729,0.0,0.0,258.696,Technology
1.8931119634883424,5.64,2.374868417407584,0.0,0.0,2.7072,Office Supplies
6.351897421174038,572.58,23.928643923131123,0.0,0.0,34.3548,Office Supplies
5.7426184984414,310.88,17.631789472427354,0.4472135954999579,0.2,23.316,Furniture
6.466082513904463,641.96,25.336929569306538,0.0,0.0,179.7488,Furniture
2.9590682891824,18.28,4.27551166528639,0.0,0.0,9.14,Office Supplies
5.337538079701318,207.0,14.38749456993816,0.0,0.0,51.75,Technology
3.507057772361633,32.35,5.68770604022395,0.0,0.0,16.175,Office Supplies
2.1644717908644115,7.71,2.7766886753829643,0.0,0.0,3.4695,Office Supplies
3.720862499966987,40.3,6.348228099241551,0.0,0.0,10.881,Office Supplies
3.571783682237689,34.58,5.880476171195663,0.0,0.0,14.5236,Furniture
3.5192766697277564,32.76,5.7236352085016735,0.4472135954999579,0.2,3.6855,Office Supplies
6.300800473454593,544.008,23.32397907733584,0.4472135954999579,0.2,40.8006,Furniture
4.109889773557563,59.94,7.742092740338364,0.0,0.0,28.1718,Office Supplies
3.2156706939192525,23.92,4.890807704254994,0.0,0.0,11.7208,Office Supplies
1.6639260977181702,4.28,2.06881608655772,0.0,0.0,1.926,Office Supplies
3.4986265269937014,32.07,5.663038053907108,0.8366600265340756,0.7,-22.449,Office Supplies
3.218875824868201,24.0,4.898979485566356,0.4472135954999579,0.2,-2.7,Technology
3.597038250448356,35.49,5.957348403442592,0.7071067811865476,0.5,-15.6156,Furniture
3.891493714175653,47.984,6.9270484334960445,0.4472135954999579,0.2,0.5998,Technology
5.234791665668158,186.69,13.663454907160194,0.0,0.0,87.7443,Office Supplies
2.9153895208714524,17.456,4.178037816966237,0.4472135954999579,0.2,5.8914,Office Supplies
5.857727419035659,348.928,18.679614557051224,0.4472135954999579,0.2,34.8928,Furniture
4.9764578422946695,143.96,11.998333217576516,0.0,0.0,69.1008,Office Supplies
2.7985001040242823,15.42,3.926830783214372,0.0,0.0,4.1634,Office Supplies
3.785098311854479,43.04,6.56048778674269,0.0,0.0,21.0896,Office Supplies
5.810961336120811,332.94,18.246643526961336,0.0,0.0,79.9056,Furniture
7.218880403160385,1363.96,36.93182909090748,0.4472135954999579,0.2,85.2475,Technology
2.394252281519869,9.96,3.1559467676119,0.0,0.0,4.5816,Office Supplies
3.12324559385295,21.72,4.6604720790924175,0.0,0.0,10.6428,Office Supplies
3.052112606990099,20.16,4.48998886412873,0.0,0.0,9.8784,Office Supplies
4.896271406485528,132.79,11.52345434320803,0.0,0.0,63.7392,Office Supplies
2.6361960973342264,12.96,3.6,0.0,0.0,6.2208,Office Supplies
3.1161784266298582,21.56,4.64327470649756,0.0,0.0,10.3488,Office Supplies
5.6522084391101535,283.92,16.849925815860438,0.4472135954999579,0.2,17.745,Furniture
3.145444546782318,22.23,4.7148700936505135,0.0,0.0,7.3359,Furniture
5.379749877228575,215.968,14.69584975426736,0.4472135954999579,0.2,18.8972,Technology
5.875829203509057,355.32,18.84993368688601,0.0,0.0,99.4896,Office Supplies
2.6361960973342264,12.96,3.6,0.0,0.0,6.2208,Office Supplies
2.9590682891824,18.28,4.27551166528639,0.0,0.0,6.2152,Furniture
3.7881816551877994,43.176,6.570844694557922,0.4472135954999579,0.2,4.3176,Office Supplies
7.593358072084547,1983.968,44.54175569058768,0.4472135954999579,0.2,247.996,Technology
3.380994674344636,28.4,5.329165037789691,0.0,0.0,11.076,Furniture
5.017081141579645,149.97,12.24622390780113,0.0,0.0,50.9898,Technology
2.5273273656719524,11.52,3.394112549695428,0.0,0.0,3.2256,Office Supplies
7.169773329678402,1298.55,36.03539926239198,0.0,0.0,311.652,Furniture
5.37026586586062,213.92,14.626004239025775,0.0,0.0,62.0368,Office Supplies
3.287655340263026,25.78,5.0774009099144415,0.0,0.0,2.578,Technology
2.9590682891824,18.28,4.27551166528639,0.0,0.0,6.2152,Furniture
7.244891580777543,1399.93,37.41563844169975,0.0,0.0,601.9699,Technology
3.9672684796541247,51.84,7.2,0.0,0.0,24.8832,Office Supplies
1.8475094843325468,5.344,2.3117093242879823,0.4472135954999579,0.2,1.8704,Office Supplies
3.7488450352813705,41.472,6.439875775199394,0.4472135954999579,0.2,14.5152,Office Supplies
1.4274363044510658,3.168,1.7798876369029593,0.8366600265340756,0.7,-2.4288,Office Supplies
7.1143343943946125,1228.465,35.04946504584628,0.5477225575051661,0.3,0.0,Furniture
3.468419797928884,31.086,5.575482041940409,0.8366600265340756,0.7,-22.7964,Office Supplies
5.818657582682612,335.52,18.317205026968495,0.4472135954999579,0.2,117.432,Office Supplies
5.484672444414411,239.97,15.490965108733542,0.0,0.0,71.991,Technology
2.381396273418336,9.82,3.13368792319848,0.0,0.0,4.8118,Office Supplies
4.231203744939298,67.8,8.23407554009556,0.0,0.0,4.068,Technology
5.129721184372558,167.97,12.960324070022324,0.0,0.0,40.3128,Technology
3.58351893845611,35.0,5.916079783099616,0.0,0.0,16.8,Office Supplies
3.643882088183201,37.24,6.102458520956943,0.0,0.0,10.7996,Office Supplies
2.7899373605743945,15.28,3.9089640571384128,0.0,0.0,7.4872,Office Supplies
5.713600783593539,301.96,17.376996288196644,0.0,0.0,90.588,Furniture
5.202136808074068,180.66,13.440982106974175,0.0,0.0,50.5848,Office Supplies
5.262586556592238,191.98,13.855684753919595,0.0,0.0,51.8346,Technology
4.204543354520176,65.99,8.123422923866515,0.0,0.0,17.1574,Technology
3.5895010101336573,35.216,5.93430703620903,0.4472135954999579,0.2,2.6412,Office Supplies
3.2066412871998584,23.696,4.867853736504416,0.4472135954999579,0.2,6.5164,Office Supplies
5.5852804305752,265.475,16.29340357322558,0.7071067811865476,0.5,-111.4995,Technology
3.954775934493795,51.184,7.154299406650521,0.8944271909999159,0.8,-79.3352,Office Supplies
2.366873582876408,9.664,3.108697476436072,0.4472135954999579,0.2,3.2616,Office Supplies
3.094309836914985,21.072,4.590424816942328,0.4472135954999579,0.2,1.5804,Technology
4.118223836012044,60.45,7.774959806970066,0.0,0.0,16.3215,Office Supplies
2.5273273656719524,11.52,3.394112549695428,0.0,0.0,3.3408,Office Supplies
5.231365268408737,186.048,13.63994134884751,0.4472135954999579,0.2,9.3024,Furniture
3.649098584102092,37.44,6.118823416311342,0.4472135954999579,0.2,11.7,Office Supplies
3.3313469997610747,26.976,5.193842508201418,0.4472135954999579,0.2,8.7672,Office Supplies
2.514465452029545,11.36,3.370459909270543,0.0,0.0,3.2944,Office Supplies
2.74855214441154,14.62,3.823610858861032,0.0,0.0,6.8714,Office Supplies
4.439351701293151,83.72,9.1498633869583,0.0,0.0,23.4416,Technology
5.666219054101235,287.94,16.968794889443387,0.0,0.0,77.7438,Furniture
3.909940839223821,48.896,6.99256748269189,0.4472135954999579,0.2,8.5568,Furniture
4.756688833627001,115.36,10.74057726567804,0.0,0.0,49.6048,Technology
1.8180767775454283,5.16,2.2715633383201093,0.0,0.0,1.3416,Office Supplies
3.6858749450936377,38.88,6.235382907247958,0.0,0.0,18.6624,Office Supplies
5.230466699639862,185.88,13.633781573723413,0.0,0.0,50.1876,Office Supplies
3.816832818424397,44.46,6.667833231267861,0.0,0.0,14.6718,Furniture
5.496922293415092,242.94,15.586532648411575,0.0,0.0,9.7176,Office Supplies
3.712595980731253,39.96,6.321392251711643,0.0,0.0,18.7812,Office Supplies
4.637637376125593,102.3,10.114346246792229,0.0,0.0,26.598,Office Supplies
3.1072736482868986,21.36,4.621688003316537,0.0,0.0,5.7672,Office Supplies
2.152924318439639,7.61,2.7586228448267445,0.0,0.0,3.5767,Office Supplies
2.0992441689760155,7.16,2.6758176320519302,0.0,0.0,3.58,Office Supplies
2.1234584270966104,7.36,2.7129319932501077,0.0,0.0,0.1472,Office Supplies
3.1822118404966093,23.1,4.806245936279167,0.0,0.0,10.626,Office Supplies
5.259950688602846,191.472,13.837340784991891,0.4472135954999579,0.2,40.6878,Technology
1.8322614125373848,5.248,2.2908513701242166,0.4472135954999579,0.2,0.5904,Office Supplies
4.09740653625792,59.184,7.693113803915811,0.4472135954999579,0.2,5.1786,Technology
1.358409157630355,2.89,1.7,0.0,0.0,1.3583,Office Supplies
3.9691591967989552,51.94,7.2069410986909,0.0,0.0,21.2954,Furniture
2.829441533832564,15.936,3.991991983959888,0.4472135954999579,0.2,5.1792,Office Supplies
3.826682958261131,44.91,6.701492371106602,0.8366600265340756,0.7,-35.928,Office Supplies
7.040947864217918,1141.47,33.785647840466225,0.8366600265340756,0.7,-760.98,Office Supplies
5.641133722335764,280.782,16.756550957759774,0.6324555320336759,0.4,-46.797,Technology
3.56784112573688,34.44,5.868560300448483,0.0,0.0,17.22,Office Supplies
2.514465452029545,11.36,3.370459909270543,0.0,0.0,5.2256,Office Supplies
4.676038630820532,106.344,10.312322725749034,0.4472135954999579,0.2,37.2204,Office Supplies
5.263518861005341,192.16,13.862178760930766,0.4472135954999579,0.2,67.256,Office Supplies
5.779477282358271,322.59,17.960790628477355,0.0,0.0,64.518,Furniture
3.433664571799657,29.99,5.476312628037227,0.0,0.0,13.1956,Technology
5.92149798745481,371.97,19.28652379253452,0.0,0.0,66.9546,Technology
1.9303613186656832,5.892,2.427344227751804,0.8366600265340756,0.7,-4.1244,Office Supplies
4.240923793695881,68.472,8.27478096386847,0.4472135954999579,0.2,23.1093,Office Supplies
7.126006884215919,1242.9,35.254786909014214,0.3162277660168379,0.1,262.39,Furniture
3.460723360976182,30.84,5.5533773507659285,0.0,0.0,8.3268,Office Supplies
2.6727683869575705,13.48,3.671511950137164,0.0,0.0,5.9312,Office Supplies
3.478158422798284,31.4,5.60357029044876,0.0,0.0,10.048,Furniture
2.9156062290747062,17.46,4.178516483155236,0.0,0.0,5.9364,Furniture
2.7043098814864868,13.944,3.7341665736814686,0.4472135954999579,0.2,4.5318,Office Supplies
4.4398237334000985,83.76,9.15204895091804,0.0,0.0,1.6752,Office Supplies
3.654805473780185,37.66,6.136774397026503,0.0,0.0,18.4534,Office Supplies
3.5745903077118086,34.68,5.888972745734183,0.0,0.0,16.9932,Office Supplies
5.016948656152848,149.95,12.24540730233176,0.0,0.0,14.995,Technology
3.957225790258975,51.312,7.163239490621544,0.4472135954999579,0.2,18.6006,Office Supplies
1.7119945007591924,4.54,2.130727575266252,0.0,0.0,2.043,Office Supplies
2.828496354178077,15.92,3.989987468652001,0.0,0.0,5.4128,Office Supplies
6.30063899489786,543.92,23.32209253047419,0.0,0.0,135.98,Technology
5.055098650802776,155.82,12.482788150088906,0.0,0.0,42.0714,Office Supplies
4.262792546750183,70.008,8.367078343125513,0.4472135954999579,0.2,24.5028,Office Supplies
2.8122900890913334,15.648,3.955755300824357,0.4472135954999579,0.2,5.0856,Office Supplies
4.650143551630823,103.6,10.178408519999577,0.0,0.0,51.8,Office Supplies
3.8703673301593136,46.96,6.8527366796047255,0.0,0.0,22.5408,Office Supplies
2.29293871594224,8.904,2.9839571042493223,0.8366600265340756,0.7,-6.5296,Office Supplies
2.437115985951652,10.44,3.2310988842807022,0.4472135954999579,0.2,3.393,Office Supplies
2.961968643401182,18.336,4.282055581143244,0.8944271909999159,0.8,-32.088,Office Supplies
5.78375133344913,323.976,17.999333320987198,0.4472135954999579,0.2,20.2485,Technology
3.046425387869509,20.04,4.476605857119878,0.0,0.0,9.6192,Office Supplies
4.189048497691398,64.96,8.059776671843954,0.0,0.0,2.5984,Office Supplies
2.6361960973342264,12.96,3.6,0.0,0.0,6.2208,Office Supplies
5.781163180807067,323.136,17.975983978631046,0.4472135954999579,0.2,12.1176,Furniture
4.521027417875663,90.93,9.535722311393092,0.0,0.0,2.7279,Technology
3.9848272709827497,52.776,7.26470921647935,0.4472135954999579,0.2,19.791,Office Supplies
7.090743280319252,1199.8,34.63812927974027,0.0,0.0,323.946,Technology
7.565161285764313,1928.78,43.91787790866039,0.0,0.0,829.3754,Technology
5.867543965188504,352.38,18.771787341646505,0.0,0.0,81.0474,Office Supplies
3.1441522786722644,22.2,4.711687595755898,0.0,0.0,9.102,Furniture
3.869950229006238,46.94,6.851277253184255,0.0,0.0,19.2454,Furniture
4.974869937649514,143.73,11.98874472161285,0.0,0.0,56.0547,Technology
4.614308305899116,99.918,9.995899159155218,0.5477225575051661,0.3,-18.5562,Furniture
6.683290855700512,797.944,28.247902577005608,0.5477225575051661,0.3,-56.996,Furniture
2.258424197208276,8.568,2.927114620236112,0.8944271909999159,0.8,-14.5656,Office Supplies
5.012979211640709,149.352,12.22096559196531,0.4472135954999579,0.2,50.4063,Office Supplies
2.638485737716301,12.992,3.6044417043420194,0.4472135954999579,0.2,-0.812,Office Supplies
3.241028629509334,24.56,4.955804677345546,0.0,0.0,6.8768,Office Supplies
4.455973879625964,85.14,9.22713389953782,0.0,0.0,34.9074,Technology
3.1350593387750902,21.99,4.689349635077342,0.0,0.0,10.5552,Technology
6.01028630134857,406.6,20.1643249329106,0.0,0.0,113.848,Office Supplies
6.736454371135637,841.568,29.009791450474097,0.4472135954999579,0.2,294.5488,Office Supplies
2.8065069404432417,15.552,3.943602414037196,0.4472135954999579,0.2,5.4432,Office Supplies
5.53338948872752,252.0,15.874507866387544,0.4472135954999579,0.2,53.55,Technology
3.8543938925915096,46.2,6.797058187186572,0.0,0.0,12.936,Office Supplies
3.3958497753355603,28.84,5.370288632839021,0.0,0.0,9.5172,Office Supplies
2.74675796220526,14.592,3.8199476436202633,0.4472135954999579,0.2,2.5536,Office Supplies
4.509275835589345,89.856,9.47924047590312,0.4472135954999579,0.2,21.3408,Office Supplies
2.699480250419143,13.872,3.7245133910351296,0.4472135954999579,0.2,5.0286,Office Supplies
2.579610585257298,12.192,3.491704454847232,0.4472135954999579,0.2,4.1148,Office Supplies
3.829858047373509,45.056,6.71237662828897,0.4472135954999579,0.2,15.2064,Office Supplies
3.4248488019934364,29.718,5.451421832879932,0.8366600265340756,0.7,-21.7932,Office Supplies
2.8065069404432417,15.552,3.943602414037196,0.4472135954999579,0.2,5.4432,Office Supplies
6.106345598299902,447.696,21.15882794485555,0.4472135954999579,0.2,33.5772,Office Supplies
5.081342251254203,159.99,12.64871534978948,0.0,0.0,54.3966,Technology
2.6361960973342264,12.96,3.6,0.0,0.0,6.2208,Office Supplies
4.908824027949571,134.48,11.59655121145938,0.0,0.0,34.9648,Office Supplies
2.8970163006148333,17.12,4.13763217311544,0.0,0.0,8.0464,Office Supplies
1.9595312450072784,6.096,2.4690078979217542,0.4472135954999579,0.2,2.2098,Office Supplies
7.016853600332527,1114.272,33.38071299418273,0.4472135954999579,0.2,41.7852,Furniture
3.5085558999826545,32.4,5.692099788303083,0.0,0.0,15.552,Office Supplies
6.294472328631112,540.57,23.25016128976313,0.0,0.0,140.5482,Office Supplies
5.128477587256138,167.76,12.952219886953742,0.4472135954999579,0.2,62.91,Office Supplies
5.976769603359229,393.165,19.82838873938072,0.7071067811865476,0.5,-204.4458,Furniture
6.248986336464872,516.488,22.726372345801256,0.4472135954999579,0.2,-12.9122,Furniture
6.915953580879015,1007.232,31.736918564977287,0.4472135954999579,0.2,75.5424,Furniture
7.633524526359338,2065.32,45.44579188439784,0.6324555320336759,0.4,-619.596,Furniture
2.8065069404432417,15.552,3.943602414037196,0.4472135954999579,0.2,5.4432,Office Supplies
3.271240545074064,25.344,5.034282471216727,0.4472135954999579,0.2,7.92,Office Supplies
3.276087570619311,25.472,5.046979294588001,0.4472135954999579,0.2,7.6416,Furniture
3.338186581852751,27.168,5.212293161363816,0.4472135954999579,0.2,2.7168,Office Supplies
4.380184939794511,78.8528,8.87990990945291,0.565685424949238,0.32,-11.596,Furniture
5.163642463221435,173.8,13.183322798141598,0.0,0.0,43.45,Office Supplies
3.4207385368689907,29.592,5.439852939188706,0.4472135954999579,0.2,2.5893,Technology
1.7495476204187457,4.752,2.179908254950194,0.8366600265340756,0.7,-3.168,Office Supplies
2.8065069404432417,15.552,3.943602414037196,0.4472135954999579,0.2,5.6376,Office Supplies
5.32593253358101,204.6,14.303845636750978,0.0,0.0,53.196,Furniture
5.776313966722697,321.568,17.9323171954993,0.4472135954999579,0.2,28.1372,Furniture
1.979621206397625,6.24,2.4979991993593598,0.0,0.0,3.0576,Office Supplies
3.130263166511597,21.88,4.6776062254106,0.0,0.0,10.94,Office Supplies
1.7241941497322888,4.608,2.1466252583997982,0.4472135954999579,0.2,1.6704,Office Supplies
2.381396273418336,9.82,3.13368792319848,0.0,0.0,4.8118,Office Supplies
3.61010677294854,35.97,5.99749947894954,0.0,0.0,9.7119,Office Supplies
2.6361960973342264,12.96,3.6,0.0,0.0,6.2208,Office Supplies
5.260615499364025,191.6,13.841965178398622,0.0,0.0,91.968,Office Supplies
2.265921108622454,8.64,2.939387691339814,0.0,0.0,4.2336,Office Supplies
6.220212365142023,501.81,22.40111604362604,0.0,0.0,0.0,Office Supplies
4.852842434020175,127.104,11.274040979169802,0.4472135954999579,0.2,28.5984,Furniture
4.829912458665998,124.2,11.144505372604026,0.6324555320336759,0.4,-31.05,Technology
2.974917133840071,18.588,4.311380289420083,0.8366600265340756,0.7,-13.6312,Office Supplies
3.4363070921089145,30.072,5.483794306864545,0.4472135954999579,0.2,10.1493,Office Supplies
5.08716414308538,160.93,12.685818854137876,0.0,0.0,3.2186,Technology
4.341100468061236,75.792,8.705860095361055,0.4472135954999579,0.2,25.5798,Office Supplies
0.7323678937132266,1.08,1.0392304845413265,0.8366600265340756,0.7,-0.792,Office Supplies
8.026491058496891,3059.982,55.3171040456747,0.3162277660168379,0.1,679.996,Technology
1.4544201901674911,3.282,1.811629101113139,0.8366600265340756,0.7,-2.6256,Office Supplies
3.555919326857706,34.02,5.8326666285670745,0.0,0.0,16.6698,Office Supplies
6.397416203498998,599.292,24.48044117249524,0.3162277660168379,0.1,93.2232,Furniture
1.4797847042072294,3.392,1.841738309315414,0.4472135954999579,0.2,0.8056,Office Supplies
6.3296923846168704,559.984,23.663981068281814,0.4472135954999579,0.2,55.9984,Technology
6.40509621788254,603.92,24.574783824074625,0.4472135954999579,0.2,75.49,Furniture
2.193662685769859,7.968,2.822764602300376,0.4472135954999579,0.2,2.5896,Office Supplies
3.36619177246334,27.968,5.288478041932291,0.4472135954999579,0.2,9.4392,Office Supplies
5.821595139503265,336.51,18.34420889545254,0.6324555320336759,0.4,44.868,Technology
0.7476353658440151,1.112,1.0545141061171257,0.8944271909999159,0.8,-1.8904,Office Supplies
6.2558460064384365,520.05,22.80460479815425,0.0,0.0,72.807,Furniture
2.9428587839469227,17.97,4.2391036788453285,0.0,0.0,5.2113,Office Supplies
7.0629796678917245,1166.92,34.16021077218348,0.4472135954999579,0.2,131.2785,Furniture
2.748808193574378,14.624,3.8241338888694782,0.4472135954999579,0.2,5.484,Office Supplies
2.418588768750352,10.23,3.1984371183438958,0.0,0.0,4.9104,Office Supplies
5.049214776063731,154.9,12.44588285337766,0.0,0.0,69.705,Office Supplies
7.907257845384484,2715.93,52.114585290492336,0.0,0.0,1276.4871,Office Supplies
6.428056806243558,617.97,24.85900239349922,0.0,0.0,173.0316,Technology
2.4570214462984645,10.67,3.266496594212215,0.0,0.0,4.9082,Office Supplies
3.627801604605346,36.63,6.052272300549604,0.0,0.0,9.8901,Office Supplies
3.2228678461377385,24.1,4.909175083453431,0.0,0.0,9.158,Furniture
