Quantity_sqrt,Sales_log,Sales_sqrt,Sales,Profit,Ship Date_year,Quantity
1.4142135623730951,5.572001929355964,16.18517840494815,261.96,41.9136,2016,2
1.7320508075688772,6.597063843147503,27.05438966230804,731.94,219.582,2016,3
1.4142135623730951,2.74855214441154,3.823610858861032,14.62,6.8714,2016,2
2.23606797749979,6.86545041472046,30.944749150704062,957.5775,-383.031,2015,5
1.4142135623730951,3.15136756508544,4.729482001234384,22.368,2.5164,2015,2
2.6457513110645907,3.909219078095412,6.989992846920518,48.86,14.1694,2014,7
2.0,2.1138429683971687,2.6981475126464085,7.28,1.9656,2014,4
2.449489742783178,6.8114117654723865,30.118964125613616,907.152,90.7152,2014,6
1.7320508075688772,2.970619572738916,4.301627598944381,18.504,5.7825,2014,3
2.23606797749979,4.752727750345706,10.719141756689291,114.9,34.47,2014,5
3.0,7.442600508432343,41.30598019657686,1706.184,85.3092,2014,9
2.0,6.816104794316803,30.18979960185228,911.424,68.3568,2014,4
1.7320508075688772,2.8065069404432417,3.943602414037196,15.552,5.4432,2017,3
1.7320508075688772,6.013656474614479,20.19841577946152,407.976,132.5922,2016,3
2.23606797749979,4.24577726598231,8.295179322956196,68.81,-123.858,2015,5
1.7320508075688772,1.2652560327428346,1.594992162990151,2.544,-3.816,2015,3
2.449489742783178,6.502610119684893,25.80465074361597,665.88,13.3176,2014,6
1.4142135623730951,4.034240638152395,7.44983221287567,55.5,9.99,2014,2
1.4142135623730951,2.25758772706331,2.925747767665559,8.56,2.4824,2014,2
1.7320508075688772,5.368216493927704,14.610954794263105,213.48,16.011,2014,3
2.0,3.1663185741295248,4.766550115125193,22.72,7.384,2014,4
2.6457513110645907,3.0184717605234805,4.411349000022556,19.46,5.0596,2016,7
2.6457513110645907,4.116432158686106,7.767882594375381,60.34,15.6884,2016,7
1.4142135623730951,4.28181948425685,8.448195073505346,71.372,-1.0196,2017,2
1.7320508075688772,6.952374853558705,32.32073637774981,1044.63,240.2649,2015,3
1.4142135623730951,2.537499099907171,3.4129166412322465,11.648,4.2224,2016,2
1.7320508075688772,4.517103707119641,9.516827202382103,90.57,11.7741,2016,3
2.6457513110645907,8.034122154276439,55.52864125836324,3083.43,-1665.0522,2015,7
1.4142135623730951,2.36255067416148,3.101290054154884,9.618,-7.0532,2015,2
1.7320508075688772,4.829912458665998,11.144505372604026,124.2,15.525,2015,3
1.4142135623730951,1.4502076868635432,1.8066543665017945,3.264,1.1016,2015,2
2.449489742783178,4.4693962808107885,9.289994617867118,86.304,9.7092,2015,6
2.449489742783178,2.061532121136268,2.6187783411354237,6.858,-5.715,2015,6
1.4142135623730951,2.818995095053937,3.9698866482558417,15.76,3.546,2015,2
1.7320508075688772,3.416808229176303,5.428812024743535,29.472,9.9468,2017,3
2.6457513110645907,7.001740945642436,33.12920162032282,1097.544,123.4737,2016,7
2.23606797749979,5.257078618531439,13.8173803595327,190.92,-147.963,2016,5
3.0,4.739071510179493,10.6455624557841,113.328,35.415,2015,9
1.7320508075688772,6.279270111934266,23.07377732405338,532.3992,-46.9764,2015,3
1.7320508075688772,5.361564429111865,14.562211370530232,212.058,-15.147,2015,3
2.0,5.919345365229957,19.26572085337063,371.168,41.7564,2015,4
2.0,4.998346765120501,12.131281877856107,147.168,16.5564,2017,4
1.4142135623730951,4.36792771029438,8.824964589164082,77.88,3.894,2016,2
1.4142135623730951,4.570744358973074,9.778343417982414,95.616,9.5616,2017,2
1.4142135623730951,3.849721979230767,6.780855403265874,45.98,19.7714,2016,2
1.4142135623730951,2.9156062290747062,4.178516483155236,17.46,8.2062,2016,2
2.0,5.361104354646802,14.558846108122715,211.96,8.4784,2014,4
1.7320508075688772,3.828641396489095,6.708203932499369,45.0,4.95,2016,3
1.4142135623730951,3.126760535960395,4.669047011971501,21.8,6.104,2016,2
2.449489742783178,3.6691868207682,6.182232606429492,38.22,17.9634,2015,6
2.449489742783178,4.333098961050458,8.670640114778147,75.18,35.3346,2015,6
1.4142135623730951,1.9685099809725544,2.4819347291981715,6.16,2.9568,2015,2
1.0,4.5107496103686,9.486305919587457,89.99,17.0981,2015,1
2.6457513110645907,2.7887081041196646,3.906404996924922,15.26,6.2566,2016,7
2.23606797749979,6.938235986235724,32.0928340911176,1029.95,298.6855,2016,5
2.449489742783178,5.345010094540019,14.441606558828555,208.56,52.14,2016,6
2.23606797749979,3.5085558999826545,5.692099788303083,32.4,15.552,2016,5
2.23606797749979,5.769601425693419,17.872045210327776,319.41,7.098,2016,5
1.4142135623730951,2.7447035187502458,3.815756805667783,14.56,6.9888,2016,2
1.4142135623730951,3.4339872044851463,5.477225575051661,30.0,3.3,2016,2
2.0,3.901568547524287,6.962758074211684,48.48,16.362,2016,4
1.0,0.9858167945227652,1.296148139681572,1.68,0.84,2016,1
1.4142135623730951,2.7067159780890733,3.738983819167984,13.98,6.1512,2015,2
2.449489742783178,3.2892970091639278,5.081731988210319,25.824,9.3612,2015,6
1.7320508075688772,4.9953862833335165,12.11321592311472,146.73,68.9631,2015,3
2.0,4.391481793444637,8.930845424706442,79.76,22.3328,2015,4
2.23606797749979,5.36651325386079,14.59845882276619,213.115,-15.2225,2015,5
2.8284271247461903,7.015733964240798,33.36201432767512,1113.024,111.3024,2014,8
2.0,5.129709347881841,12.960246911228197,167.968,62.988,2014,4
1.4142135623730951,4.342245764662037,8.710912696153027,75.88,35.6636,2016,2
1.0,1.72561966672351,2.148487840319325,4.616,1.731,2016,1
1.7320508075688772,2.998229153752578,4.364630568559039,19.05,8.763,2017,3
2.8284271247461903,6.724956808482918,28.84330078198402,831.936,-114.3912,2015,8
1.4142135623730951,4.585375558659912,9.8508882848198,97.04,1.213,2015,2
1.0,4.3011419059334175,8.5313539370958,72.784,-18.196,2015,1
1.7320508075688772,0.8100409320314447,1.1171392035015153,1.248,-1.9344,2017,3
1.7320508075688772,2.370991125658106,3.1157663583779835,9.708,-5.8248,2017,3
1.7320508075688772,3.3407394126250414,5.219195340279955,27.24,2.724,2017,3
2.23606797749979,3.0106208860477417,4.39317652729776,19.3,-14.475,2014,5
1.0,5.34309950931993,14.427751037497147,208.16,56.2032,2016,1
1.7320508075688772,2.8758219768814333,4.091454509095756,16.74,8.0352,2016,3
2.23606797749979,2.766319109226186,3.8600518131237567,14.9,4.172,2014,5
1.0,3.108614430610664,4.624932431938871,21.39,6.2031,2014,1
2.6457513110645907,5.308188486343299,14.176882591035309,200.984,62.8075,2015,7
1.7320508075688772,5.444044092872437,15.17814217880436,230.376,-48.9549,2017,3
1.4142135623730951,5.713600783593539,17.376996288196644,301.96,33.2156,2017,2
1.0,3.0440461338325417,4.471017781221631,19.99,6.7966,2017,1
1.4142135623730951,1.9685099809725544,2.4819347291981715,6.16,2.9568,2017,2
2.6457513110645907,5.071215993379483,12.58443483037677,158.368,13.8572,2016,7
1.7320508075688772,3.0492730404820207,4.483302354291979,20.1,6.633,2016,3
1.4142135623730951,4.311926006994392,8.578111680317528,73.584,8.2782,2016,2
1.0,2.012232791986386,2.545584412271571,6.48,3.1104,2016,1
1.4142135623730951,2.6361960973342264,3.6,12.96,6.2208,2015,2
1.7320508075688772,3.9952606039982017,7.303423854604086,53.34,16.5354,2015,3
1.4142135623730951,3.5251833614431467,5.74108003776293,32.96,16.1504,2015,2
1.0,1.8994173439345647,2.3836946113124475,5.682,-3.788,2017,1
2.6457513110645907,4.580160022983923,9.82496819333274,96.53,40.5426,2017,7
1.7320508075688772,3.957225790258975,7.163239490621544,51.312,17.9592,2017,3
2.449489742783178,4.36792771029438,8.824964589164082,77.88,22.5852,2016,6
2.6457513110645907,4.183941482700448,8.038905398124797,64.624,22.6184,2016,7
1.7320508075688772,4.574463525208929,9.796734149705197,95.976,-10.7973,2016,3
1.7320508075688772,1.0253244928982777,1.3371611720357424,1.788,-3.0396,2016,3
2.0,3.2156706939192525,4.890807704254994,23.92,11.7208,2016,4
2.449489742783178,5.480205496092637,15.45626086736375,238.896,-26.8758,2015,6
1.7320508075688772,4.638218040034292,10.11731189595339,102.36,-3.8385,2015,3
1.7320508075688772,3.6344760652345496,6.073055244273676,36.882,-25.8174,2015,3
2.8284271247461903,4.318980332956246,8.608832673481347,74.112,17.6016,2017,8
1.0,3.367019929860569,5.290746639180523,27.992,2.0994,2017,1
1.0,1.4595448228594834,1.817690842800282,3.304,1.0738,2017,1
2.23606797749979,5.831765168350307,18.438004230393265,339.96,67.992,2015,5
1.4142135623730951,3.760269450200609,6.477653896280659,41.96,10.9096,2017,2
1.4142135623730951,4.343285806357451,8.71550342780037,75.96,22.788,2016,2
2.449489742783178,3.3407394126250414,5.219195340279955,27.24,13.3476,2016,6
3.741657386773941,3.715910793164967,6.332140238497565,40.096,14.5348,2014,14
1.4142135623730951,1.7439688053917064,2.172556098240043,4.72,1.652,2014,2
1.7320508075688772,3.217915363773076,4.89652938314476,23.976,7.4925,2014,3
2.449489742783178,4.8787330498789885,11.422083872919162,130.464,44.0316,2014,6
1.7320508075688772,6.670170452603868,28.062964918197792,787.53,165.3813,2015,3
1.0,5.067607764723911,12.561608177299592,157.794,-115.7156,2015,1
1.7320508075688772,3.872033997211783,6.858571279792899,47.04,18.3456,2016,3
2.0,3.460723360976182,5.5533773507659285,30.84,13.878,2016,4
2.449489742783178,5.427413939882447,15.051910177781425,226.56,63.4368,2016,6
3.0,4.753762590037918,10.724737759031688,115.02,51.759,2016,9
2.6457513110645907,4.234686046775173,8.248636250920512,68.04,19.7316,2016,7
1.7320508075688772,6.399522956368744,24.506284908161824,600.558,-8.5794,2014,3
2.449489742783178,6.427620502536943,24.85357117196641,617.7,-407.682,2014,6
1.4142135623730951,1.220239776789808,1.5453155017665483,2.388,-1.8308,2017,2
2.6457513110645907,5.50122555695038,15.620243275954444,243.992,30.499,2017,7
1.4142135623730951,4.411876656642767,9.023524810183655,81.424,-9.1602,2016,2
1.7320508075688772,5.478803907396261,15.445387661046258,238.56,26.2416,2016,3
2.23606797749979,4.110381939919725,7.744029958619737,59.97,-11.994,2017,5
1.4142135623730951,4.3732885687305965,8.848954740532918,78.304,29.364,2017,2
3.0,3.1115578390595813,4.632062175748508,21.456,6.9732,2017,9
1.7320508075688772,3.046425387869509,4.476605857119878,20.04,9.6192,2016,3
1.0,3.5956670723917576,5.953150426454887,35.44,16.6568,2016,1
2.0,2.5273273656719524,3.394112549695428,11.52,3.456,2016,4
1.4142135623730951,1.6134299337036375,2.004993765576342,4.02,1.9698,2016,2
1.7320508075688772,4.346088527868252,8.727886342064727,76.176,26.6616,2016,3
2.449489742783178,4.202899968776446,8.11664955508121,65.88,18.4464,2016,6
3.741657386773941,3.786913194385302,6.566582063752802,43.12,20.6976,2016,14
1.4142135623730951,4.428433007488037,9.09945053286186,82.8,10.35,2016,2
1.7320508075688772,2.2844211223663744,2.9698484809834995,8.82,2.3814,2017,3
1.7320508075688772,2.4731713935695794,3.295451410656816,10.86,5.1042,2017,3
1.7320508075688772,4.974662633637438,11.987493482792804,143.7,68.976,2017,3
1.7320508075688772,6.733913665620719,28.972918389420144,839.43,218.2518,2017,3
2.6457513110645907,6.511641312348043,25.92161260415717,671.93,20.1579,2015,7
2.0,4.552697248726974,9.689582034329447,93.888,12.9096,2014,4
3.3166247903554,5.954411482905271,19.60739656354204,384.45,103.8015,2016,11
1.7320508075688772,5.017081141579645,12.24622390780113,149.97,5.9988,2016,3
2.8284271247461903,7.577040002277407,44.179633316721855,1951.84,585.552,2016,8
2.23606797749979,5.150687049544013,13.097709723459287,171.55,80.6285,2016,5
2.23606797749979,5.068400930946398,12.566622457924009,157.92,17.766,2016,5
1.4142135623730951,5.3190215481063285,14.254262520383158,203.184,15.2388,2016,2
2.6457513110645907,4.083957469335614,7.640680597957226,58.38,26.271,2015,7
2.0,4.668332760945732,10.272292830717006,105.52,48.5392,2015,4
2.449489742783178,4.405254760793088,8.993330862366847,80.88,21.0288,2015,6
1.7320508075688772,2.032087845296365,2.5748786379167465,6.63,1.7901,2015,3
1.4142135623730951,6.128108590405284,21.390839160724852,457.568,51.4764,2014,2
1.4142135623730951,2.74855214441154,3.823610858861032,14.62,6.8714,2016,2
2.6457513110645907,6.852168570542386,30.739713726708647,944.93,236.2325,2016,7
1.0,1.9430489167742813,2.445403852127497,5.98,2.691,2016,1
1.4142135623730951,4.0142907433757244,7.374550833779641,54.384,1.3596,2015,2
2.23606797749979,3.380994674344636,5.329165037789691,28.4,13.348,2016,5
1.4142135623730951,3.35620001573142,5.261178575186362,27.68,9.688,2016,2
1.7320508075688772,2.3920600994216485,3.1521421287752878,9.936,2.7324,2014,3
2.8284271247461903,9.007116107819794,90.33245264023334,8159.952,-1359.992,2014,8
1.7320508075688772,5.62375754460242,16.611080639139647,275.928,-58.6347,2014,3
3.0,7.462249402126681,41.7140264179808,1740.06,-24.858,2014,9
2.449489742783178,3.498445077209431,5.6625082781396445,32.064,6.8136,2014,6
2.23606797749979,5.187274067754712,13.340914511381891,177.98,-453.849,2014,5
1.7320508075688772,4.976568211479705,11.99899995832986,143.976,8.9985,2014,3
1.7320508075688772,3.088311454847084,4.57602447545902,20.94,9.8418,2014,3
1.4142135623730951,4.718141664647253,10.533755265810951,110.96,53.2608,2014,2
2.6457513110645907,5.83230467553532,18.44299324947011,340.144,21.259,2014,7
1.4142135623730951,3.978709218623176,7.2420991432042685,52.448,-131.12,2014,2
2.0,3.052112606990099,4.48998886412873,20.16,6.552,2014,4
2.0,4.587657734236793,9.862251264290522,97.264,-243.16,2017,4
2.6457513110645907,5.98595439405932,19.919889557926773,396.802,-11.3372,2015,7
2.23606797749979,2.826129489167811,3.984971769034255,15.88,-3.7715,2015,5
1.0,1.4539530095937052,1.8110770276274832,3.28,1.4104,2015,1
1.4142135623730951,3.2509944547496605,4.981566018833837,24.816,1.8612,2014,2
2.6457513110645907,6.015532574441682,20.21741823280114,408.744,76.6395,2014,7
2.0,6.224479218217454,22.449053432160564,503.96,131.0296,2014,4
2.23606797749979,5.016948656152848,12.24540730233176,149.95,41.986,2014,5
1.4142135623730951,3.4011973816621555,5.385164807134504,29.0,7.25,2014,2
1.4142135623730951,2.0992441689760155,2.6758176320519302,7.16,3.4368,2016,2
2.8284271247461903,5.180659323079804,13.29661611087573,176.8,22.984,2014,8
1.7320508075688772,3.643463590583454,6.101147433065357,37.224,3.7224,2016,3
1.7320508075688772,3.0452840523832387,4.47392445175374,20.016,6.255,2016,3
2.0,6.802545863019288,29.98559654234012,899.136,112.392,2015,4
2.449489742783178,4.287166353649922,8.471127433818948,71.76,20.0928,2015,6
2.8284271247461903,3.9672684796541247,7.2,51.84,24.8832,2015,8
1.7320508075688772,6.441507786613698,25.027025392563136,626.352,46.9764,2015,3
2.23606797749979,3.039749158970765,4.460941604639093,19.9,6.567,2015,5
2.6457513110645907,2.7265447837383743,3.778888725538237,14.28,6.7116,2015,7
1.4142135623730951,2.1291836335746503,2.72176413379264,7.408,1.2038,2014,2
1.7320508075688772,1.9527438886338784,2.459268183830304,6.048,1.5876,2014,3
1.7320508075688772,3.8556642717587617,6.80147042925278,46.26,12.0276,2017,3
1.4142135623730951,1.3727024076004235,1.716391563717324,2.946,-2.2586,2017,2
1.7320508075688772,2.836502047983434,4.00699388569536,16.056,5.8203,2017,3
1.7320508075688772,3.1243013743486987,4.663046214654107,21.744,6.795,2017,3
1.4142135623730951,5.392490536565286,14.79019945774904,218.75,-161.875,2014,2
1.0,1.2809338454620642,1.61245154965971,2.6,0.2925,2014,1
1.4142135623730951,4.208922466929536,8.141498633544073,66.284,-178.9668,2017,2
2.6457513110645907,3.588174749992304,5.930261377038958,35.168,9.6712,2017,7
2.0,6.099798637307641,21.089523465455542,444.768,44.4768,2017,4
2.0,4.441709636835055,9.16078599247903,83.92,5.8744,2017,4
1.4142135623730951,4.890198740974308,11.488254871824529,131.98,35.6346,2017,2
2.0,2.828496354178077,3.989987468652001,15.92,7.4824,2017,4
3.0,3.975748696308691,7.23118247591637,52.29,16.2099,2017,9
1.0,4.5324919604901055,9.591141746424144,91.99,3.6796,2017,1
1.4142135623730951,3.0819099697950434,4.560701700396552,20.8,6.5,2015,2
1.4142135623730951,3.205993199037187,4.866210024238575,23.68,8.88,2015,2
2.23606797749979,6.1168850098935765,21.270872102478545,452.45,-244.323,2015,5
1.7320508075688772,4.158601793801473,7.936119958770784,62.982,-14.6958,2015,3
3.0,7.080867896690782,34.46737587922817,1188.0,-950.4,2015,9
1.4142135623730951,4.506277597011739,9.464882460971188,89.584,4.4792,2015,2
2.449489742783178,4.543932876516902,9.646761114488116,93.06,26.0568,2016,6
1.7320508075688772,5.714972960291848,17.388962016175665,302.376,22.6782,2016,3
1.4142135623730951,1.8846424633747687,2.3630488780387084,5.584,1.8148,2015,2
2.449489742783178,3.165643810271264,4.764871456818117,22.704,8.2302,2015,6
2.0,3.033798474360448,4.447021475099935,19.776,-13.8432,2015,4
2.0,4.300057071806631,8.526664060463505,72.704,19.0848,2015,4
2.0,6.175842321769606,21.90862843721624,479.988,-383.9904,2015,4
1.4142135623730951,3.338186581852751,5.212293161363816,27.168,2.7168,2015,2
1.0,1.1631508098056809,1.4832396974191326,2.2,0.968,2015,1
2.23606797749979,6.435268569442595,24.948947873607818,622.45,136.939,2015,5
1.0,3.1346242724206097,4.688283267892417,21.98,0.2198,2015,1
1.4142135623730951,5.091096375777642,12.710940169790746,161.568,-28.2744,2015,2
2.8284271247461903,5.967929763974318,19.740719338463837,389.696,43.8408,2015,8
2.6457513110645907,2.977975551964732,4.318333011707179,18.648,-12.432,2014,7
1.4142135623730951,5.458989591936935,15.292481812969404,233.86,-102.048,2017,2
1.7320508075688772,6.432320125679697,24.912135596933474,620.6145,-248.2458,2017,3
1.4142135623730951,1.8449842304653528,2.308246087400561,5.328,-3.552,2017,2
1.7320508075688772,5.557106015344837,16.064619509966615,258.072,0.0,2017,3
1.7320508075688772,6.428066499719687,24.85912307383348,617.976,-7.7247,2017,3
1.4142135623730951,2.4475508632442318,3.249615361854384,10.56,4.752,2017,2
2.23606797749979,3.2928695047765277,5.091168824543142,25.92,9.396,2016,5
2.23606797749979,6.041872449651828,20.486092843683004,419.68,-356.728,2016,5
1.7320508075688772,2.5406566648924924,3.418771709254656,11.688,-4.6752,2016,3
1.4142135623730951,3.496022595404599,5.655439859109104,31.984,11.1944,2016,2
2.23606797749979,5.183046797003692,13.312588027877975,177.225,-120.513,2016,5
1.7320508075688772,1.618199418102673,2.010969915239907,4.044,-2.8308,2016,3
1.4142135623730951,2.1291836335746503,2.72176413379264,7.408,1.2038,2016,2
2.6457513110645907,7.602331438065773,44.74215014949549,2001.86,580.5394,2014,7
1.4142135623730951,5.122295922302562,12.912009913255178,166.72,41.68,2014,2
2.449489742783178,3.88936831486334,6.919537556802478,47.88,23.94,2014,6
2.23606797749979,7.316049714100461,38.771768079364136,1503.25,496.0725,2014,5
2.0,3.2928695047765277,5.091168824543142,25.92,12.4416,2014,4
1.4142135623730951,5.776313966722697,17.9323171954993,321.568,28.1372,2016,2
1.0,2.152924318439639,2.7586228448267445,7.61,3.5767,2016,1
3.605551275463989,8.116228939242719,57.85646031343431,3347.37,636.0003,2016,13
2.449489742783178,4.401584133889412,8.976636341080104,80.58,22.5624,2016,6
2.0,5.8941824243014285,19.024195120950584,361.92,162.864,2016,4
3.0,2.575051999639346,3.4831020656879983,12.132,-8.4924,2015,9
1.4142135623730951,4.423264542690126,9.075681792570736,82.368,-19.5624,2015,2
2.23606797749979,4.00587758089977,7.343023900274328,53.92,4.044,2015,5
2.449489742783178,6.475284785886132,25.453958434789666,647.904,56.6916,2015,6
1.7320508075688772,3.0619880693310564,4.513313638558703,20.37,6.9258,2017,3
1.7320508075688772,5.405151795461864,14.88455575420375,221.55,6.6465,2017,3
2.23606797749979,2.918851229218033,4.18568990729127,17.52,6.132,2017,5
1.4142135623730951,0.9646998710818426,1.274362585765919,1.624,-4.466,2017,2
1.7320508075688772,8.026491058496891,55.3171040456747,3059.982,-509.997,2014,3
2.6457513110645907,7.832394266993606,50.19918326028821,2519.958,-251.9958,2014,7
2.0,5.796738370155267,18.11695338626227,328.224,28.7196,2016,4
1.4142135623730951,4.393213824064446,8.938679992034618,79.9,35.156,2015,2
1.7320508075688772,2.7091162992842075,3.7437948661752287,14.016,4.7304,2017,3
2.449489742783178,2.1471001901536506,2.749545416973504,7.56,0.3024,2016,6
1.0,3.643044917770137,6.099836063370884,37.208,-7.4416,2017,1
1.7320508075688772,4.070325056377881,7.587885080837743,57.576,21.591,2017,3
2.0,6.588706370780856,26.94141792853524,725.84,210.4936,2018,4
2.6457513110645907,5.351526324879179,14.488961315429068,209.93,92.3692,2015,7
1.7320508075688772,1.8373699804801076,2.297825058615212,5.28,2.3232,2015,3
1.7320508075688772,2.478217661637204,3.304542328371661,10.92,4.095,2015,3
1.4142135623730951,2.2844211223663744,2.9698484809834995,8.82,4.0572,2017,2
1.0,1.9430489167742813,2.445403852127497,5.98,1.5548,2017,1
1.4142135623730951,2.537499099907171,3.4129166412322465,11.648,4.0768,2017,2
2.0,2.953659497132083,4.263332030231752,18.176,5.9072,2017,4
2.449489742783178,4.106141372101612,7.72735401026768,59.712,5.9712,2017,6
1.7320508075688772,3.2519236789144013,4.983974317750845,24.84,8.694,2017,3
2.23606797749979,1.1249295969854831,1.4422205101855958,2.08,-3.432,2015,5
2.6457513110645907,7.016968363955454,33.38263021393012,1114.4,376.11,2015,7
2.23606797749979,6.946822134146038,32.23104093882169,1038.84,51.942,2015,5
2.23606797749979,4.961164898621959,11.906300852909771,141.76,47.844,2015,5
2.23606797749979,5.483966713434666,15.485477067239485,239.8,47.96,2015,5
2.449489742783178,3.468980632964616,5.57709601853868,31.104,10.8864,2015,6
2.6457513110645907,5.541490970275766,15.939196968479935,254.058,-169.372,2016,7
1.4142135623730951,5.27570359167645,13.94732949349086,194.528,24.316,2016,2
2.23606797749979,6.869513286725269,31.00774096899031,961.48,-204.3145,2016,5
2.6457513110645907,3.000520790285788,4.369897023958345,19.096,6.6836,2016,7
2.8284271247461903,2.970209316322905,4.300697617828996,18.496,6.2424,2016,8
1.4142135623730951,5.549013826147846,15.999499992187255,255.984,54.3966,2016,2
1.7320508075688772,4.476995847264583,9.325770745627407,86.97,-48.7032,2016,3
2.8284271247461903,5.708491370383936,17.33251280109148,300.416,78.8592,2014,8
1.7320508075688772,5.443940360225951,15.177351547618576,230.352,20.1558,2014,3
1.7320508075688772,5.390677745418843,14.7767384764027,218.352,-24.5646,2014,3
2.23606797749979,4.377014092850337,8.8656641037206,78.6,-62.88,2014,5
1.7320508075688772,3.351726986187859,5.248999904743759,27.552,9.2988,2014,3
2.23606797749979,3.5085558999826545,5.692099788303083,32.4,15.552,2016,5
2.8284271247461903,6.9879333621073885,32.90106381258819,1082.48,10.8248,2016,8
1.7320508075688772,4.058890081237698,7.543871685016918,56.91,27.3168,2016,3
2.0,4.364371699435161,8.809086218218097,77.6,38.024,2016,4
1.0,2.7265447837383743,3.778888725538237,14.28,6.5688,2016,1
1.7320508075688772,5.39396839734697,14.801182385201528,219.075,-131.445,2017,3
1.4142135623730951,3.3250360206965914,5.176871642217914,26.8,12.864,2015,2
1.7320508075688772,2.3832429960115,3.1368774282716245,9.84,2.8536,2015,3
1.7320508075688772,3.839022112543656,6.743886120034946,45.48,20.9208,2014,3
2.449489742783178,5.670570340450087,17.00588133558505,289.2,83.868,2014,6
1.0,1.7732559976634952,2.211334438749598,4.89,2.0049,2017,1
2.0,2.7810528006519104,3.890501253052105,15.136,3.5948,2016,4
1.4142135623730951,6.147972446508918,21.60481427830381,466.768,52.5114,2016,2
1.0,2.7869846025235137,3.9028194936481495,15.232,1.7136,2016,1
1.7320508075688772,1.982930641298992,2.5027984337537053,6.264,2.0358,2016,3
1.7320508075688772,4.483454427303995,9.356281312572854,87.54,37.6422,2014,3
1.4142135623730951,5.189528759471229,13.356047319472928,178.384,22.298,2014,2
1.7320508075688772,2.8065069404432417,3.943602414037196,15.552,5.4432,2014,3
2.0,4.606529262025722,9.956706282702129,99.136,8.6744,2014,4
1.0,4.919119240815592,11.656843483550768,135.882,24.1568,2014,1
1.4142135623730951,8.292293098285338,63.18211772329256,3991.98,1995.99,2014,2
2.449489742783178,5.623800876226568,16.611441839888553,275.94,80.0226,2014,6
2.0,5.8888779583328805,18.97366596101028,360.0,129.6,2014,4
1.0,3.797060986958464,6.6007575322837,43.57,13.071,2014,1
1.4142135623730951,2.0992441689760155,2.6758176320519302,7.16,3.58,2014,2
2.449489742783178,5.5314904534994245,15.859382081279207,251.52,81.744,2016,6
1.0,4.6150215020384655,9.999499987499377,99.99,34.9965,2016,1
1.0,2.832742645059529,3.998999874968741,15.992,0.9995,2017,1
1.7320508075688772,5.676404426175068,17.05573217425743,290.898,-67.8762,2016,3
1.4142135623730951,4.011397641401175,7.363694724796785,54.224,3.389,2016,2
2.0,6.669173163978736,28.04895719986752,786.744,-258.5016,2016,4
3.1622776601683795,4.617493935676923,10.011992808627062,100.24,33.831,2016,10
2.449489742783178,3.657491980872304,6.145242061953296,37.764,-27.6936,2016,6
1.4142135623730951,4.428433007488037,9.09945053286186,82.8,-20.7,2016,2
1.4142135623730951,3.078417640172599,4.552362024268281,20.724,-13.816,2016,2
1.7320508075688772,1.7742741548870355,2.212690669750293,4.896,-3.4272,2016,3
1.0,1.7495476204187457,2.179908254950194,4.752,1.6038,2015,1
1.4142135623730951,6.867957759508069,30.98360856969375,959.984,335.9944,2015,2
2.0,2.7322874254662555,3.7905144769542822,14.368,4.49,2015,4
1.4142135623730951,2.1647013856306594,2.777048793233565,7.712,2.7956,2014,2
1.7320508075688772,6.550154192019608,26.42635048583137,698.352,-17.4588,2014,3
2.0,1.7850704810772584,2.227105745132009,4.96,2.3312,2015,4
2.0,2.93683116563383,4.225636046798162,17.856,1.116,2014,4
3.1622776601683795,6.236310880065425,22.582515360340174,509.97,-407.976,2014,10
3.605551275463989,3.465485871544517,5.567045895266178,30.992,10.0724,2014,13
3.4641016151377544,4.289472653063274,8.481037672360618,71.928,8.3916,2014,12
2.0,4.497584975308154,9.423375191511797,88.8,-2.22,2015,4
1.7320508075688772,3.8913303822030567,6.9264709629074455,47.976,4.7976,2017,3
1.7320508075688772,2.1471001901536506,2.749545416973504,7.56,3.0996,2017,3
1.4142135623730951,3.241028629509334,4.955804677345546,24.56,11.5432,2017,2
1.4142135623730951,2.6361960973342264,3.6,12.96,4.1472,2017,2
1.0,2.052840859882657,2.6057628441590768,6.79,2.3086,2016,1
1.4142135623730951,3.241028629509334,4.955804677345546,24.56,11.5432,2016,2
1.0,1.3982229319851645,1.7458522274236157,3.048,1.0668,2016,1
2.0,3.9144201300278674,7.008566187174092,49.12,23.0864,2016,4
2.0,8.379348050802257,65.99369666869708,4355.168,1415.4296,2016,4
2.449489742783178,5.965387476597862,19.715577597422804,388.704,-4.8588,2016,6
1.4142135623730951,2.225704048658088,2.874021572639983,8.26,3.7996,2016,2
2.0,2.8925915146344776,4.127953488110059,17.04,6.9864,2016,4
2.23606797749979,3.5667118201397288,5.865151319446072,34.4,15.824,2016,5
2.23606797749979,3.617383452408866,6.019966777316965,36.24,11.325,2016,5
2.8284271247461903,6.475186153181914,25.452701231892853,647.84,168.4384,2017,8
1.4142135623730951,3.077312260546414,4.54972526643093,20.7,9.936,2017,2
1.4142135623730951,3.077312260546414,4.54972526643093,20.7,9.936,2017,2
1.7320508075688772,6.193682681033058,22.10533872167536,488.646,86.8704,2017,3
1.4142135623730951,1.8809906029559973,2.3579652245103198,5.56,1.4456,2017,2
2.8284271247461903,3.873697891106478,6.864400920692205,47.12,20.7328,2017,8
2.0,5.361104354646802,14.558846108122715,211.96,8.4784,2014,4
2.0,3.186352633162641,4.816637831516919,23.2,10.44,2016,4
1.4142135623730951,2.1234584270966104,2.7129319932501077,7.36,0.1472,2016,2
2.6457513110645907,4.661455996998683,10.236698686588367,104.79,29.3412,2016,7
2.0,6.951695606444503,32.30975085016906,1043.92,271.4192,2016,4
2.23606797749979,3.2928695047765277,5.091168824543142,25.92,9.396,2017,5
1.7320508075688772,3.99680523304276,7.309172319763709,53.424,4.6746,2017,3
2.23606797749979,2.214846178686039,2.85657137141714,8.16,-5.712,2014,5
2.8284271247461903,6.932385450598721,31.998999984374517,1023.936,179.1888,2014,8
1.0,2.3263016196113617,3.0397368307141326,9.24,0.924,2014,1
3.1622776601683795,6.17386943376324,21.886982432487123,479.04,-29.94,2014,10
2.0,4.606529262025722,9.956706282702129,99.136,30.98,2016,4
2.6457513110645907,7.306144747018076,38.58009849650465,1488.424,-297.6848,2017,7
1.7320508075688772,2.267165147762785,2.9414282245195102,8.652,-20.3322,2015,3
1.7320508075688772,3.2121331440008083,4.881802945633918,23.832,2.6811,2015,3
2.0,2.5783969928753394,3.489412558010302,12.176,-18.8728,2015,4
2.6457513110645907,3.950474191802399,7.138627319029899,50.96,25.48,2016,7
1.7320508075688772,3.922685953596399,7.038181583335287,49.536,17.3376,2016,3
1.4142135623730951,3.758871825933971,6.473020933072903,41.9,8.799,2015,2
1.7320508075688772,5.930805159062209,19.37672572959632,375.4575,-157.0095,2015,3
1.7320508075688772,4.442368863680043,9.163841989034948,83.976,-1.0497,2015,3
2.0,6.180720339754835,21.962240322881453,482.34,-337.638,2015,4
1.0,1.3762440252663892,1.7204650534085253,2.96,0.777,2015,1
1.0,1.287578388180733,1.619876538505327,2.624,0.4264,2014,1
2.0,3.192942442841696,4.833218389437829,23.36,7.884,2017,4
1.4142135623730951,3.7130841428107537,6.322973983814895,39.98,13.5932,2017,2
1.4142135623730951,5.5109417852720375,15.696623840813666,246.384,27.7182,2014,2
1.7320508075688772,7.496080687624671,42.42605331632911,1799.97,701.9883,2014,3
1.7320508075688772,2.5998709015885213,3.530155803927073,12.462,-20.5623,2014,3
1.7320508075688772,4.341100468061236,8.705860095361055,75.792,25.5798,2017,3
1.4142135623730951,3.931041011263908,7.068238818828917,49.96,9.4924,2017,2
1.4142135623730951,2.6361960973342264,3.6,12.96,6.2208,2017,2
2.0,4.264368591205649,8.37376856618333,70.12,21.036,2015,4
1.7320508075688772,3.609619773128304,5.995998665777036,35.952,3.5952,2016,3
2.0,7.782084033469077,48.951665957350215,2396.2656,-317.1528,2016,4
2.0,4.883831695218789,11.451462788657176,131.136,-32.784,2016,4
1.4142135623730951,4.070461621758769,7.58841221863968,57.584,0.7198,2016,2
1.4142135623730951,2.357830567220024,3.093218388668993,9.568,3.4684,2014,2
2.449489742783178,3.690677836055316,6.250759953797618,39.072,9.768,2014,6
1.7320508075688772,3.608482517041907,5.9924953066314535,35.91,9.6957,2017,3
2.23606797749979,5.198220750009751,13.414544345597433,179.95,37.7895,2017,5
1.7320508075688772,7.090889838533103,34.64066973948397,1199.976,434.9913,2017,3
2.23606797749979,3.3375473545856997,5.2105661880452105,27.15,13.3035,2017,5
2.6457513110645907,6.912766700805054,31.68633774988836,1004.024,-112.9527,2017,7
1.0,2.3683728335320486,3.111269837220809,9.68,4.6464,2017,1
3.0,3.379292546274105,5.324471804789654,28.35,13.608,2017,9
1.0,4.0427003290697625,7.481978348003955,55.98,27.4302,2017,1
3.605551275463989,7.198803429830131,36.56267222181661,1336.829,31.4548,2017,13
1.4142135623730951,4.741168533176402,10.656828796597985,113.568,-18.4548,2017,2
2.6457513110645907,4.947766489317265,11.826242006656214,139.86,65.7342,2017,7
2.0,5.730541243956893,17.525296003206336,307.136,26.8744,2017,4
2.8284271247461903,4.573885895948325,9.793875637356235,95.92,25.8984,2017,8
2.23606797749979,5.952723718791551,19.590814173994914,383.8,38.38,2016,5
1.0,1.913977101952304,2.4041630560342617,5.78,2.8322,2017,1
2.0,2.334083760053417,3.052867504494749,9.32,2.7028,2017,4
1.0,2.7880929087757464,3.905124837953327,15.25,7.015,2017,1
2.449489742783178,5.2870137203766445,14.026831431224943,196.752,56.5662,2014,6
2.0,4.052827882019167,7.520638270785266,56.56,14.7056,2017,4
1.7320508075688772,3.517497837358316,5.718391382198319,32.7,8.502,2017,3
2.0,6.7655002314012656,29.434673431176368,866.4,225.264,2017,4
1.4142135623730951,3.380994674344636,5.329165037789691,28.4,11.076,2017,2
2.8284271247461903,5.666149833182646,16.968205562168322,287.92,138.2016,2017,8
1.0,4.262539022051294,8.366002629691195,69.99,30.0957,2014,1
2.449489742783178,2.037577337581137,2.5830214865540704,6.672,0.5004,2017,6
1.4142135623730951,5.250114030161496,13.76909583088156,189.588,-145.3508,2016,2
2.6457513110645907,6.015532574441682,20.21741823280114,408.744,76.6395,2016,7
2.23606797749979,5.6800360809262,17.08683703907777,291.96,54.7425,2016,5
1.4142135623730951,1.752325399982648,2.1835750502329887,4.768,-0.7748,2016,2
2.23606797749979,6.572702035114338,26.726391451148057,714.3,207.147,2016,5
1.4142135623730951,1.7599247457080365,2.193627133311402,4.812,-3.6892,2014,2
2.23606797749979,5.516649360865024,15.74166446091391,247.8,-18.585,2014,5
1.7320508075688772,6.916694207451195,31.748685012138694,1007.979,43.1991,2016,3
2.6457513110645907,5.750945919609682,17.705592336886106,313.488,113.6394,2016,7
2.8284271247461903,3.4926212315811087,5.645529204600752,31.872,11.5536,2017,8
1.7320508075688772,5.341597138257978,14.416865123874883,207.846,2.3094,2017,3
1.0,2.5817308344235403,3.4957116585897072,12.22,3.666,2016,1
1.7320508075688772,5.277808489916496,13.962091533864116,194.94,23.3928,2016,3
1.7320508075688772,4.2759714333333765,8.423182296495785,70.95,20.5755,2016,3
2.0,4.525693984486295,9.558242516278815,91.36,42.0256,2016,4
1.7320508075688772,5.496922293415092,15.586532648411575,242.94,29.1528,2016,3
2.6457513110645907,3.1376657694426577,4.695742752749559,22.05,10.584,2016,7
1.0,1.3635373739972745,1.705872210923198,2.91,1.3677,2017,1
1.7320508075688772,4.102973888920155,7.7149206087943645,59.52,15.4752,2016,3
1.7320508075688772,5.093382034882496,12.72556482047064,161.94,9.7164,2016,3
2.449489742783178,5.579276893238991,16.24438364481706,263.88,71.2476,2016,6
1.7320508075688772,3.4493524235492026,5.520869496736904,30.48,7.9248,2016,3
1.7320508075688772,2.3832429960115,3.1368774282716245,9.84,2.8536,2016,3
2.0,3.5868467285487844,5.9262129560116215,35.12,9.1312,2016,4
1.4142135623730951,5.653765558333946,16.863095801186684,284.364,-75.8304,2017,2
1.4142135623730951,6.501902095582497,25.7955034841346,665.408,66.5408,2017,2
2.0,4.1725394098071575,7.992496481075234,63.88,24.9132,2016,4
1.4142135623730951,4.871894163848395,11.382794033101012,129.568,-24.294,2014,2
1.7320508075688772,6.6181486891675725,27.341506907996127,747.558,-96.1146,2016,3
1.4142135623730951,2.295359047902306,2.987975903517296,8.928,3.348,2016,2
2.0,4.653198154998673,10.194115949899729,103.92,36.372,2015,4
3.0,6.803405363606889,29.998499962498123,899.91,377.9622,2015,9
1.7320508075688772,3.957225790258975,7.163239490621544,51.312,18.6006,2015,3
2.23606797749979,3.2011191032789417,4.853864439804639,23.56,7.068,2016,5
2.449489742783178,7.149626370089079,35.67394006834681,1272.63,-814.4832,2016,6
2.23606797749979,3.3838816594524674,5.337134062397158,28.485,-20.889,2016,5
1.4142135623730951,5.2277661385970005,13.615285527670729,185.376,-34.758,2016,2
1.4142135623730951,4.372884976756598,8.847146432607522,78.272,5.8704,2016,2
2.6457513110645907,5.5441769441459785,15.960701738958722,254.744,-312.0614,2015,7
1.4142135623730951,5.329490399198929,14.32943823044016,205.3328,-36.2352,2017,2
1.7320508075688772,1.7557868087692374,2.188149903457256,4.788,-7.9002,2016,3
1.0,4.033886593184986,7.4484897798144285,55.48,26.6304,2015,1
1.7320508075688772,5.8345767915708375,18.464019064114943,340.92,3.4092,2014,3
1.4142135623730951,5.410153867673198,14.921997185363626,222.666,10.4784,2014,2
2.0,6.558152411711186,26.53239529330136,703.968,87.996,2014,4
2.449489742783178,4.538175317163813,9.618731725128836,92.52,24.9804,2014,6
2.6457513110645907,4.153399325003416,7.915175298121956,62.65,28.819,2014,7
2.23606797749979,4.562784469491653,9.73909646733207,94.85,45.528,2014,5
2.449489742783178,4.572233685741827,9.785703858180057,95.76,7.182,2016,6
1.7320508075688772,3.7184382563554808,6.340346993658944,40.2,19.296,2016,3
2.23606797749979,2.7536607123542622,3.8340579025361623,14.7,6.615,2016,5
2.23606797749979,6.558552349882105,26.5377090194312,704.25,84.51,2016,5
1.7320508075688772,2.3115448343655176,3.014962686336267,9.09,1.9089,2014,3
1.4142135623730951,1.9401794743463283,2.4413111231467406,5.96,1.6688,2014,2
1.4142135623730951,5.081280133665588,12.648320046551635,159.98,57.5928,2014,2
1.4142135623730951,3.4210000089583352,5.440588203494177,29.6,14.8,2017,2
2.23606797749979,6.244487237699863,22.67520672452624,514.165,-30.245,2017,5
2.23606797749979,5.638212310446752,16.73200525938239,279.96,17.4975,2017,5
2.449489742783178,7.914600171437134,52.30632848900791,2735.952,341.994,2014,6
1.0,2.196335293151336,2.827012557453539,7.992,0.5994,2014,1
1.4142135623730951,4.174141085748653,7.998999937492186,63.984,10.3974,2014,2
1.4142135623730951,4.267849589611482,8.388563643437415,70.368,6.1572,2014,2
2.23606797749979,6.109580860554486,21.193159273690178,449.15,8.983,2014,5
1.7320508075688772,2.4907230351094403,3.327160951922825,11.07,5.0922,2014,3
1.4142135623730951,4.553666343120976,9.69432823871773,93.98,13.1572,2016,2
1.7320508075688772,5.251655436081806,13.779767777433698,189.882,-94.941,2016,3
1.4142135623730951,4.667393529168224,10.267424214475604,105.42,51.6558,2015,2
2.8284271247461903,4.792611945476617,10.936909984085998,119.616,40.3704,2016,8
2.0,5.548141796443577,15.992498241363045,255.76,81.8432,2016,4
1.4142135623730951,5.491282083440471,15.542457978067691,241.568,18.1176,2016,2
3.0,4.252771798816619,8.324662155306964,69.3,22.869,2016,9
1.4142135623730951,3.1620938107692163,4.756048780237646,22.62,-15.08,2016,2
1.4142135623730951,2.7695842132194826,3.8667816074870327,14.952,-11.9616,2016,2
1.4142135623730951,6.687816586616838,28.311976264471543,801.568,50.098,2016,2
1.7320508075688772,1.2166915767337108,1.5414279094398151,2.376,-1.9008,2016,3
1.0,3.5202240880837965,5.7264299524223645,32.792,11.8871,2016,1
2.23606797749979,2.828496354178077,3.989987468652001,15.92,5.373,2017,5
1.0,1.3190856114264409,1.6552945357246849,2.74,0.7398,2015,1
1.7320508075688772,2.234306252240751,2.8879058156387303,8.34,2.1684,2015,3
1.7320508075688772,3.865769620910684,6.836665854054885,46.74,11.685,2015,3
2.23606797749979,8.757146661042908,79.71794026440975,6354.95,3177.475,2015,5
1.7320508075688772,4.846546505563361,11.23832727766904,126.3,40.416,2017,3
1.4142135623730951,3.664586761544892,6.16765757804371,38.04,12.1728,2017,2
1.7320508075688772,2.098263295920424,2.6743223440714847,7.152,0.7152,2016,3
1.7320508075688772,2.032087845296365,2.5748786379167465,6.63,1.7901,2017,3
1.4142135623730951,1.928618651945252,2.4248711305964283,5.88,1.7052,2017,2
2.23606797749979,8.006684184188607,54.77179931315019,2999.95,1379.977,2017,5
1.7320508075688772,3.959860334842306,7.172865536171719,51.45,13.8915,2017,3
1.4142135623730951,2.561867690924129,3.4583232931581165,11.96,5.382,2017,2
1.7320508075688772,7.0273322601112405,33.556221479779275,1126.02,56.301,2017,3
1.0,2.964860609886904,4.288589511715944,18.392,5.2877,2015,1
1.4142135623730951,4.871894163848395,11.382794033101012,129.568,-25.9136,2015,2
3.0,2.715489130199209,3.756594202199647,14.112,-21.168,2015,9
1.4142135623730951,5.356491930599109,14.525150601628884,210.98,21.098,2017,2
1.7320508075688772,4.028489619426076,7.428054927099018,55.176,-12.4146,2016,3
1.4142135623730951,4.208565706312124,8.140024569987489,66.26,27.1666,2016,2
2.23606797749979,3.1441522786722644,4.711687595755898,22.2,10.434,2016,5
1.7320508075688772,6.529348762814298,26.15247598220865,683.952,42.747,2017,3
1.7320508075688772,3.8436585079014898,6.759881655768835,45.696,5.1408,2017,3
1.7320508075688772,3.6199580086475134,6.027934969788576,36.336,-7.2672,2015,3
1.0,6.503161790902847,25.81178025630933,666.248,-149.9058,2015,1
2.449489742783178,3.979905927816107,7.246516404452556,52.512,19.692,2015,6
1.0,5.25603597429143,13.810141201305656,190.72,11.92,2015,1
1.7320508075688772,3.890595058014525,6.923871749245504,47.94,2.397,2017,3
2.23606797749979,6.888521489866838,31.304153079104378,979.95,274.386,2016,5
2.23606797749979,3.1675825304806504,4.769696007084728,22.75,11.375,2016,5
1.4142135623730951,2.8773990865921264,4.0948748454623125,16.768,1.4672,2016,2
2.6457513110645907,3.7754240555141214,6.528093136590501,42.616,-68.1856,2017,7
2.0,2.464023438871576,3.279024245107072,10.752,3.36,2015,4
1.7320508075688772,5.036562916106171,12.366891282775958,152.94,41.2938,2015,3
2.0,5.6522084391101535,16.849925815860438,283.92,70.98,2015,4
2.449489742783178,6.15251990610877,21.654098919142307,468.9,206.316,2014,6
2.8284271247461903,5.945064524273665,19.515737239469072,380.864,38.0864,2016,8
3.0,6.473544957579167,25.431791128428213,646.776,-145.5246,2015,9
1.4142135623730951,4.079433949486346,7.623122719725822,58.112,7.264,2014,2
1.0,4.622931515566734,10.039521900967197,100.792,6.2995,2014,1
2.0,4.206362865543993,8.130928606254024,66.112,-84.2928,2014,4
2.449489742783178,3.7443141610020367,6.424951361683604,41.28,13.932,2017,6
1.4142135623730951,2.664446563620078,3.655133376499413,13.36,6.4128,2017,2
3.0,5.526536017728995,15.819987357769916,250.272,15.642,2015,9
1.7320508075688772,2.51478902426987,3.3710532478737267,11.364,-17.046,2015,3
2.23606797749979,2.274185618472348,2.95296461204668,8.72,-1.744,2015,5
1.4142135623730951,7.02337419684616,33.48981934857218,1121.568,0.0,2016,2
1.0,3.569645366190238,5.8740105549786,34.504,6.0382,2017,1
1.7320508075688772,2.470131364205846,3.2899848023965097,10.824,2.5707,2017,3
1.4142135623730951,7.167639547723882,35.99694431476094,1295.78,310.9872,2017,2
2.0,3.0182762379888857,4.410895600668871,19.456,3.4048,2014,4
1.4142135623730951,3.077312260546414,4.54972526643093,20.7,9.936,2016,2
2.0,7.197944206645099,36.54695609760135,1335.68,-217.048,2016,4
2.23606797749979,3.5085558999826545,5.692099788303083,32.4,15.552,2016,5
1.7320508075688772,3.775057150354989,6.526867548832288,42.6,16.614,2017,3
2.6457513110645907,4.44330986309078,9.16820593136956,84.056,27.3182,2017,7
2.23606797749979,2.6390573296152584,3.605551275463989,13.0,1.3,2014,5
1.7320508075688772,2.648158643861604,3.623258202226278,13.128,3.7743,2014,3
1.4142135623730951,1.601405740736836,1.98997487421324,3.96,0.0,2015,2
1.0,1.2837077723447896,1.6155494421403511,2.61,1.2006,2015,1
1.7320508075688772,5.92792819030261,19.34879841230457,374.376,46.797,2017,3
2.8284271247461903,4.530877581406236,9.58331884056875,91.84,45.0016,2017,8
2.6457513110645907,4.407791842559908,9.004887561763333,81.088,27.3672,2017,7
1.7320508075688772,3.017493765335504,4.409081537009721,19.44,9.3312,2017,3
1.7320508075688772,6.1140184064875545,21.240338980345864,451.152,0.0,2017,3
2.6457513110645907,4.296604902619887,8.511756575466665,72.45,34.776,2018,7
2.0,2.7053799725463312,3.736308338453881,13.96,6.4216,2018,4
2.6457513110645907,3.53409524031307,5.767495123535,33.264,11.2266,2018,7
1.7320508075688772,2.763169500323289,3.8535697735995385,14.85,4.0095,2018,3
1.7320508075688772,2.2844211223663744,2.9698484809834995,8.82,2.3814,2016,3
3.741657386773941,5.08586644477257,12.677539193392382,160.72,78.7528,2015,14
2.0,3.040705639196722,4.46318272088428,19.92,9.7608,2015,4
1.4142135623730951,2.1162555148025524,2.701851217221259,7.3,2.19,2015,2
1.4142135623730951,4.258615289758647,8.349371233811562,69.712,8.714,2017,2
1.0,2.2815657257699704,2.965130688519479,8.792,-5.7148,2017,1
2.0,3.9611940494345954,7.177743377970544,51.52,1.5456,2015,4
1.7320508075688772,6.155656077029466,21.688153448369,470.376,52.9173,2017,3
1.4142135623730951,4.668933406657911,10.275407534497113,105.584,9.2386,2017,2
1.7320508075688772,3.4704746571469,5.58139767441812,31.152,3.5046,2017,3
2.6457513110645907,2.051941867977251,2.6044193210771573,6.783,-4.7481,2017,7
2.0,6.009716953825067,20.15857137795236,406.368,30.4776,2017,4
1.0,4.276388302650885,8.424962907930219,70.98,4.9686,2015,1
1.7320508075688772,5.690122939870236,17.173526137634052,294.93,144.5157,2015,3
1.4142135623730951,4.451832508917844,9.207822761109163,84.784,-20.1362,2016,2
2.0,3.0789698721240466,4.553679830642467,20.736,7.2576,2016,4
1.7320508075688772,2.880377537190962,4.10134124403225,16.821,-12.8961,2016,3
1.4142135623730951,2.4308023907947995,3.219937887599697,10.368,3.6288,2016,2
1.4142135623730951,2.3364066414695563,3.056795707926848,9.344,1.168,2014,2
1.7320508075688772,3.471966452550362,5.585696017507576,31.2,9.75,2014,3
1.4142135623730951,4.34536265030229,8.724677644474895,76.12,22.0748,2014,2
1.7320508075688772,7.090889838533103,34.64066973948397,1199.976,434.9913,2014,3
2.23606797749979,6.1024691051508935,21.117765033260504,445.96,55.745,2014,5
2.8284271247461903,5.795328001280299,18.10414317221337,327.76,91.7728,2014,8
1.4142135623730951,2.536233276953341,3.410571799566753,11.632,1.0178,2016,2
1.7320508075688772,4.976609596783789,11.999249976561035,143.982,-28.7964,2016,3
2.0,6.205317070181284,22.23456768187769,494.376,-115.3544,2016,4
1.4142135623730951,1.922787731634459,2.4166091947189146,5.84,0.73,2016,2
1.0,4.968256532887749,11.948891161944694,142.776,17.847,2014,1
1.7320508075688772,3.8436585079014898,6.759881655768835,45.696,5.1408,2014,3
1.7320508075688772,2.106326870461218,2.6866335812685733,7.218,-5.5338,2014,3
2.0,3.7884532590100286,6.571757755730197,43.188,-31.6712,2014,4
1.7320508075688772,4.889627063084178,11.484946669445184,131.904,47.8152,2014,3
1.4142135623730951,1.4544201901674911,1.811629101113139,3.282,-2.6256,2014,2
3.0,3.098649807560677,4.600869483043395,21.168,2.3814,2014,9
1.4142135623730951,4.028703210968663,7.428862631654996,55.188,-10.1178,2014,2
1.7320508075688772,5.915058551905356,19.224359547199487,369.576,41.5773,2016,3
2.0,2.8161270242542646,3.963836525387999,15.712,5.6956,2016,4
1.4142135623730951,2.245803078895061,2.906544339933592,8.448,2.64,2016,2
3.0,6.592970558803589,26.9989999814808,728.946,-157.9383,2016,9
3.1622776601683795,4.795294554845067,10.951712194903587,119.94,15.992,2017,10
1.4142135623730951,1.53643701954961,1.909973821810132,3.648,-2.7968,2017,2
1.4142135623730951,3.7252113833613274,6.362389488234746,40.48,15.7872,2017,2
1.4142135623730951,2.392425796993835,3.152776554086889,9.94,3.0814,2017,2
3.0,4.6860494667137145,10.364554983210809,107.424,33.57,2017,9
1.0,3.661251286996462,6.157109711544857,37.91,10.9939,2017,1
1.7320508075688772,4.488861063587708,9.381897462667132,88.02,27.2862,2017,3
2.23606797749979,2.271094425902674,2.947880594596735,8.69,-14.773,2014,5
1.4142135623730951,5.713600783593539,17.376996288196644,301.96,87.5684,2015,2
2.23606797749979,6.321145920782435,23.56289455903073,555.21,178.901,2015,5
2.0,6.262407295555465,22.87968531252124,523.48,130.87,2015,4
3.0,5.092645296145832,12.720849028268514,161.82,46.9278,2015,9
2.6457513110645907,3.598954746585949,5.96322060635023,35.56,12.0904,2017,7
1.4142135623730951,4.586598800402656,9.856977224281286,97.16,28.1764,2017,2
2.23606797749979,2.787477334733532,3.903844259188627,15.24,5.1435,2017,5
1.7320508075688772,2.655352412101761,3.6373066958946425,13.23,6.0858,2017,3
1.7320508075688772,5.498740758705973,15.60076921180491,243.384,-51.7191,2016,3
2.23606797749979,4.794136285500715,10.945318634009702,119.8,29.95,2016,5
2.0,5.709658510228355,17.3426641551983,300.768,30.0768,2016,4
1.7320508075688772,2.9381031607173544,4.228474902373195,17.88,2.4585,2017,3
1.7320508075688772,5.467823826295147,15.36046874284766,235.944,85.5297,2017,3
1.7320508075688772,5.976198613437549,19.822714244018147,392.94,43.2234,2015,3
1.7320508075688772,2.9898147997899533,4.3453423340399775,18.882,-13.8468,2016,3
1.7320508075688772,4.814847472791901,11.060198913220322,122.328,12.2328,2016,3
2.23606797749979,6.956735901203759,32.391356871857035,1049.2,272.792,2016,5
2.0,2.7987436797166323,3.9273400667627447,15.424,5.0128,2016,4
1.7320508075688772,2.987700101856727,4.340506882842141,18.84,6.0288,2016,3
1.4142135623730951,5.803326104992462,18.17690842800282,330.4,85.904,2017,2
2.6457513110645907,3.305053521109253,5.123475382979799,26.25,12.6,2017,7
2.0,4.89425127935358,11.511733144926527,132.52,54.3332,2017,4
1.0,2.012232791986386,2.545584412271571,6.48,3.1752,2017,1
1.4142135623730951,5.348535082708654,14.467204291085409,209.3,56.511,2018,2
2.23606797749979,3.4830845411343394,5.617828762075256,31.56,9.8625,2016,5
1.4142135623730951,3.4386216103081546,5.4903551797675165,30.144,3.0144,2016,2
2.0,2.760009940032921,3.847076812334269,14.8,6.068,2016,4
1.7320508075688772,5.714972960291848,17.388962016175665,302.376,22.6782,2016,3
2.0,5.75890177387728,17.776388834631177,316.0,31.6,2016,4
3.1622776601683795,5.941223330671235,19.47819293466414,379.4,178.318,2016,10
1.4142135623730951,4.593300013417604,9.890399385262455,97.82,45.9754,2017,2
2.8284271247461903,4.645544080126364,10.154801819828885,103.12,10.312,2017,8
1.4142135623730951,4.741028868371705,10.656078077792037,113.552,8.5164,2016,2
1.4142135623730951,1.4627923320926155,1.821537811850196,3.318,-2.6544,2016,2
1.4142135623730951,4.907405839447383,11.588269931271018,134.288,45.3222,2016,2
1.4142135623730951,6.554463178200603,26.48342878103211,701.372,-50.098,2016,2
1.4142135623730951,1.196343777161445,1.5192103211866357,2.308,-3.462,2016,2
2.6457513110645907,6.9081871856970025,31.613794457483277,999.432,124.929,2015,7
3.741657386773941,6.586281993594718,26.90873464137621,724.08,-135.765,2015,14
2.23606797749979,6.824139947079828,30.311466477226077,918.785,-118.1295,2015,5
1.7320508075688772,1.3147983594148207,1.6504544828622207,2.724,-4.2222,2015,3
2.23606797749979,6.133289577244604,21.44644492684044,459.95,18.398,2016,5
1.7320508075688772,2.4630018143999504,3.277193921634788,10.74,5.2626,2016,3
1.7320508075688772,3.209229447816396,4.874423042781577,23.76,2.079,2017,3
1.7320508075688772,4.454998247129704,9.222580983650944,85.056,28.7064,2017,3
1.7320508075688772,5.946927326340246,19.533970410543784,381.576,28.6182,2017,3
2.23606797749979,3.445533195482207,5.509990925582365,30.36,8.7285,2014,5
1.7320508075688772,3.217915363773076,4.89652938314476,23.976,-14.3856,2017,3
1.0,4.699798315066873,10.436714042264452,108.925,-71.8905,2017,1
2.8284271247461903,3.620386457668636,6.029261978053367,36.352,11.36,2017,8
2.23606797749979,3.0233474405869645,4.422668877499196,19.56,1.7115,2017,5
1.7320508075688772,4.134206095647231,7.83836717690617,61.44,16.5888,2017,3
2.23606797749979,3.686376323895818,6.23698645180507,38.9,17.505,2017,5
1.7320508075688772,4.609062600703435,9.969453345093704,99.39,40.7499,2017,3
1.7320508075688772,1.3050843056943475,1.6395121225535358,2.688,-7.392,2017,3
1.7320508075688772,3.3609307884336004,5.274087598817449,27.816,4.5201,2017,3
1.7320508075688772,4.425134015707815,9.08427212274049,82.524,-41.262,2017,3
1.7320508075688772,5.214903148381659,13.527527490269607,182.994,-320.2395,2017,3
1.7320508075688772,2.731245758705399,3.788403357616504,14.352,4.6644,2016,3
1.4142135623730951,4.189048497691398,8.059776671843954,64.96,2.5984,2016,2
2.0,4.242764567340374,8.282511696339462,68.6,18.522,2016,4
2.0,8.98731931315946,89.44260729652284,7999.98,-3839.9904,2017,4
1.4142135623730951,5.126579603293727,12.93986089569745,167.44,14.651,2017,2
1.7320508075688772,6.175804898098298,21.90821763631172,479.97,163.1898,2014,3
1.4142135623730951,2.74855214441154,3.823610858861032,14.62,6.8714,2014,2
1.7320508075688772,3.017493765335504,4.409081537009721,19.44,9.3312,2014,3
1.4142135623730951,5.262607283913957,13.855829098253198,191.984,4.7996,2017,2
1.0,4.654055583717902,10.198529305738155,104.01,14.5614,2014,1
1.0,5.6553622420536485,16.876611034209446,284.82,74.0532,2014,1
1.7320508075688772,3.633366744183677,6.069596362197408,36.84,10.3152,2014,3
1.0,5.119429906488365,12.893409169028958,166.24,24.936,2015,1
2.23606797749979,3.5380565643793527,5.779273310719955,33.4,16.032,2015,5
2.8284271247461903,5.294670725627839,14.080909061562751,198.272,17.3488,2015,8
2.0,3.878673025746592,6.881860213634101,47.36,17.76,2015,4
2.6457513110645907,5.308188486343299,14.176882591035309,200.984,62.8075,2015,7
2.0,4.592044418769164,9.884128691999107,97.696,31.7512,2015,4
1.0,1.3072511537794378,1.6419500601419037,2.696,0.8088,2015,1
1.4142135623730951,2.974917133840071,4.311380289420083,18.588,-13.6312,2015,2
1.7320508075688772,1.7742741548870355,2.212690669750293,4.896,-3.4272,2015,3
1.7320508075688772,2.7770786275126333,3.882267378736297,15.072,4.1448,2017,3
1.7320508075688772,5.351289251314142,14.487235761179564,209.88,35.6796,2016,3
1.7320508075688772,5.915964837706334,19.23309647456696,369.912,-13.8717,2015,3
1.4142135623730951,2.4308023907947995,3.219937887599697,10.368,3.6288,2014,2
2.23606797749979,5.123011144647987,12.91665591397402,166.84,18.7695,2014,5
1.0,2.7859984091496988,3.900769154923167,15.216,2.2824,2014,1
2.0,4.795459912431223,10.952625256074452,119.96,52.7824,2014,4
2.23606797749979,6.7854972454417855,29.73079211860996,883.92,-110.49,2014,5
2.8284271247461903,3.8653505972297153,6.835202996254025,46.72,15.768,2014,8
1.0,4.033886593184986,7.4484897798144285,55.48,26.6304,2014,1
2.0,3.236637154446843,4.944491884915982,24.448,8.8624,2017,4
2.449489742783178,5.643112018456053,16.773192898193233,281.34,109.7226,2017,6
1.4142135623730951,5.733276549883904,17.5493589626516,307.98,89.3142,2017,2
1.7320508075688772,5.707010592007626,17.31964202863327,299.97,113.9886,2017,3
2.23606797749979,3.040705639196722,4.46318272088428,19.92,6.972,2014,5
1.4142135623730951,2.392425796993835,3.152776554086889,9.94,3.0814,2014,2
1.7320508075688772,4.644929215761439,10.151650112173884,103.056,24.4758,2017,3
1.7320508075688772,4.107721359263739,7.733563214974065,59.808,19.4376,2014,3
2.449489742783178,4.308380094505583,8.562709851443058,73.32,21.996,2014,6
1.7320508075688772,4.995995317356741,12.116930304330385,146.82,73.41,2016,3
1.7320508075688772,7.410915599230374,40.6563648153644,1652.94,231.4116,2016,3
1.7320508075688772,5.694977154694463,17.215400082484287,296.37,80.0199,2016,3
2.23606797749979,4.87458644963298,11.398245479020003,129.92,21.112,2014,5
2.6457513110645907,3.841257134534819,6.751592404759044,45.584,5.1282,2016,7
1.4142135623730951,2.921439668972136,4.191419807177516,17.568,6.3684,2017,2
1.0,4.042910907107252,7.482780231972605,55.992,5.5992,2017,1
2.8284271247461903,5.213412859457593,13.51739619897264,182.72,84.0512,2016,8
1.4142135623730951,5.994041224621432,20.00079998400064,400.032,-153.3456,2016,2
1.7320508075688772,3.5447203584143305,5.799137866959192,33.63,10.089,2016,3
1.7320508075688772,6.298298299741716,23.294763360034374,542.646,102.4998,2016,3
1.4142135623730951,1.9878743481543453,2.5099800796022267,6.3,3.024,2016,2
1.7320508075688772,5.496922293415092,15.586532648411575,242.94,9.7176,2017,3
1.7320508075688772,5.19833127167211,13.415289784421356,179.97,86.3856,2017,3
2.449489742783178,4.612106076989204,9.984788430407528,99.696,33.6474,2017,6
2.0,3.365086494649797,5.285451730930857,27.936,9.4284,2017,4
1.0,4.454114711068136,9.218459741193213,84.98,18.6956,2017,1
2.23606797749979,2.9816333491744893,4.326661530556787,18.72,6.552,2017,5
1.4142135623730951,3.9314333989479695,7.069653456853454,49.98,8.4966,2014,2
1.7320508075688772,2.548194389023919,3.432783127434648,11.784,4.2717,2014,3
1.7320508075688772,5.612164138270425,16.51472070608522,272.736,-64.7748,2014,3
1.4142135623730951,1.5129270120532563,1.8814887722226776,3.54,-5.487,2014,2
2.23606797749979,3.9611940494345954,7.177743377970544,51.52,-10.948,2016,5
1.0,1.5102803409008818,1.8782971010998235,3.528,1.1466,2016,1
1.0,1.7270431545083638,2.1503488089144978,4.624,1.6762,2016,1
2.0,4.028347199714948,7.427516408598502,55.168,6.2064,2016,4
3.1622776601683795,6.342332664012927,23.81428142942801,567.12,-28.356,2014,10
2.0,5.886992525511271,18.955737917580525,359.32,7.1864,2014,4
1.0,2.5643337834193223,3.462946722085109,11.992,0.8994,2016,1
1.7320508075688772,4.078384542643371,7.619055059520177,58.05,26.703,2017,3
3.3166247903554,5.0672676436627295,12.559458587057009,157.74,56.7864,2017,11
2.6457513110645907,4.06009812349351,7.548509786706248,56.98,22.792,2017,7
1.0,1.355835153635182,1.697056274847714,2.88,1.4112,2017,1
1.7320508075688772,7.090889838533103,34.64066973948397,1199.976,374.9925,2016,3
2.0,4.393461012299545,8.939798655450804,79.92,28.7712,2015,4
2.0,5.95178252756927,19.58157297052512,383.438,-167.3184,2016,4
1.4142135623730951,3.241028629509334,4.955804677345546,24.56,6.8768,2015,2
2.0,4.794136285500715,10.945318634009702,119.8,47.92,2015,4
1.7320508075688772,2.648158643861604,3.623258202226278,13.128,4.2666,2017,3
2.0,3.1663185741295248,4.766550115125193,22.72,10.224,2017,4
3.0,4.082946517269732,7.636753236814713,58.32,27.9936,2015,9
1.7320508075688772,2.594508159703081,3.5199431813596083,12.39,5.6994,2017,3
1.7320508075688772,4.691182730977747,10.39143878392208,107.982,-26.9955,2015,3
1.4142135623730951,2.514465452029545,3.370459909270543,11.36,5.3392,2014,2
1.7320508075688772,3.9500892062346025,7.137226352022191,50.94,25.47,2014,3
2.449489742783178,6.473489381268246,25.43108334302729,646.74,258.696,2014,6
1.7320508075688772,1.8931119634883424,2.374868417407584,5.64,2.7072,2014,3
2.449489742783178,6.351897421174038,23.928643923131123,572.58,34.3548,2014,6
1.4142135623730951,5.7426184984414,17.631789472427354,310.88,23.316,2014,2
1.4142135623730951,6.466082513904463,25.336929569306538,641.96,179.7488,2016,2
1.4142135623730951,2.9590682891824,4.27551166528639,18.28,9.14,2017,2
1.7320508075688772,5.337538079701318,14.38749456993816,207.0,51.75,2017,3
2.23606797749979,3.507057772361633,5.68770604022395,32.35,16.175,2017,5
1.0,2.1644717908644115,2.7766886753829643,7.71,3.4695,2017,1
1.4142135623730951,3.720862499966987,6.348228099241551,40.3,10.881,2017,2
2.6457513110645907,3.571783682237689,5.880476171195663,34.58,14.5236,2017,7
2.6457513110645907,3.5192766697277564,5.7236352085016735,32.76,3.6855,2014,7
1.7320508075688772,6.300800473454593,23.32397907733584,544.008,40.8006,2015,3
1.7320508075688772,4.109889773557563,7.742092740338364,59.94,28.1718,2015,3
2.0,3.2156706939192525,4.890807704254994,23.92,11.7208,2015,4
1.0,1.6639260977181702,2.06881608655772,4.28,1.926,2015,1
2.23606797749979,3.4986265269937014,5.663038053907108,32.07,-22.449,2015,5
1.4142135623730951,3.218875824868201,4.898979485566356,24.0,-2.7,2015,2
1.0,3.597038250448356,5.957348403442592,35.49,-15.6156,2015,1
1.4142135623730951,3.891493714175653,6.9270484334960445,47.984,0.5998,2015,2
1.7320508075688772,5.234791665668158,13.663454907160194,186.69,87.7443,2015,3
1.4142135623730951,2.9153895208714524,4.178037816966237,17.456,5.8914,2017,2
1.4142135623730951,5.857727419035659,18.679614557051224,348.928,34.8928,2015,2
2.0,4.9764578422946695,11.998333217576516,143.96,69.1008,2015,4
1.0,2.7985001040242823,3.926830783214372,15.42,4.1634,2015,1
2.8284271247461903,3.785098311854479,6.56048778674269,43.04,21.0896,2015,8
1.7320508075688772,5.810961336120811,18.246643526961336,332.94,79.9056,2015,3
2.23606797749979,7.218880403160385,36.93182909090748,1363.96,85.2475,2016,5
1.4142135623730951,2.394252281519869,3.1559467676119,9.96,4.5816,2014,2
2.0,3.12324559385295,4.6604720790924175,21.72,10.6428,2014,4
2.6457513110645907,3.052112606990099,4.48998886412873,20.16,9.8784,2017,7
2.6457513110645907,4.896271406485528,11.52345434320803,132.79,63.7392,2015,7
1.4142135623730951,2.6361960973342264,3.6,12.96,6.2208,2015,2
2.6457513110645907,3.1161784266298582,4.64327470649756,21.56,10.3488,2015,7
2.23606797749979,5.6522084391101535,16.849925815860438,283.92,17.745,2015,5
1.0,3.145444546782318,4.7148700936505135,22.23,7.3359,2017,1
1.4142135623730951,5.379749877228575,14.69584975426736,215.968,18.8972,2017,2
3.0,5.875829203509057,18.84993368688601,355.32,99.4896,2016,9
1.4142135623730951,2.6361960973342264,3.6,12.96,6.2208,2016,2
1.4142135623730951,2.9590682891824,4.27551166528639,18.28,6.2152,2017,2
1.7320508075688772,3.7881816551877994,6.570844694557922,43.176,4.3176,2014,3
2.0,7.593358072084547,44.54175569058768,1983.968,247.996,2014,4
1.4142135623730951,3.380994674344636,5.329165037789691,28.4,11.076,2015,2
1.7320508075688772,5.017081141579645,12.24622390780113,149.97,50.9898,2015,3
2.0,2.5273273656719524,3.394112549695428,11.52,3.2256,2014,4
2.23606797749979,7.169773329678402,36.03539926239198,1298.55,311.652,2014,5
2.0,5.37026586586062,14.626004239025775,213.92,62.0368,2014,4
1.4142135623730951,3.287655340263026,5.0774009099144415,25.78,2.578,2014,2
1.4142135623730951,2.9590682891824,4.27551166528639,18.28,6.2152,2017,2
2.6457513110645907,7.244891580777543,37.41563844169975,1399.93,601.9699,2017,7
2.8284271247461903,3.9672684796541247,7.2,51.84,24.8832,2015,8
1.0,1.8475094843325468,2.3117093242879823,5.344,1.8704,2016,1
2.8284271247461903,3.7488450352813705,6.439875775199394,41.472,14.5152,2014,8
1.7320508075688772,1.4274363044510658,1.7798876369029593,3.168,-2.4288,2014,3
2.23606797749979,7.1143343943946125,35.04946504584628,1228.465,0.0,2014,5
1.7320508075688772,3.468419797928884,5.575482041940409,31.086,-22.7964,2014,3
2.0,5.818657582682612,18.317205026968495,335.52,117.432,2014,4
1.7320508075688772,5.484672444414411,15.490965108733542,239.97,71.991,2017,3
1.4142135623730951,2.381396273418336,3.13368792319848,9.82,4.8118,2017,2
2.0,4.231203744939298,8.23407554009556,67.8,4.068,2014,4
1.7320508075688772,5.129721184372558,12.960324070022324,167.97,40.3128,2014,3
2.6457513110645907,3.58351893845611,5.916079783099616,35.0,16.8,2017,7
2.0,3.643882088183201,6.102458520956943,37.24,10.7996,2017,4
1.4142135623730951,2.7899373605743945,3.9089640571384128,15.28,7.4872,2017,2
1.4142135623730951,5.713600783593539,17.376996288196644,301.96,90.588,2017,2
1.7320508075688772,5.202136808074068,13.440982106974175,180.66,50.5848,2017,3
1.4142135623730951,5.262586556592238,13.855684753919595,191.98,51.8346,2017,2
1.0,4.204543354520176,8.123422923866515,65.99,17.1574,2017,1
1.4142135623730951,3.5895010101336573,5.93430703620903,35.216,2.6412,2016,2
1.4142135623730951,3.2066412871998584,4.867853736504416,23.696,6.5164,2016,2
1.0,5.5852804305752,16.29340357322558,265.475,-111.4995,2016,1
2.0,3.954775934493795,7.154299406650521,51.184,-79.3352,2014,4
1.4142135623730951,2.366873582876408,3.108697476436072,9.664,3.2616,2017,2
1.7320508075688772,3.094309836914985,4.590424816942328,21.072,1.5804,2016,3
1.7320508075688772,4.118223836012044,7.774959806970066,60.45,16.3215,2015,3
2.0,2.5273273656719524,3.394112549695428,11.52,3.3408,2015,4
2.0,5.231365268408737,13.63994134884751,186.048,9.3024,2015,4
2.0,3.649098584102092,6.118823416311342,37.44,11.7,2016,4
2.0,3.3313469997610747,5.193842508201418,26.976,8.7672,2016,4
1.4142135623730951,2.514465452029545,3.370459909270543,11.36,3.2944,2016,2
1.4142135623730951,2.74855214441154,3.823610858861032,14.62,6.8714,2016,2
2.6457513110645907,4.439351701293151,9.1498633869583,83.72,23.4416,2015,7
1.7320508075688772,5.666219054101235,16.968794889443387,287.94,77.7438,2015,3
2.0,3.909940839223821,6.99256748269189,48.896,8.5568,2017,4
2.6457513110645907,4.756688833627001,10.74057726567804,115.36,49.6048,2014,7
1.4142135623730951,1.8180767775454283,2.2715633383201093,5.16,1.3416,2016,2
2.449489742783178,3.6858749450936377,6.235382907247958,38.88,18.6624,2016,6
2.449489742783178,5.230466699639862,13.633781573723413,185.88,50.1876,2016,6
1.4142135623730951,3.816832818424397,6.667833231267861,44.46,14.6718,2016,2
1.7320508075688772,5.496922293415092,15.586532648411575,242.94,9.7176,2016,3
1.4142135623730951,3.712595980731253,6.321392251711643,39.96,18.7812,2014,2
3.1622776601683795,4.637637376125593,10.114346246792229,102.3,26.598,2014,10
1.4142135623730951,3.1072736482868986,4.621688003316537,21.36,5.7672,2014,2
1.0,2.152924318439639,2.7586228448267445,7.61,3.5767,2017,1
1.4142135623730951,2.0992441689760155,2.6758176320519302,7.16,3.58,2017,2
1.4142135623730951,2.1234584270966104,2.7129319932501077,7.36,0.1472,2014,2
1.4142135623730951,3.1822118404966093,4.806245936279167,23.1,10.626,2014,2
2.449489742783178,5.259950688602846,13.837340784991891,191.472,40.6878,2016,6
1.4142135623730951,1.8322614125373848,2.2908513701242166,5.248,0.5904,2016,2
1.4142135623730951,4.09740653625792,7.693113803915811,59.184,5.1786,2016,2
1.0,1.358409157630355,1.7,2.89,1.3583,2014,1
1.0,3.9691591967989552,7.2069410986909,51.94,21.2954,2014,1
2.0,2.829441533832564,3.991991983959888,15.936,5.1792,2016,4
2.449489742783178,3.826682958261131,6.701492371106602,44.91,-35.928,2014,6
2.23606797749979,7.040947864217918,33.785647840466225,1141.47,-760.98,2016,5
1.7320508075688772,5.641133722335764,16.756550957759774,280.782,-46.797,2016,3
1.7320508075688772,3.56784112573688,5.868560300448483,34.44,17.22,2015,3
1.4142135623730951,2.514465452029545,3.370459909270543,11.36,5.2256,2014,2
2.6457513110645907,4.676038630820532,10.312322725749034,106.344,37.2204,2014,7
2.23606797749979,5.263518861005341,13.862178760930766,192.16,67.256,2017,5
1.7320508075688772,5.779477282358271,17.960790628477355,322.59,64.518,2016,3
1.0,3.433664571799657,5.476312628037227,29.99,13.1956,2016,1
1.7320508075688772,5.92149798745481,19.28652379253452,371.97,66.9546,2016,3
2.0,1.9303613186656832,2.427344227751804,5.892,-4.1244,2014,4
1.7320508075688772,4.240923793695881,8.27478096386847,68.472,23.1093,2017,3
2.23606797749979,7.126006884215919,35.254786909014214,1242.9,262.39,2017,5
1.4142135623730951,3.460723360976182,5.5533773507659285,30.84,8.3268,2015,2
2.0,2.6727683869575705,3.671511950137164,13.48,5.9312,2017,4
2.23606797749979,3.478158422798284,5.60357029044876,31.4,10.048,2016,5
1.4142135623730951,2.9156062290747062,4.178516483155236,17.46,5.9364,2014,2
1.7320508075688772,2.7043098814864868,3.7341665736814686,13.944,4.5318,2015,3
3.4641016151377544,4.4398237334000985,9.15204895091804,83.76,1.6752,2017,12
2.6457513110645907,3.654805473780185,6.136774397026503,37.66,18.4534,2017,7
2.449489742783178,3.5745903077118086,5.888972745734183,34.68,16.9932,2014,6
2.23606797749979,5.016948656152848,12.24540730233176,149.95,14.995,2017,5
1.7320508075688772,3.957225790258975,7.163239490621544,51.312,18.6006,2017,3
1.0,1.7119945007591924,2.130727575266252,4.54,2.043,2017,1
2.0,2.828496354178077,3.989987468652001,15.92,5.4128,2017,4
2.8284271247461903,6.30063899489786,23.32209253047419,543.92,135.98,2017,8
2.6457513110645907,5.055098650802776,12.482788150088906,155.82,42.0714,2016,7
1.7320508075688772,4.262792546750183,8.367078343125513,70.008,24.5028,2016,3
1.4142135623730951,2.8122900890913334,3.955755300824357,15.648,5.0856,2016,2
2.6457513110645907,4.650143551630823,10.178408519999577,103.6,51.8,2014,7
2.8284271247461903,3.8703673301593136,6.8527366796047255,46.96,22.5408,2017,8
1.4142135623730951,2.29293871594224,2.9839571042493223,8.904,-6.5296,2016,2
2.23606797749979,2.437115985951652,3.2310988842807022,10.44,3.393,2017,5
2.0,2.961968643401182,4.282055581143244,18.336,-32.088,2017,4
1.7320508075688772,5.78375133344913,17.999333320987198,323.976,20.2485,2017,3
1.7320508075688772,3.046425387869509,4.476605857119878,20.04,9.6192,2016,3
1.4142135623730951,4.189048497691398,8.059776671843954,64.96,2.5984,2016,2
1.4142135623730951,2.6361960973342264,3.6,12.96,6.2208,2016,2
2.0,5.781163180807067,17.975983978631046,323.136,12.1176,2018,4
2.6457513110645907,4.521027417875663,9.535722311393092,90.93,2.7279,2018,7
1.7320508075688772,3.9848272709827497,7.26470921647935,52.776,19.791,2018,3
2.0,7.090743280319252,34.63812927974027,1199.8,323.946,2017,4
2.6457513110645907,7.565161285764313,43.91787790866039,1928.78,829.3754,2017,7
1.4142135623730951,5.867543965188504,18.771787341646505,352.38,81.0474,2017,2
2.449489742783178,3.1441522786722644,4.711687595755898,22.2,9.102,2015,6
1.0,3.869950229006238,6.851277253184255,46.94,19.2454,2017,1
3.0,4.974869937649514,11.98874472161285,143.73,56.0547,2017,9
1.4142135623730951,4.614308305899116,9.995899159155218,99.918,-18.5562,2014,2
2.0,6.683290855700512,28.247902577005608,797.944,-56.996,2014,4
1.7320508075688772,2.258424197208276,2.927114620236112,8.568,-14.5656,2014,3
1.7320508075688772,5.012979211640709,12.22096559196531,149.352,50.4063,2016,3
1.0,2.638485737716301,3.6044417043420194,12.992,-0.812,2016,1
1.4142135623730951,3.241028629509334,4.955804677345546,24.56,6.8768,2014,2
1.7320508075688772,4.455973879625964,9.22713389953782,85.14,34.9074,2015,3
1.0,3.1350593387750902,4.689349635077342,21.99,10.5552,2015,1
2.23606797749979,6.01028630134857,20.1643249329106,406.6,113.848,2015,5
1.4142135623730951,6.736454371135637,29.009791450474097,841.568,294.5488,2016,2
1.7320508075688772,2.8065069404432417,3.943602414037196,15.552,5.4432,2014,3
2.23606797749979,5.53338948872752,15.874507866387544,252.0,53.55,2014,5
2.0,3.8543938925915096,6.797058187186572,46.2,12.936,2015,4
1.4142135623730951,3.3958497753355603,5.370288632839021,28.84,9.5172,2015,2
1.7320508075688772,2.74675796220526,3.8199476436202633,14.592,2.5536,2017,3
1.7320508075688772,4.509275835589345,9.47924047590312,89.856,21.3408,2017,3
1.7320508075688772,2.699480250419143,3.7245133910351296,13.872,5.0286,2017,3
1.7320508075688772,2.579610585257298,3.491704454847232,12.192,4.1148,2017,3
2.8284271247461903,3.829858047373509,6.71237662828897,45.056,15.2064,2016,8
2.449489742783178,3.4248488019934364,5.451421832879932,29.718,-21.7932,2016,6
1.7320508075688772,2.8065069404432417,3.943602414037196,15.552,5.4432,2016,3
1.4142135623730951,6.106345598299902,21.15882794485555,447.696,33.5772,2016,2
1.0,5.081342251254203,12.64871534978948,159.99,54.3966,2017,1
1.4142135623730951,2.6361960973342264,3.6,12.96,6.2208,2015,2
2.0,4.908824027949571,11.59655121145938,134.48,34.9648,2015,4
1.4142135623730951,2.8970163006148333,4.13763217311544,17.12,8.0464,2016,2
1.4142135623730951,1.9595312450072784,2.4690078979217542,6.096,2.2098,2016,2
2.0,7.016853600332527,33.38071299418273,1114.272,41.7852,2016,4
2.23606797749979,3.5085558999826545,5.692099788303083,32.4,15.552,2015,5
1.7320508075688772,6.294472328631112,23.25016128976313,540.57,140.5482,2015,3
2.23606797749979,5.128477587256138,12.952219886953742,167.76,62.91,2015,5
1.7320508075688772,5.976769603359229,19.82838873938072,393.165,-204.4458,2015,3
2.6457513110645907,6.248986336464872,22.726372345801256,516.488,-12.9122,2017,7
2.449489742783178,6.915953580879015,31.736918564977287,1007.232,75.5424,2017,6
3.4641016151377544,7.633524526359338,45.44579188439784,2065.32,-619.596,2017,12
1.7320508075688772,2.8065069404432417,3.943602414037196,15.552,5.4432,2017,3
2.449489742783178,3.271240545074064,5.034282471216727,25.344,7.92,2017,6
2.0,3.276087570619311,5.046979294588001,25.472,7.6416,2017,4
1.4142135623730951,3.338186581852751,5.212293161363816,27.168,2.7168,2018,2
1.4142135623730951,4.380184939794511,8.87990990945291,78.8528,-11.596,2018,2
2.23606797749979,5.163642463221435,13.183322798141598,173.8,43.45,2017,5
1.0,3.4207385368689907,5.439852939188706,29.592,2.5893,2017,1
1.4142135623730951,1.7495476204187457,2.179908254950194,4.752,-3.168,2017,2
1.7320508075688772,2.8065069404432417,3.943602414037196,15.552,5.6376,2017,3
1.4142135623730951,5.32593253358101,14.303845636750978,204.6,53.196,2015,2
1.4142135623730951,5.776313966722697,17.9323171954993,321.568,28.1372,2017,2
1.4142135623730951,1.979621206397625,2.4979991993593598,6.24,3.0576,2015,2
1.4142135623730951,3.130263166511597,4.6776062254106,21.88,10.94,2016,2
1.4142135623730951,1.7241941497322888,2.1466252583997982,4.608,1.6704,2014,2
1.4142135623730951,2.381396273418336,3.13368792319848,9.82,4.8118,2017,2
1.7320508075688772,3.61010677294854,5.99749947894954,35.97,9.7119,2017,3
1.4142135623730951,2.6361960973342264,3.6,12.96,6.2208,2017,2
2.0,5.260615499364025,13.841965178398622,191.6,91.968,2017,4
1.7320508075688772,2.265921108622454,2.939387691339814,8.64,4.2336,2017,3
1.7320508075688772,6.220212365142023,22.40111604362604,501.81,0.0,2017,3
2.449489742783178,4.852842434020175,11.274040979169802,127.104,28.5984,2014,6
1.7320508075688772,4.829912458665998,11.144505372604026,124.2,-31.05,2014,3
1.4142135623730951,2.974917133840071,4.311380289420083,18.588,-13.6312,2014,2
1.7320508075688772,3.4363070921089145,5.483794306864545,30.072,10.1493,2014,3
2.6457513110645907,5.08716414308538,12.685818854137876,160.93,3.2186,2017,7
1.7320508075688772,4.341100468061236,8.705860095361055,75.792,25.5798,2017,3
1.4142135623730951,0.7323678937132266,1.0392304845413265,1.08,-0.792,2017,2
1.4142135623730951,8.026491058496891,55.3171040456747,3059.982,679.996,2017,2
1.4142135623730951,1.4544201901674911,1.811629101113139,3.282,-2.6256,2016,2
1.7320508075688772,3.555919326857706,5.8326666285670745,34.02,16.6698,2015,3
2.449489742783178,6.397416203498998,24.48044117249524,599.292,93.2232,2016,6
1.0,1.4797847042072294,1.841738309315414,3.392,0.8056,2014,1
1.4142135623730951,6.3296923846168704,23.663981068281814,559.984,55.9984,2014,2
2.23606797749979,6.40509621788254,24.574783824074625,603.92,75.49,2014,5
1.4142135623730951,2.193662685769859,2.822764602300376,7.968,2.5896,2017,2
2.0,3.36619177246334,5.288478041932291,27.968,9.4392,2017,4
1.7320508075688772,5.821595139503265,18.34420889545254,336.51,44.868,2017,3
1.4142135623730951,0.7476353658440151,1.0545141061171257,1.112,-1.8904,2015,2
2.23606797749979,6.2558460064384365,22.80460479815425,520.05,72.807,2017,5
1.7320508075688772,2.9428587839469227,4.2391036788453285,17.97,5.2113,2017,3
2.23606797749979,7.0629796678917245,34.16021077218348,1166.92,131.2785,2015,5
1.4142135623730951,2.748808193574378,3.8241338888694782,14.624,5.484,2016,2
1.7320508075688772,2.418588768750352,3.1984371183438958,10.23,4.9104,2016,3
2.23606797749979,5.049214776063731,12.44588285337766,154.9,69.705,2016,5
2.6457513110645907,7.907257845384484,52.114585290492336,2715.93,1276.4871,2014,7
1.7320508075688772,6.428056806243558,24.85900239349922,617.97,173.0316,2014,3
1.0,2.4570214462984645,3.266496594212215,10.67,4.9082,2015,1
1.7320508075688772,3.627801604605346,6.052272300549604,36.63,9.8901,2015,3
2.23606797749979,3.2228678461377385,4.909175083453431,24.1,9.158,2015,5
